battery_type,nominal_capacity_kwh,charge_cycles,fast_charge_ratio,avg_operating_temp_c,avg_dod_pct,internal_resistance_mohm,ambient_temp_c,avg_speed_kmh,driving_style,hvac_level,elevation_gain_m,payload_kg,tire_pressure_psi,energy_consumption_kwh_per_100km,soh_pct,real_world_range_km,battery_health_status
NMC,45.0,1153,0.238,30.8,84.5,37.92,35.4,88.0,Aggressive,1,866.0,240.2,35.6,26.59,78.06,132.5,Degradation Warning
LFP,45.0,413,0.246,30.9,89.8,23.87,18.3,65.5,Moderate,2,203.1,94.9,35.5,15.25,92.21,269.0,Healthy
LFP,64.0,1006,0.543,29.2,68.1,39.97,4.2,102.1,Moderate,0,175.6,232.0,35.5,24.21,84.0,223.6,Normal Wear
NMC,82.0,27,0.305,21.9,56.8,20.1,18.2,57.3,Moderate,1,450.9,238.1,30.5,18.66,95.59,416.7,Healthy
NMC,82.0,347,0.592,32.5,68.1,25.94,3.9,62.3,Aggressive,0,1102.3,174.9,33.7,28.1,88.45,264.1,Healthy
NMC,64.0,309,0.808,26.3,88.3,26.98,-0.4,76.6,Aggressive,2,81.3,198.7,31.1,29.25,89.17,192.9,Healthy
NMC,75.0,530,0.561,28.4,78.0,31.18,4.7,59.6,Eco,1,430.6,409.7,33.4,20.45,85.96,314.9,Normal Wear
LFP,45.0,931,0.651,27.6,87.2,36.37,22.7,51.0,Moderate,1,967.6,156.5,34.6,18.43,83.1,195.2,Normal Wear
NMC,45.0,380,0.651,36.4,58.1,26.98,16.8,60.5,Eco,1,413.1,306.8,35.2,15.69,86.91,247.4,Normal Wear
LFP,64.0,735,0.315,19.8,79.2,33.78,-1.4,115.8,Eco,2,66.1,301.4,34.2,28.94,88.85,194.9,Healthy
NMC,64.0,238,0.062,24.9,75.9,21.14,37.2,59.3,Eco,1,759.1,217.8,34.3,18.09,92.98,332.4,Healthy
LFP,75.0,425,0.094,30.2,71.4,23.74,15.9,114.9,Aggressive,1,1149.5,396.3,34.3,36.0,91.43,187.9,Healthy
LFP,100.0,772,0.276,27.1,69.1,32.53,31.3,45.5,Eco,2,695.6,339.3,31.9,18.69,88.91,476.5,Healthy
NMC,82.0,942,0.602,24.1,70.3,39.68,7.2,92.2,Moderate,2,977.3,77.4,33.4,25.57,79.62,260.3,Degradation Warning
NMC,58.0,851,0.775,15.5,86.7,36.85,39.8,99.5,Moderate,0,17.0,240.0,36.9,21.79,79.62,213.7,Degradation Warning
NMC,100.0,813,0.817,25.3,90.4,35.05,29.1,36.1,Moderate,1,792.6,109.9,38.2,18.76,78.69,417.7,Degradation Warning
NMC,82.0,1263,0.071,29.2,46.2,41.42,13.6,79.4,Eco,1,181.2,170.4,34.8,15.99,81.39,422.0,Normal Wear
NMC,45.0,614,0.842,30.3,71.3,31.25,36.9,26.3,Moderate,1,838.3,153.5,36.2,19.81,81.18,176.8,Normal Wear
NMC,100.0,126,0.308,26.0,90.5,18.49,27.3,117.8,Eco,1,684.1,334.4,34.1,25.47,94.04,371.1,Healthy
NMC,64.0,600,0.724,28.1,47.4,30.79,12.4,77.4,Aggressive,0,266.0,157.2,33.5,21.88,84.09,250.1,Normal Wear
NMC,75.0,628,0.194,20.1,62.7,28.7,40.7,28.7,Eco,1,702.0,417.5,33.4,20.13,86.67,319.4,Normal Wear
NMC,82.0,1329,0.1,29.3,44.9,41.17,5.5,93.3,Eco,2,811.4,114.9,40.0,22.74,80.63,282.3,Normal Wear
NMC,75.0,27,0.353,27.1,46.2,18.15,3.3,113.6,Moderate,0,1082.6,214.1,32.6,31.21,96.78,229.0,Healthy
NMC,82.0,825,0.737,28.0,89.7,35.51,36.5,98.8,Eco,1,1066.6,241.3,36.5,22.65,80.54,290.9,Normal Wear
NMC,100.0,208,0.227,25.7,64.5,21.5,26.8,38.4,Moderate,2,1123.7,221.5,32.0,21.0,91.1,430.7,Healthy
LFP,45.0,100,0.173,28.3,77.9,18.09,8.0,79.0,Moderate,0,1009.4,102.7,40.0,20.62,95.53,210.0,Healthy
NMC,58.0,127,0.778,30.8,47.6,22.02,2.1,98.3,Eco,2,649.0,149.0,37.4,24.21,94.39,222.6,Healthy
NMC,75.0,1364,0.801,28.5,41.2,46.95,-0.7,105.1,Moderate,0,1019.0,252.3,35.5,29.36,71.88,182.9,Replacement Required
NMC,75.0,705,0.06,16.1,89.0,31.21,6.3,26.6,Moderate,0,866.7,349.9,39.2,22.53,87.25,293.4,Normal Wear
NMC,58.0,365,0.632,28.7,71.6,27.15,-3.5,53.4,Moderate,1,885.5,310.9,35.6,26.02,89.09,199.2,Healthy
NMC,75.0,347,0.297,24.7,41.1,22.01,-2.4,113.5,Moderate,2,185.4,260.6,37.0,32.8,90.33,201.2,Healthy
NMC,75.0,574,0.35,22.8,94.6,27.98,30.4,50.8,Eco,0,215.6,412.2,38.0,16.28,85.67,400.2,Normal Wear
NMC,82.0,321,0.425,35.1,67.1,24.09,-6.7,72.3,Eco,0,216.3,336.3,34.6,20.44,88.77,355.5,Healthy
LFP,82.0,219,0.391,21.4,66.2,19.12,12.8,94.7,Moderate,1,251.0,373.3,35.0,22.63,94.78,344.6,Healthy
LFP,58.0,912,0.462,22.1,74.2,36.53,11.1,123.6,Aggressive,0,501.6,74.5,35.3,35.15,85.23,143.6,Normal Wear
LFP,45.0,1082,0.516,13.6,40.4,38.72,39.9,67.6,Eco,0,378.5,145.7,32.4,16.36,84.4,228.7,Normal Wear
NMC,100.0,326,0.422,35.6,71.3,23.17,14.2,75.4,Moderate,2,58.9,321.9,34.2,19.1,88.53,458.4,Healthy
NMC,100.0,1047,0.611,32.3,74.6,38.77,-1.6,80.9,Eco,1,868.9,167.4,33.8,22.84,75.92,329.7,Degradation Warning
LFP,75.0,1120,0.625,25.0,56.3,42.66,-5.4,48.4,Eco,2,483.9,193.9,37.3,23.58,83.37,271.1,Normal Wear
NMC,45.0,487,0.402,30.7,80.0,27.88,28.1,61.9,Aggressive,1,93.5,276.8,32.1,20.34,87.15,191.9,Normal Wear
NMC,58.0,198,0.164,13.6,60.8,19.4,-2.3,68.4,Aggressive,0,946.9,259.9,37.0,28.96,92.74,188.4,Healthy
NMC,58.0,664,0.563,29.9,79.5,30.98,38.8,26.9,Eco,1,23.5,147.3,35.9,15.47,83.42,311.1,Normal Wear
NMC,82.0,295,0.668,21.9,47.9,25.11,19.1,25.8,Aggressive,2,671.8,377.5,31.3,24.73,90.33,298.5,Healthy
LFP,75.0,1195,0.56,37.0,90.3,44.18,10.9,47.4,Eco,1,908.6,289.7,36.7,19.25,76.73,306.9,Degradation Warning
NMC,64.0,1207,0.52,29.2,88.4,41.95,25.6,76.2,Aggressive,1,447.1,309.9,36.6,22.01,75.63,219.4,Degradation Warning
LFP,58.0,1333,0.234,27.8,48.3,40.83,0.3,120.6,Aggressive,2,688.9,360.0,33.7,36.0,85.5,134.8,Normal Wear
NMC,75.0,640,0.566,22.1,91.6,31.4,9.9,122.3,Eco,1,60.8,105.9,34.9,25.0,84.6,254.0,Normal Wear
NMC,45.0,657,0.318,22.1,70.7,30.38,-8.3,89.7,Eco,0,284.5,235.9,32.7,21.69,85.39,171.5,Normal Wear
NMC,82.0,1353,0.786,30.6,78.6,47.22,35.6,107.7,Aggressive,2,796.3,100.2,39.3,32.1,68.74,171.0,Replacement Required
NMC,100.0,949,0.573,22.0,86.2,37.37,12.1,115.1,Moderate,1,948.4,95.7,34.7,29.06,79.2,276.4,Degradation Warning
LFP,45.0,202,0.273,21.8,44.6,20.84,29.5,108.9,Moderate,2,137.2,322.4,35.0,23.47,95.01,183.1,Healthy
LFP,58.0,1349,0.428,35.4,49.3,43.37,37.7,79.4,Moderate,1,1159.5,346.4,35.5,23.04,78.55,198.6,Degradation Warning
LFP,58.0,91,0.727,28.7,56.0,22.49,23.9,95.4,Moderate,1,473.4,88.4,36.3,19.51,95.61,283.6,Healthy
LFP,45.0,1262,0.318,20.4,66.2,41.52,9.5,25.4,Eco,1,1109.5,364.9,36.0,20.17,84.19,183.4,Normal Wear
NMC,58.0,738,0.47,30.3,59.0,32.27,22.2,89.8,Moderate,0,647.6,168.5,35.2,19.52,82.91,249.6,Normal Wear
LFP,75.0,1216,0.594,25.3,67.8,43.35,8.7,67.6,Aggressive,0,772.9,299.2,34.2,26.18,80.5,236.5,Normal Wear
NMC,58.0,1315,0.654,16.4,50.2,45.48,19.5,89.5,Aggressive,1,211.1,310.0,35.9,23.09,72.8,177.8,Replacement Required
NMC,82.0,745,0.189,24.0,77.5,32.93,12.5,94.4,Moderate,1,1061.7,313.7,36.5,25.11,85.57,281.0,Normal Wear
NMC,75.0,288,0.502,20.7,43.1,25.34,-2.2,34.8,Eco,0,105.0,272.8,36.6,18.65,90.05,355.9,Healthy
NMC,64.0,1063,0.78,28.5,59.9,40.35,30.6,112.5,Aggressive,1,1184.9,109.6,36.4,33.17,74.96,142.5,Replacement Required
NMC,58.0,597,0.825,23.1,49.8,34.26,15.8,42.6,Eco,1,470.4,109.1,35.5,15.15,83.41,327.0,Normal Wear
NMC,58.0,1014,0.575,27.5,80.1,39.87,-0.1,26.0,Moderate,0,197.3,119.3,37.0,19.65,79.15,237.3,Degradation Warning
LFP,82.0,834,0.837,31.0,88.6,36.86,36.4,68.0,Moderate,1,726.9,392.3,31.9,22.28,82.47,305.1,Normal Wear
NMC,82.0,166,0.507,41.2,44.3,20.56,34.4,34.0,Moderate,0,1038.8,143.7,31.4,20.93,92.66,356.9,Healthy
NMC,100.0,1208,0.404,38.9,83.2,41.51,19.1,120.6,Aggressive,2,476.5,123.6,30.4,34.48,71.87,211.7,Replacement Required
NMC,45.0,909,0.491,28.3,89.3,33.83,40.5,53.4,Moderate,1,10.3,416.0,35.8,19.51,80.41,186.4,Normal Wear
NMC,45.0,329,0.143,26.7,93.6,23.09,38.2,47.4,Eco,2,1046.7,71.5,40.0,18.32,90.48,221.1,Healthy
LFP,45.0,537,0.371,23.4,71.9,26.39,36.6,51.2,Aggressive,1,697.6,341.8,37.8,25.1,90.11,157.9,Healthy
NMC,82.0,33,0.417,17.1,58.0,18.75,-3.1,53.3,Moderate,1,111.4,365.8,34.4,24.16,96.79,324.5,Healthy
LFP,45.0,151,0.729,13.3,57.7,21.82,5.3,31.3,Moderate,2,1087.2,301.7,35.3,24.81,94.98,169.3,Healthy
LFP,45.0,774,0.657,21.9,60.8,34.57,11.3,79.0,Eco,2,927.9,411.2,33.0,20.5,87.76,194.9,Normal Wear
NMC,64.0,458,0.531,36.8,73.7,26.61,33.3,26.8,Moderate,2,639.2,186.7,38.1,19.23,86.03,285.9,Normal Wear
NMC,45.0,762,0.328,36.6,67.0,31.34,35.3,99.7,Moderate,2,536.1,100.8,35.2,22.52,80.68,161.5,Normal Wear
LFP,58.0,759,0.2,27.4,75.9,32.26,29.1,101.8,Eco,2,847.1,154.2,34.2,20.41,88.16,254.8,Healthy
LFP,100.0,814,0.328,29.8,42.2,32.5,14.6,65.0,Eco,2,434.6,104.7,33.8,16.55,87.7,525.2,Normal Wear
LFP,82.0,282,0.594,23.4,45.8,23.12,-1.6,122.1,Eco,2,785.8,240.5,35.8,32.74,92.05,223.7,Healthy
LFP,75.0,662,0.26,26.8,93.7,28.54,-8.2,103.2,Aggressive,1,181.1,407.7,31.7,36.0,89.96,190.2,Healthy
NMC,100.0,1268,0.392,22.3,94.7,43.73,26.4,37.3,Eco,1,170.9,251.1,33.3,15.53,74.63,476.3,Replacement Required
NMC,64.0,277,0.359,22.3,81.1,21.35,41.7,123.0,Aggressive,1,373.3,183.9,37.4,36.0,90.82,159.6,Healthy
NMC,82.0,1277,0.662,30.7,54.1,44.52,8.0,109.5,Moderate,0,1063.0,387.2,29.8,30.81,71.85,190.1,Replacement Required
LFP,82.0,1379,0.757,23.4,92.4,49.78,19.6,95.4,Moderate,1,1020.4,284.7,31.4,23.91,76.78,262.8,Degradation Warning
NMC,58.0,428,0.609,30.0,51.8,26.39,32.2,90.3,Eco,0,590.5,395.5,37.5,19.08,86.89,257.1,Normal Wear
NMC,100.0,994,0.323,26.1,80.2,35.88,-0.3,85.5,Eco,1,702.6,407.8,38.0,23.85,81.36,340.8,Normal Wear
NMC,100.0,1067,0.397,35.5,46.3,40.02,33.1,124.0,Eco,0,753.1,397.8,37.8,28.38,75.37,271.8,Degradation Warning
NMC,45.0,290,0.165,30.3,75.7,20.36,22.5,72.8,Eco,1,447.8,312.3,35.0,15.52,91.85,265.3,Healthy
NMC,58.0,1138,0.184,28.5,81.8,40.17,19.6,41.6,Eco,1,841.6,245.6,35.6,16.54,80.56,283.2,Normal Wear
LFP,45.0,161,0.181,18.4,87.3,18.85,29.6,54.4,Eco,0,729.8,171.6,37.2,15.75,95.64,276.5,Healthy
NMC,45.0,921,0.154,24.1,80.4,35.43,2.5,62.5,Moderate,1,425.2,399.5,34.0,23.11,82.57,165.2,Normal Wear
LFP,82.0,993,0.194,26.7,90.8,36.55,22.0,56.6,Eco,1,340.6,260.7,34.5,15.6,86.52,459.3,Normal Wear
NMC,100.0,1124,0.212,27.3,68.7,39.44,2.5,28.0,Moderate,1,1176.9,418.4,31.9,27.36,81.28,295.5,Normal Wear
NMC,45.0,293,0.139,31.0,77.3,21.17,-0.7,32.4,Eco,1,341.2,391.4,32.5,21.12,90.4,194.6,Healthy
LFP,64.0,295,0.562,28.2,60.3,23.8,22.4,25.5,Eco,1,208.9,202.6,35.9,14.44,92.92,418.0,Healthy
LFP,64.0,484,0.842,20.8,40.6,29.11,4.0,92.9,Moderate,0,1001.5,376.4,34.7,26.1,89.18,217.4,Healthy
NMC,100.0,1251,0.753,30.6,81.6,46.13,27.1,91.5,Moderate,2,973.0,257.2,33.5,22.71,71.77,321.4,Replacement Required
LFP,64.0,1339,0.086,24.2,87.8,42.31,16.8,31.8,Eco,1,286.5,329.9,38.2,15.8,84.25,339.7,Normal Wear
NMC,82.0,1082,0.388,23.1,49.6,41.31,26.1,56.5,Aggressive,1,1018.4,238.3,33.1,24.64,81.05,270.1,Normal Wear
NMC,58.0,307,0.737,20.4,41.6,25.84,36.4,53.3,Moderate,0,1094.0,416.3,34.0,22.4,90.41,241.7,Healthy
NMC,75.0,1167,0.158,24.9,49.0,39.06,-2.8,70.4,Moderate,1,398.1,209.6,35.1,23.75,80.26,249.9,Normal Wear
NMC,45.0,895,0.728,23.7,89.2,37.01,-6.5,60.9,Moderate,2,394.3,103.5,34.7,25.75,77.24,127.2,Degradation Warning
NMC,75.0,1326,0.524,34.0,56.3,43.83,10.8,107.1,Eco,1,157.1,370.4,34.4,22.79,73.13,242.7,Replacement Required
NMC,58.0,897,0.795,25.4,52.9,37.98,27.3,113.3,Moderate,1,733.0,334.6,32.1,27.26,78.93,171.3,Degradation Warning
NMC,58.0,199,0.751,30.2,40.8,23.38,36.1,45.6,Moderate,0,832.8,114.2,36.1,19.14,90.66,273.4,Healthy
NMC,82.0,1140,0.592,16.2,56.3,40.61,-8.2,37.1,Eco,2,88.1,246.7,34.8,23.81,76.74,263.6,Degradation Warning
NMC,64.0,1234,0.576,31.5,79.4,43.07,31.2,108.9,Moderate,1,250.7,307.5,36.0,24.45,73.29,194.5,Replacement Required
LFP,64.0,1117,0.221,30.8,92.7,38.06,-6.1,75.1,Moderate,2,324.5,213.4,35.3,26.42,84.46,202.5,Normal Wear
NMC,58.0,466,0.143,18.3,57.2,25.52,20.2,57.4,Aggressive,2,535.3,388.0,39.7,22.84,89.66,226.1,Healthy
NMC,82.0,804,0.382,21.8,53.2,34.23,7.9,30.1,Eco,2,988.4,400.1,37.8,21.89,83.46,315.6,Normal Wear
LFP,82.0,580,0.199,23.0,88.8,27.04,-9.1,85.6,Moderate,1,269.1,374.0,32.3,28.2,90.47,266.4,Healthy
NMC,100.0,503,0.132,25.8,86.9,25.3,-5.0,45.8,Eco,0,969.1,255.8,40.0,22.18,87.85,396.0,Normal Wear
NMC,45.0,868,0.292,22.8,58.0,33.03,8.4,28.8,Aggressive,0,1067.8,228.7,34.0,26.24,84.15,141.5,Normal Wear
NMC,64.0,741,0.738,25.5,43.8,35.61,39.6,69.5,Moderate,1,240.6,274.8,33.6,19.78,81.7,267.2,Normal Wear
NMC,58.0,135,0.064,30.9,94.6,15.95,-1.9,84.7,Eco,2,1191.5,251.0,33.7,25.74,94.56,214.1,Healthy
LFP,100.0,554,0.284,23.7,77.4,26.99,4.1,42.1,Moderate,2,620.1,104.6,33.8,23.58,89.84,377.8,Healthy
LFP,75.0,1141,0.389,28.8,91.0,41.01,41.7,90.1,Aggressive,0,662.2,345.8,33.4,28.92,82.19,210.0,Normal Wear
NMC,64.0,1371,0.458,28.1,58.8,44.41,15.0,43.9,Moderate,0,739.3,399.4,36.1,20.3,75.71,237.2,Degradation Warning
LFP,45.0,426,0.195,12.0,75.6,23.89,3.6,27.1,Eco,2,963.4,241.7,36.6,21.67,92.12,196.1,Healthy
LFP,82.0,1356,0.821,22.2,77.1,47.86,22.0,39.9,Eco,1,783.9,91.5,34.6,15.91,75.55,386.0,Degradation Warning
NMC,58.0,713,0.513,32.9,88.0,29.62,12.7,83.7,Eco,2,881.8,183.0,33.4,19.18,81.39,252.9,Normal Wear
LFP,64.0,1191,0.468,21.6,94.6,41.66,34.6,88.5,Moderate,0,527.6,112.9,35.4,19.66,83.74,277.2,Normal Wear
NMC,75.0,1385,0.057,20.6,46.0,42.38,-9.6,111.5,Eco,1,708.0,413.1,34.8,31.29,80.88,196.2,Normal Wear
LFP,45.0,514,0.439,33.2,74.7,27.28,41.8,31.2,Aggressive,0,296.5,117.9,30.8,22.82,89.03,173.8,Healthy
LFP,45.0,967,0.72,27.9,58.5,39.94,-6.6,120.3,Moderate,1,435.9,98.2,36.8,33.48,82.97,119.0,Normal Wear
NMC,100.0,42,0.226,35.7,84.6,17.17,17.9,77.2,Moderate,1,757.9,252.7,34.4,19.64,97.61,496.8,Healthy
NMC,64.0,1148,0.331,24.2,81.5,38.56,26.3,49.6,Moderate,1,49.2,92.8,37.6,15.08,78.83,332.4,Degradation Warning
NMC,75.0,577,0.066,34.2,89.1,25.16,18.6,61.5,Moderate,2,694.4,291.9,32.1,19.46,86.2,330.7,Normal Wear
NMC,45.0,960,0.832,21.7,58.9,39.12,5.6,30.6,Moderate,2,660.9,374.2,35.3,23.7,77.92,142.5,Degradation Warning
LFP,58.0,1265,0.103,12.0,50.1,39.27,34.5,36.0,Moderate,2,224.0,157.6,37.1,17.79,87.7,282.6,Normal Wear
LFP,45.0,874,0.769,31.0,41.2,38.54,12.4,113.2,Eco,0,1120.2,394.5,37.3,25.95,82.76,140.9,Normal Wear
NMC,75.0,1058,0.3,30.4,54.1,36.64,5.6,35.6,Eco,1,100.4,296.1,34.3,18.33,79.28,324.0,Degradation Warning
NMC,82.0,910,0.52,31.0,60.2,36.31,30.0,30.6,Eco,1,61.8,126.9,31.5,14.75,79.11,439.0,Degradation Warning
NMC,82.0,97,0.593,25.8,92.0,18.17,-2.4,84.8,Moderate,0,1033.5,295.5,35.5,25.86,95.28,297.0,Healthy
NMC,100.0,1365,0.163,35.8,67.0,41.0,0.7,63.3,Eco,2,1008.4,95.5,32.9,23.24,75.12,321.9,Degradation Warning
NMC,64.0,826,0.405,32.2,70.6,33.7,3.1,65.6,Eco,0,475.5,192.3,33.3,18.34,81.25,282.6,Normal Wear
NMC,75.0,1284,0.31,31.9,88.4,46.38,12.6,37.0,Moderate,2,1170.5,75.6,32.6,21.67,75.94,261.2,Degradation Warning
LFP,100.0,1061,0.095,27.7,88.7,36.12,-8.9,29.4,Eco,0,1170.6,224.5,38.1,23.38,87.68,375.8,Normal Wear
NMC,45.0,787,0.717,18.9,69.0,35.87,41.6,111.6,Eco,1,150.0,361.2,33.7,24.02,80.47,152.0,Normal Wear
NMC,45.0,473,0.086,27.4,46.3,24.38,21.2,64.0,Eco,1,575.4,314.1,35.2,15.92,88.23,251.4,Healthy
LFP,82.0,947,0.573,29.2,54.9,38.6,40.5,36.0,Eco,1,64.0,139.6,32.3,16.72,84.02,407.1,Normal Wear
NMC,100.0,296,0.301,39.2,65.1,22.62,32.0,45.0,Moderate,1,429.3,133.9,37.5,18.28,89.95,488.9,Healthy
LFP,82.0,1070,0.204,28.6,81.3,36.13,-3.0,35.3,Eco,1,86.0,316.5,35.3,20.77,86.31,338.5,Normal Wear
LFP,58.0,533,0.584,20.7,79.1,28.86,0.9,72.8,Moderate,1,192.9,303.2,38.2,22.21,88.1,232.8,Healthy
NMC,82.0,483,0.51,29.8,75.3,25.58,-8.2,105.4,Moderate,1,1071.2,119.8,33.1,33.12,84.94,211.1,Normal Wear
NMC,58.0,826,0.302,34.5,88.4,32.27,33.4,64.3,Moderate,2,1013.2,305.2,35.0,21.28,81.17,220.6,Normal Wear
NMC,45.0,843,0.46,37.3,84.1,35.08,20.9,87.0,Aggressive,2,1029.5,343.3,33.5,26.34,78.87,134.2,Degradation Warning
NMC,100.0,382,0.247,26.4,94.0,23.34,1.2,92.5,Aggressive,1,39.2,338.2,33.6,30.98,89.68,293.9,Healthy
NMC,58.0,770,0.741,25.8,88.9,34.32,40.4,96.2,Moderate,2,683.0,212.0,36.9,24.67,81.25,196.5,Normal Wear
NMC,100.0,544,0.301,18.5,50.8,28.81,28.3,85.6,Eco,2,928.9,355.0,35.3,19.35,87.47,451.5,Normal Wear
NMC,100.0,1227,0.246,23.4,43.2,40.41,26.7,80.4,Moderate,2,830.0,206.4,32.9,20.15,79.23,391.1,Degradation Warning
NMC,58.0,1237,0.651,29.6,62.8,44.26,3.9,72.8,Eco,0,600.7,296.0,30.9,19.5,73.88,212.3,Replacement Required
NMC,64.0,75,0.064,17.9,74.0,16.17,6.3,72.4,Eco,1,146.1,336.1,35.0,18.24,95.86,337.9,Healthy
LFP,82.0,1273,0.264,39.3,75.4,43.15,24.7,58.3,Moderate,0,928.8,334.4,34.3,20.34,77.68,313.3,Degradation Warning
NMC,58.0,508,0.35,24.9,54.7,28.83,20.9,75.5,Eco,1,1067.9,191.4,37.8,16.92,87.13,301.9,Normal Wear
NMC,45.0,1071,0.756,27.7,87.3,38.59,23.7,72.9,Moderate,1,322.1,269.8,38.1,16.89,75.52,204.6,Degradation Warning
NMC,100.0,741,0.81,29.1,58.1,33.5,35.7,56.9,Moderate,2,647.5,284.9,36.3,21.33,80.33,376.2,Normal Wear
LFP,75.0,1227,0.623,33.8,90.6,43.0,-1.7,55.1,Moderate,2,588.5,152.2,36.4,25.39,75.57,218.6,Degradation Warning
NMC,58.0,60,0.444,28.6,65.9,18.04,-4.0,69.6,Moderate,1,879.8,72.9,33.6,24.74,96.23,230.3,Healthy
LFP,82.0,1023,0.562,20.6,40.6,39.86,19.4,105.3,Moderate,0,1111.3,104.7,35.8,24.73,85.27,280.2,Normal Wear
LFP,100.0,279,0.381,29.5,48.9,23.13,16.0,49.8,Eco,1,543.7,82.1,36.9,15.9,92.08,584.1,Healthy
NMC,64.0,460,0.289,33.8,45.6,24.8,10.9,109.5,Eco,0,555.0,174.5,34.4,22.63,87.62,250.3,Normal Wear
LFP,45.0,945,0.811,21.6,42.4,40.46,37.0,97.4,Moderate,1,271.3,184.1,37.1,21.61,82.38,164.7,Normal Wear
NMC,64.0,875,0.142,31.8,79.3,35.03,19.0,51.2,Moderate,1,215.1,373.1,34.4,17.74,82.88,297.6,Normal Wear
NMC,75.0,103,0.327,28.5,50.6,17.43,19.5,26.4,Eco,1,46.3,113.7,34.9,13.6,95.24,522.8,Healthy
NMC,58.0,65,0.769,27.6,86.1,20.19,9.1,32.7,Moderate,1,981.1,134.8,36.8,21.27,96.51,252.9,Healthy
NMC,100.0,459,0.629,23.2,54.5,28.95,7.9,113.3,Aggressive,2,482.9,287.0,31.4,36.0,86.53,235.4,Normal Wear
NMC,58.0,1005,0.073,25.7,41.8,36.65,41.4,105.7,Aggressive,1,87.9,234.2,33.9,30.2,84.04,155.9,Normal Wear
LFP,82.0,155,0.068,29.6,85.1,20.2,22.4,63.0,Moderate,1,661.4,417.6,40.0,19.85,97.56,406.2,Healthy
NMC,58.0,1226,0.463,24.5,65.6,45.27,32.9,31.2,Moderate,2,402.4,336.7,31.2,19.93,77.21,222.6,Degradation Warning
NMC,45.0,1215,0.437,21.1,73.0,42.43,13.3,106.1,Moderate,0,1165.8,164.6,37.5,25.85,77.75,134.8,Degradation Warning
NMC,75.0,928,0.404,20.9,58.5,37.52,-0.0,50.5,Moderate,0,537.4,322.5,33.4,22.87,82.5,270.5,Normal Wear
NMC,64.0,880,0.292,28.7,42.5,37.56,6.9,120.3,Eco,1,123.3,149.9,32.7,25.89,82.51,211.7,Normal Wear
LFP,75.0,807,0.839,29.9,60.4,36.16,8.0,77.3,Moderate,1,765.9,308.6,33.9,22.72,82.28,271.6,Normal Wear
NMC,100.0,609,0.268,26.6,68.5,27.84,19.4,96.5,Eco,1,952.1,82.8,31.1,20.17,85.17,420.1,Normal Wear
NMC,58.0,975,0.442,37.9,40.6,37.46,-2.0,71.2,Eco,2,697.6,139.9,33.1,22.71,76.22,192.4,Degradation Warning
NMC,100.0,709,0.374,16.8,71.6,33.34,10.1,27.8,Moderate,1,929.8,105.9,37.8,21.4,84.03,391.2,Normal Wear
NMC,64.0,558,0.186,29.3,89.1,29.45,-4.8,31.3,Moderate,0,359.7,220.1,38.4,22.06,87.21,254.4,Normal Wear
NMC,100.0,1163,0.212,16.0,52.0,39.71,15.8,122.6,Moderate,1,637.5,263.7,32.5,30.74,81.55,264.1,Normal Wear
LFP,82.0,1324,0.785,26.4,91.0,45.99,39.3,66.2,Moderate,2,992.4,160.8,34.5,22.37,76.16,275.7,Degradation Warning
NMC,75.0,1351,0.737,28.5,45.4,44.91,7.6,43.3,Moderate,2,90.2,412.5,35.9,21.79,74.15,255.4,Replacement Required
LFP,64.0,727,0.209,25.9,85.4,30.89,-7.4,97.0,Eco,1,311.3,213.7,36.8,24.75,90.06,237.1,Healthy
NMC,64.0,1320,0.751,15.3,86.2,44.49,21.7,113.2,Moderate,0,752.3,266.6,38.5,26.44,71.45,173.4,Replacement Required
NMC,64.0,314,0.217,26.4,54.2,21.42,23.0,51.7,Moderate,2,607.3,232.2,34.0,18.18,92.64,324.0,Healthy
NMC,45.0,72,0.551,27.0,92.7,20.03,14.9,82.1,Moderate,0,923.6,372.1,35.0,21.06,96.07,205.9,Healthy
LFP,75.0,825,0.115,32.4,62.9,30.66,10.6,49.5,Aggressive,1,213.8,199.8,31.9,23.73,87.86,269.9,Normal Wear
LFP,100.0,71,0.754,18.4,47.8,21.37,36.4,107.3,Moderate,1,1016.8,400.1,33.7,29.39,96.31,326.8,Healthy
NMC,64.0,747,0.091,35.6,72.5,31.63,38.8,33.7,Moderate,1,742.3,351.7,33.9,21.84,82.53,238.7,Normal Wear
LFP,75.0,91,0.494,12.0,94.8,18.52,25.0,62.3,Eco,1,244.0,96.5,33.3,14.36,97.24,501.5,Healthy
LFP,64.0,47,0.674,19.2,89.5,19.28,16.1,63.0,Eco,2,67.8,379.2,36.3,15.76,97.67,401.4,Healthy
NMC,82.0,488,0.143,28.1,55.3,23.88,-6.5,88.7,Moderate,0,1178.4,133.6,40.0,26.8,89.02,270.5,Healthy
NMC,82.0,783,0.374,28.9,71.7,33.61,5.7,42.8,Eco,1,532.8,90.8,32.2,18.85,82.25,354.7,Normal Wear
NMC,82.0,905,0.084,36.1,46.3,31.82,4.8,72.5,Eco,2,321.1,147.6,34.5,19.43,82.04,346.4,Normal Wear
NMC,58.0,931,0.596,28.2,65.4,38.04,-7.0,80.2,Moderate,2,216.3,99.8,34.7,25.95,79.7,172.9,Degradation Warning
LFP,64.0,566,0.296,26.4,68.8,28.44,33.9,114.1,Eco,0,293.0,287.8,38.8,23.03,89.77,247.0,Healthy
LFP,58.0,220,0.498,29.7,57.3,24.98,35.1,77.7,Moderate,1,587.7,226.6,34.2,19.62,93.2,272.9,Healthy
NMC,75.0,839,0.796,13.0,66.6,38.56,37.4,38.2,Moderate,0,1023.5,236.2,35.3,21.22,79.54,280.3,Degradation Warning
NMC,58.0,579,0.295,21.0,90.6,26.92,28.6,35.1,Moderate,1,250.2,285.8,35.1,17.14,86.77,300.7,Normal Wear
NMC,75.0,398,0.089,19.9,67.5,25.68,26.9,117.4,Moderate,0,441.8,244.4,37.5,26.67,90.76,261.0,Healthy
LFP,75.0,1220,0.591,32.7,85.7,42.3,14.8,123.0,Moderate,1,956.7,417.1,37.6,32.4,78.38,176.0,Degradation Warning
LFP,75.0,1095,0.679,34.8,57.5,40.01,34.6,41.7,Eco,1,797.3,288.3,33.8,18.41,78.34,319.2,Degradation Warning
LFP,100.0,98,0.816,38.2,93.4,21.25,16.5,100.1,Moderate,1,34.4,275.2,33.6,21.91,95.75,434.5,Healthy
LFP,58.0,853,0.176,30.4,45.1,32.77,-8.5,50.1,Moderate,1,300.4,215.0,36.6,24.84,88.5,207.6,Healthy
NMC,100.0,1051,0.364,32.4,72.2,40.79,20.4,108.3,Eco,2,152.9,226.2,38.3,20.58,77.58,371.9,Degradation Warning
NMC,64.0,1257,0.725,27.6,83.4,41.11,10.3,34.7,Moderate,0,49.6,416.3,30.9,19.77,72.81,242.9,Replacement Required
NMC,58.0,44,0.695,24.0,84.8,22.28,17.1,68.7,Moderate,1,1136.6,71.9,34.0,19.06,96.66,293.7,Healthy
LFP,64.0,469,0.55,20.5,50.9,28.67,12.9,84.6,Eco,1,745.2,124.4,35.0,17.9,90.89,322.6,Healthy
NMC,64.0,787,0.265,20.0,62.1,32.53,15.8,110.3,Moderate,2,650.1,190.1,30.1,26.43,83.36,199.2,Normal Wear
NMC,75.0,774,0.277,18.8,74.3,31.42,-4.4,110.7,Aggressive,1,1032.1,386.5,33.7,36.0,83.68,174.9,Normal Wear
NMC,58.0,217,0.149,31.4,57.4,20.12,-9.2,43.4,Eco,1,709.8,398.3,35.2,24.46,92.55,216.1,Healthy
LFP,64.0,1137,0.787,24.5,76.2,43.49,7.7,121.7,Eco,1,693.2,90.2,32.6,27.46,80.2,184.7,Normal Wear
NMC,82.0,456,0.188,22.7,60.8,26.4,3.2,88.9,Moderate,2,242.3,119.6,31.5,24.54,89.0,298.8,Healthy
NMC,64.0,709,0.508,14.8,59.3,31.23,3.0,90.9,Aggressive,0,744.5,378.8,35.7,30.45,83.9,172.0,Normal Wear
NMC,82.0,606,0.517,21.5,45.9,31.15,38.7,113.9,Eco,2,801.6,165.3,35.9,25.86,85.56,271.9,Normal Wear
LFP,58.0,123,0.346,25.3,42.2,18.83,32.6,57.0,Aggressive,2,1057.6,210.4,33.2,25.47,95.66,219.5,Healthy
LFP,100.0,646,0.332,17.8,85.9,29.7,-9.3,66.5,Moderate,1,510.4,71.6,36.2,25.67,90.17,345.9,Healthy
NMC,58.0,1082,0.585,43.0,66.9,41.72,-9.5,123.5,Moderate,1,244.7,242.0,29.0,36.0,70.63,114.2,Replacement Required
LFP,100.0,477,0.361,19.0,71.0,27.66,30.4,26.7,Aggressive,1,683.1,372.9,36.3,25.0,90.66,362.9,Healthy
NMC,100.0,383,0.254,33.9,60.5,22.24,41.2,111.7,Aggressive,0,1167.1,197.6,38.4,36.0,87.76,246.8,Normal Wear
NMC,58.0,154,0.369,26.3,47.5,20.46,14.2,109.3,Eco,2,90.4,378.3,38.1,22.14,93.35,243.2,Healthy
LFP,64.0,393,0.696,23.6,64.7,27.54,12.5,51.2,Eco,0,4.2,191.4,35.1,14.8,90.6,388.2,Healthy
NMC,45.0,1275,0.823,25.5,52.6,45.62,4.3,107.2,Eco,2,43.1,300.4,37.8,24.22,72.5,130.6,Replacement Required
LFP,64.0,58,0.559,27.1,86.1,16.49,24.7,58.0,Moderate,1,997.6,172.8,34.6,19.03,97.58,323.2,Healthy
LFP,64.0,838,0.676,28.4,94.3,34.19,14.5,87.9,Moderate,0,1.3,250.2,37.4,18.37,85.11,296.3,Normal Wear
NMC,75.0,66,0.476,21.1,88.9,17.05,-1.3,69.7,Moderate,2,265.9,359.9,32.4,26.03,96.48,274.8,Healthy
NMC,75.0,55,0.55,30.4,69.1,18.64,15.0,35.1,Moderate,2,1177.8,366.9,35.0,22.34,94.83,322.0,Healthy
NMC,64.0,114,0.84,25.3,74.5,22.49,9.6,114.5,Aggressive,0,895.0,96.8,38.9,34.15,94.82,178.0,Healthy
NMC,82.0,1004,0.401,19.0,92.1,36.86,36.3,79.5,Eco,2,262.6,395.3,36.0,18.39,80.11,358.4,Normal Wear
NMC,100.0,1189,0.103,24.4,69.6,38.65,30.1,73.2,Moderate,1,266.3,252.6,37.0,18.13,82.51,455.4,Normal Wear
LFP,75.0,387,0.816,35.5,75.1,25.54,26.5,112.9,Eco,0,550.0,146.7,36.2,22.03,89.0,302.3,Healthy
NMC,64.0,84,0.684,28.3,74.6,19.29,7.0,57.8,Moderate,1,91.2,361.0,34.5,20.58,94.48,298.3,Healthy
LFP,45.0,1271,0.369,27.0,78.9,41.49,-2.7,82.0,Eco,0,783.7,292.3,38.1,21.02,83.38,172.4,Normal Wear
NMC,82.0,773,0.836,24.6,75.2,36.53,35.0,113.2,Moderate,1,595.9,247.8,32.8,28.02,80.71,236.1,Normal Wear
LFP,58.0,835,0.326,25.1,76.9,34.18,7.8,59.3,Aggressive,1,503.1,354.1,33.1,26.66,86.97,184.0,Normal Wear
NMC,64.0,775,0.348,28.3,79.9,33.53,20.8,104.4,Aggressive,1,588.3,141.3,36.0,27.51,83.17,187.1,Normal Wear
NMC,64.0,200,0.538,25.4,84.5,22.78,20.7,76.4,Eco,0,326.2,273.4,39.5,15.29,92.57,382.6,Healthy
NMC,100.0,616,0.269,29.7,62.2,29.92,38.3,40.8,Aggressive,0,256.3,406.6,30.6,25.8,86.15,340.6,Normal Wear
NMC,82.0,1198,0.609,28.9,81.0,40.97,-1.1,29.1,Moderate,1,82.3,293.0,32.0,23.36,74.87,261.3,Replacement Required
LFP,75.0,806,0.172,19.8,45.5,33.76,30.1,97.7,Moderate,2,750.6,279.6,35.4,23.24,89.57,289.3,Healthy
NMC,75.0,646,0.136,30.2,88.2,30.0,14.1,51.2,Eco,0,592.9,80.3,36.2,15.82,85.15,408.9,Normal Wear
NMC,75.0,1142,0.478,21.3,56.0,40.26,-0.9,106.6,Moderate,0,853.3,133.9,35.9,28.39,78.1,202.5,Degradation Warning
NMC,58.0,635,0.494,21.0,62.2,31.83,33.5,43.9,Moderate,1,1073.3,284.3,35.7,21.06,83.85,230.1,Normal Wear
NMC,82.0,131,0.135,26.8,84.2,19.89,32.6,81.8,Moderate,2,1191.6,315.9,33.6,23.14,94.4,333.5,Healthy
LFP,82.0,472,0.821,28.5,75.0,29.3,-7.9,34.3,Eco,1,272.9,384.9,34.4,23.18,88.18,314.9,Healthy
LFP,75.0,775,0.509,30.7,57.0,34.2,26.9,98.6,Moderate,0,201.5,375.0,35.3,21.62,85.53,301.1,Normal Wear
LFP,75.0,1212,0.171,14.1,52.4,39.64,-2.0,101.6,Moderate,0,1094.5,195.9,39.2,28.62,88.55,228.3,Healthy
NMC,100.0,603,0.299,31.7,92.7,30.44,21.7,116.7,Eco,1,481.9,311.5,38.4,24.24,83.62,342.1,Normal Wear
NMC,45.0,158,0.69,29.5,44.8,21.76,23.5,81.1,Aggressive,0,964.1,232.4,39.9,23.69,93.77,182.4,Healthy
LFP,45.0,250,0.469,22.6,40.2,23.19,24.6,35.6,Eco,0,162.4,237.0,35.3,14.17,94.25,296.6,Healthy
NMC,64.0,1282,0.201,25.6,77.0,41.79,-3.8,107.8,Moderate,1,353.8,400.9,32.9,31.52,79.25,160.0,Degradation Warning
LFP,64.0,1003,0.132,28.2,73.8,35.15,21.1,56.4,Eco,1,13.3,326.5,32.8,14.94,86.81,370.0,Normal Wear
LFP,82.0,272,0.395,12.0,80.6,20.76,-4.8,115.0,Moderate,1,1187.9,408.9,35.6,36.0,94.16,218.0,Healthy
LFP,82.0,580,0.32,19.5,80.2,29.58,28.8,122.8,Aggressive,1,6.8,341.2,36.3,33.94,88.82,215.6,Healthy
NMC,58.0,1346,0.575,34.0,87.5,45.33,-6.7,38.2,Moderate,2,206.0,324.0,39.1,26.9,69.81,143.5,Replacement Required
NMC,58.0,91,0.79,23.4,90.7,23.76,29.4,33.3,Eco,2,669.0,219.7,32.5,16.58,94.86,328.1,Healthy
LFP,45.0,1306,0.248,26.5,82.6,44.07,35.9,114.8,Aggressive,0,1020.5,107.3,32.9,34.14,84.9,110.3,Normal Wear
NMC,64.0,241,0.734,26.3,52.8,25.67,5.5,114.9,Eco,1,952.9,290.6,37.6,27.85,91.55,209.9,Healthy
NMC,45.0,1120,0.786,31.3,65.5,43.0,30.5,83.5,Eco,2,303.8,233.9,32.5,16.35,73.29,206.6,Replacement Required
NMC,45.0,81,0.772,24.6,75.3,22.15,11.7,113.8,Moderate,0,1056.3,276.7,35.1,28.75,95.04,149.8,Healthy
LFP,64.0,1200,0.812,25.1,69.7,44.06,31.5,118.1,Aggressive,2,83.6,168.8,39.1,31.49,79.35,160.3,Degradation Warning
LFP,58.0,825,0.724,28.1,48.7,36.83,25.7,80.5,Eco,2,398.2,138.6,37.2,14.93,84.29,328.6,Normal Wear
NMC,100.0,144,0.525,32.1,72.4,20.49,5.0,93.7,Moderate,0,315.6,162.8,35.4,22.79,94.18,413.0,Healthy
NMC,100.0,760,0.378,34.0,88.8,29.54,0.1,86.4,Moderate,2,787.0,300.1,36.2,28.25,81.32,285.4,Normal Wear
NMC,100.0,180,0.443,25.1,63.0,22.11,37.6,42.5,Moderate,1,45.9,403.5,30.1,20.91,92.34,438.4,Healthy
LFP,64.0,560,0.748,24.1,76.8,31.56,33.6,68.6,Eco,0,1025.2,417.2,39.0,19.06,87.23,291.6,Normal Wear
NMC,75.0,645,0.291,26.1,73.9,28.06,24.3,93.1,Aggressive,1,1153.6,353.0,30.5,29.76,83.91,207.3,Normal Wear
NMC,75.0,125,0.177,35.0,60.7,19.18,8.2,86.0,Eco,1,283.5,405.1,33.7,20.09,95.44,356.6,Healthy
LFP,75.0,1174,0.163,31.7,71.1,40.05,16.5,46.5,Eco,2,1082.4,169.3,33.3,17.89,83.0,351.7,Normal Wear
LFP,82.0,795,0.712,24.1,51.6,36.46,19.0,116.0,Eco,2,1087.5,71.2,35.2,24.13,85.94,294.1,Normal Wear
LFP,58.0,21,0.659,17.3,70.0,19.25,-5.5,103.4,Moderate,0,751.6,137.9,33.5,28.17,98.8,206.1,Healthy
LFP,58.0,252,0.448,33.6,83.9,20.9,40.6,31.8,Eco,2,608.4,292.1,32.9,19.44,92.87,274.1,Healthy
NMC,82.0,388,0.27,34.3,81.7,23.8,-5.2,59.4,Eco,0,929.6,384.8,33.0,22.91,88.28,311.4,Healthy
NMC,45.0,1294,0.592,20.3,59.7,43.85,27.5,124.6,Eco,2,621.6,390.2,40.0,26.39,74.65,130.2,Replacement Required
LFP,100.0,965,0.081,24.3,46.2,34.64,15.6,64.0,Moderate,2,893.1,360.7,34.5,21.66,89.22,412.9,Healthy
LFP,75.0,1151,0.505,32.3,84.0,41.19,29.5,91.3,Moderate,0,111.4,336.8,35.5,19.71,80.05,303.8,Normal Wear
LFP,100.0,1319,0.369,29.3,54.6,43.31,3.6,35.1,Aggressive,1,342.2,176.5,37.0,26.66,82.22,310.6,Normal Wear
LFP,75.0,199,0.832,15.0,42.9,24.45,10.5,56.1,Aggressive,1,473.2,100.7,35.3,23.34,94.11,301.4,Healthy
NMC,100.0,312,0.456,20.2,64.5,22.66,17.3,113.2,Aggressive,2,246.1,253.8,32.0,31.85,90.69,290.4,Healthy
NMC,45.0,603,0.492,30.5,80.7,30.44,-3.7,76.1,Moderate,1,276.5,187.3,37.2,22.89,84.82,169.0,Normal Wear
LFP,100.0,814,0.62,28.5,84.5,34.09,34.3,107.5,Aggressive,1,914.0,114.9,34.7,32.3,85.09,263.3,Normal Wear
NMC,100.0,194,0.438,31.0,94.0,21.26,41.6,25.8,Moderate,1,208.3,230.4,33.3,20.55,92.08,442.8,Healthy
LFP,64.0,142,0.23,31.7,50.4,17.02,11.7,91.6,Eco,0,134.6,254.0,32.2,18.2,96.21,336.5,Healthy
LFP,100.0,246,0.48,28.5,56.2,23.93,9.6,55.0,Eco,1,336.4,341.0,34.8,18.63,93.35,505.3,Healthy
LFP,64.0,463,0.805,29.5,73.5,28.73,20.9,111.1,Moderate,1,192.1,352.8,40.0,24.47,88.37,233.4,Healthy
NMC,58.0,447,0.378,23.6,84.6,26.61,25.8,119.4,Aggressive,2,243.7,234.0,34.4,32.06,87.05,163.2,Normal Wear
NMC,82.0,1126,0.594,27.7,52.9,40.1,35.2,93.8,Eco,1,939.6,392.3,31.1,22.56,77.52,278.6,Degradation Warning
NMC,100.0,784,0.832,28.9,62.5,35.0,9.4,39.6,Aggressive,0,529.3,346.0,34.7,25.87,80.74,305.9,Normal Wear
NMC,58.0,651,0.714,37.2,62.5,31.14,29.8,71.8,Eco,2,520.9,221.4,38.7,15.83,80.83,299.3,Normal Wear
NMC,64.0,84,0.577,22.1,82.5,20.33,2.5,71.4,Moderate,1,629.8,192.6,36.8,22.59,95.45,273.4,Healthy
NMC,100.0,1324,0.639,31.3,53.3,46.0,25.4,108.0,Moderate,2,106.9,181.3,33.1,23.18,71.99,311.0,Replacement Required
NMC,100.0,447,0.799,26.3,93.3,27.53,14.3,71.1,Moderate,1,1184.6,232.3,31.4,22.54,86.38,386.6,Normal Wear
NMC,45.0,637,0.818,31.5,68.1,32.81,24.4,58.3,Aggressive,2,1016.5,185.6,39.9,22.85,82.01,166.6,Normal Wear
NMC,58.0,944,0.825,26.3,55.5,38.54,9.7,86.1,Moderate,1,351.3,234.1,32.9,21.21,78.15,212.7,Degradation Warning
NMC,75.0,831,0.551,34.1,55.6,35.16,5.3,89.7,Eco,1,68.1,272.0,31.5,20.31,77.95,292.8,Degradation Warning
NMC,75.0,126,0.358,22.5,41.0,18.59,15.3,106.0,Moderate,0,740.8,128.1,35.1,24.24,94.71,287.1,Healthy
LFP,45.0,678,0.157,27.9,78.1,30.06,36.5,115.0,Moderate,0,710.5,349.3,34.3,28.52,90.51,143.1,Healthy
NMC,64.0,1305,0.358,29.6,82.7,42.92,25.1,114.0,Aggressive,2,371.9,109.4,37.0,29.57,76.29,165.3,Degradation Warning
NMC,75.0,1202,0.804,22.9,41.8,43.7,21.8,87.7,Moderate,2,408.7,211.5,38.1,18.94,74.32,295.5,Replacement Required
NMC,75.0,284,0.762,28.8,72.2,28.06,27.4,77.4,Moderate,1,630.9,127.8,33.8,17.94,91.07,383.5,Healthy
LFP,82.0,1245,0.469,33.0,83.0,40.6,27.9,105.1,Aggressive,1,1055.0,176.4,31.1,31.33,79.81,212.2,Degradation Warning
NMC,58.0,174,0.48,26.6,60.7,22.01,5.3,55.7,Aggressive,2,131.1,230.4,35.5,25.89,94.06,209.0,Healthy
NMC,64.0,1056,0.297,31.5,63.8,38.43,2.1,100.8,Moderate,0,611.8,332.1,35.8,26.56,79.6,187.9,Degradation Warning
NMC,100.0,1340,0.414,23.0,59.9,45.04,16.5,75.6,Aggressive,2,524.4,289.5,40.0,23.74,76.48,325.3,Degradation Warning
NMC,58.0,915,0.622,20.4,57.4,37.73,-2.3,37.4,Moderate,2,559.7,196.3,32.2,26.01,80.33,176.0,Normal Wear
NMC,64.0,1012,0.372,31.2,67.0,37.7,14.7,100.3,Moderate,1,1091.7,276.8,38.5,25.26,78.78,193.9,Degradation Warning
NMC,75.0,264,0.2,23.6,49.1,21.97,26.0,89.8,Eco,1,653.2,173.7,39.1,17.54,92.46,396.6,Healthy
NMC,82.0,1343,0.483,16.9,64.2,47.98,-9.6,33.2,Moderate,2,833.9,363.5,31.5,31.65,75.14,193.6,Degradation Warning
LFP,58.0,1397,0.23,22.4,91.8,44.11,-4.2,70.0,Eco,2,1095.2,239.1,33.4,25.29,82.46,183.9,Normal Wear
LFP,75.0,405,0.829,35.1,41.5,27.86,40.0,73.6,Eco,1,362.9,320.9,35.5,18.12,88.54,361.5,Healthy
NMC,64.0,778,0.362,33.4,49.1,31.45,38.3,90.4,Moderate,2,430.4,179.2,33.9,22.05,82.9,240.1,Normal Wear
NMC,58.0,1355,0.778,20.3,82.8,45.78,11.7,92.8,Eco,0,271.9,307.1,35.6,18.62,72.48,224.3,Replacement Required
LFP,100.0,433,0.23,18.2,47.3,25.31,20.7,44.1,Eco,0,782.2,394.4,35.9,18.02,93.45,520.1,Healthy
NMC,58.0,1321,0.201,24.5,54.9,43.07,-1.9,28.4,Eco,2,304.5,107.7,35.5,20.98,80.02,222.1,Normal Wear
NMC,75.0,734,0.544,33.2,65.0,32.81,7.2,104.4,Moderate,0,281.6,276.7,35.2,25.03,82.04,247.0,Normal Wear
NMC,58.0,778,0.674,25.8,91.9,35.38,31.2,123.2,Moderate,0,1184.1,245.3,35.8,31.26,81.52,148.3,Normal Wear
NMC,100.0,766,0.503,25.9,50.1,32.86,34.5,119.1,Aggressive,2,836.8,259.3,32.6,36.0,83.0,229.8,Normal Wear
LFP,82.0,612,0.234,23.3,90.8,31.63,11.1,75.1,Moderate,1,977.3,138.1,36.9,21.14,89.78,349.9,Healthy
LFP,82.0,1399,0.08,25.4,79.5,43.65,6.2,77.9,Moderate,2,1162.6,79.5,36.6,24.11,84.51,286.7,Normal Wear
LFP,75.0,858,0.545,32.1,76.9,36.24,25.4,118.1,Moderate,1,1165.3,94.9,37.5,28.35,85.37,229.6,Normal Wear
NMC,64.0,35,0.155,27.5,79.8,16.82,27.3,79.4,Aggressive,1,399.7,169.5,34.8,20.99,97.08,294.2,Healthy
NMC,75.0,1012,0.325,25.8,41.7,36.46,41.2,52.8,Eco,2,622.5,369.0,30.7,20.75,81.74,297.4,Normal Wear
NMC,82.0,1088,0.591,30.9,45.4,39.7,26.3,92.8,Eco,1,1108.1,352.4,37.2,20.67,76.0,302.0,Degradation Warning
NMC,45.0,1364,0.128,27.4,58.4,41.67,2.5,72.7,Moderate,1,30.8,418.4,38.1,21.69,79.21,161.9,Degradation Warning
NMC,45.0,670,0.152,32.7,44.1,27.24,-6.9,103.5,Aggressive,2,1099.4,329.2,32.4,36.0,84.68,108.7,Normal Wear
LFP,58.0,1369,0.099,22.9,94.3,44.12,3.4,103.3,Moderate,1,1029.6,192.9,31.4,29.22,84.38,165.3,Normal Wear
LFP,100.0,167,0.847,28.6,71.9,22.69,1.8,118.6,Moderate,0,561.6,391.4,33.7,32.79,95.04,291.8,Healthy
NMC,58.0,374,0.36,32.3,66.8,24.56,-5.2,38.8,Moderate,1,620.3,346.7,28.7,27.0,89.1,194.2,Healthy
LFP,45.0,1279,0.775,36.3,83.2,47.07,13.1,77.1,Aggressive,1,57.2,314.6,35.0,21.84,73.87,155.1,Replacement Required
LFP,82.0,722,0.285,20.4,93.7,32.55,5.0,103.6,Moderate,0,666.9,257.7,36.6,26.66,88.54,272.3,Healthy
NMC,58.0,632,0.653,26.0,92.5,31.74,38.1,68.5,Moderate,0,147.7,321.0,33.9,18.72,84.0,255.9,Normal Wear
NMC,75.0,124,0.225,19.1,83.6,18.58,11.0,87.7,Eco,2,316.7,405.6,33.9,20.19,94.37,351.8,Healthy
NMC,100.0,415,0.449,21.2,60.7,25.81,35.6,106.7,Aggressive,0,964.9,371.8,36.6,34.2,88.83,265.6,Healthy
NMC,75.0,625,0.71,27.1,43.6,34.4,6.0,72.3,Aggressive,1,605.6,138.1,34.4,26.08,83.78,247.2,Normal Wear
NMC,100.0,1263,0.703,14.8,45.4,44.69,33.2,65.8,Eco,1,902.3,104.2,34.9,17.61,75.31,425.1,Degradation Warning
LFP,82.0,870,0.685,29.5,40.1,40.1,13.6,43.1,Eco,0,1118.2,75.8,38.6,17.62,83.93,391.6,Normal Wear
NMC,58.0,461,0.709,30.3,40.1,26.91,-8.3,107.5,Aggressive,2,205.4,319.5,35.0,36.0,87.26,137.6,Normal Wear
NMC,100.0,892,0.219,26.5,91.5,34.21,15.3,104.6,Aggressive,2,311.4,167.6,36.5,28.79,82.96,293.9,Normal Wear
NMC,75.0,686,0.436,22.0,91.0,32.73,1.8,99.3,Moderate,2,704.4,321.4,35.0,29.6,84.98,217.9,Normal Wear
NMC,58.0,1071,0.438,25.5,76.7,40.34,6.0,64.3,Eco,1,1139.5,134.5,35.5,20.03,78.48,227.9,Degradation Warning
LFP,58.0,813,0.762,39.7,80.0,36.59,25.6,83.3,Eco,1,935.2,222.9,31.0,18.06,80.28,260.0,Normal Wear
LFP,75.0,494,0.288,23.9,68.2,25.87,17.5,37.4,Moderate,0,767.2,74.8,28.6,18.93,91.17,354.3,Healthy
NMC,45.0,647,0.795,22.3,53.1,31.14,36.2,57.0,Moderate,0,815.0,108.0,33.9,18.99,82.44,193.8,Normal Wear
NMC,100.0,1348,0.411,13.1,90.3,44.21,38.7,68.6,Moderate,1,519.2,98.5,37.6,19.79,76.75,389.0,Degradation Warning
NMC,75.0,521,0.586,33.3,55.3,30.19,25.9,29.4,Eco,1,484.5,346.7,36.0,16.37,84.6,384.5,Normal Wear
NMC,82.0,367,0.265,19.6,80.7,25.97,34.9,35.4,Eco,0,1184.2,386.5,34.5,19.94,89.1,365.1,Healthy
NMC,64.0,1283,0.378,27.5,53.5,43.06,0.1,108.0,Eco,1,1027.7,131.1,36.2,26.82,78.77,189.6,Degradation Warning
NMC,75.0,1037,0.618,39.6,87.9,39.33,-5.9,122.1,Aggressive,0,913.1,253.6,33.9,36.0,72.91,153.9,Replacement Required
NMC,58.0,589,0.46,29.2,75.8,29.79,7.3,57.2,Moderate,2,863.7,122.6,36.3,22.25,85.06,220.8,Normal Wear
NMC,58.0,714,0.795,29.1,75.3,34.31,6.9,35.7,Moderate,0,680.5,342.7,33.0,21.71,79.85,213.1,Degradation Warning
NMC,75.0,1380,0.64,25.0,45.4,47.86,24.6,118.5,Aggressive,2,394.9,357.3,33.6,34.02,74.93,161.9,Replacement Required
NMC,64.0,45,0.502,28.9,63.1,18.47,33.7,116.4,Moderate,2,519.4,344.8,32.2,29.18,98.05,212.6,Healthy
NMC,75.0,1120,0.759,27.5,68.9,41.81,5.4,90.5,Moderate,1,70.6,158.0,32.2,22.26,75.73,257.7,Degradation Warning
NMC,64.0,236,0.582,30.2,56.2,23.77,12.1,58.9,Eco,2,107.2,188.2,33.8,16.29,91.65,356.5,Healthy
NMC,64.0,1371,0.568,12.5,88.5,45.07,-4.5,36.3,Moderate,1,461.4,143.0,38.7,23.81,73.36,200.7,Replacement Required
LFP,82.0,856,0.247,29.3,86.1,32.5,11.5,118.9,Moderate,0,138.8,71.2,35.0,26.46,86.89,272.9,Normal Wear
LFP,100.0,793,0.366,29.6,67.1,34.74,1.1,117.0,Moderate,0,477.7,92.6,34.6,29.9,88.1,296.5,Healthy
NMC,58.0,1066,0.597,42.3,58.7,39.87,9.9,99.3,Moderate,1,256.1,415.2,38.5,24.43,71.36,171.4,Replacement Required
NMC,58.0,689,0.763,27.0,84.1,34.43,3.9,118.4,Moderate,1,420.0,389.6,32.3,32.42,82.35,142.8,Normal Wear
NMC,64.0,737,0.302,28.3,50.8,32.38,32.1,39.0,Aggressive,0,455.1,97.8,33.0,21.39,84.87,256.0,Normal Wear
NMC,58.0,329,0.222,29.4,43.9,21.26,-9.8,35.9,Eco,2,953.2,231.4,33.8,26.67,90.61,193.3,Healthy
NMC,45.0,618,0.525,29.5,42.5,29.73,7.6,44.2,Moderate,2,822.8,411.1,35.6,23.75,84.22,153.4,Normal Wear
LFP,64.0,286,0.104,19.6,42.1,21.42,40.4,46.5,Eco,2,977.9,89.1,39.9,19.07,93.64,315.3,Healthy
NMC,58.0,665,0.622,31.9,66.9,31.74,25.3,107.7,Aggressive,1,437.9,304.1,40.0,29.2,82.79,170.9,Normal Wear
NMC,45.0,1310,0.613,21.5,54.0,45.17,30.2,117.2,Moderate,2,991.0,107.3,34.8,27.58,74.37,118.9,Replacement Required
NMC,82.0,1376,0.334,29.4,78.0,44.75,34.7,46.6,Moderate,0,1139.6,191.8,32.5,21.47,75.69,290.8,Degradation Warning
NMC,58.0,1042,0.764,21.8,76.0,41.37,8.8,71.3,Moderate,2,332.9,86.5,33.3,19.85,76.41,224.9,Degradation Warning
NMC,45.0,469,0.452,25.7,69.8,27.04,-6.6,70.4,Eco,0,862.4,279.4,33.7,21.55,87.72,183.5,Normal Wear
LFP,75.0,584,0.567,24.2,59.4,30.16,11.4,42.8,Moderate,0,69.1,315.9,38.3,18.39,88.98,357.7,Healthy
NMC,100.0,1290,0.218,25.5,86.8,40.38,23.9,110.3,Aggressive,2,625.3,84.5,37.1,30.03,78.89,263.5,Degradation Warning
LFP,75.0,1079,0.384,26.5,79.0,38.16,9.3,77.2,Eco,1,187.6,246.5,36.0,17.31,84.41,371.2,Normal Wear
LFP,45.0,47,0.74,29.2,54.9,19.72,13.3,81.6,Aggressive,1,999.6,174.7,31.3,25.99,97.42,172.2,Healthy
NMC,64.0,239,0.22,26.4,67.6,20.57,32.9,50.8,Moderate,0,497.1,318.2,36.8,19.01,92.67,305.4,Healthy
NMC,64.0,425,0.362,32.2,48.6,25.23,-8.1,80.9,Eco,1,725.2,248.6,29.6,24.7,88.07,232.2,Healthy
NMC,58.0,290,0.304,23.8,58.1,23.35,7.4,104.3,Moderate,0,698.6,75.9,32.7,25.08,91.27,211.0,Healthy
NMC,75.0,811,0.171,29.6,94.8,34.37,15.4,55.5,Eco,1,125.1,162.9,33.8,15.02,84.09,424.4,Normal Wear
NMC,64.0,982,0.282,22.0,52.3,34.71,5.6,36.3,Moderate,1,120.2,240.6,37.3,20.19,82.38,256.0,Normal Wear
LFP,64.0,1329,0.236,37.7,78.4,42.76,13.2,83.4,Moderate,1,685.8,103.7,37.3,19.72,79.12,254.7,Degradation Warning
NMC,75.0,853,0.789,29.6,53.1,35.75,10.9,88.6,Eco,1,378.0,380.0,34.6,19.75,77.96,296.4,Degradation Warning
NMC,82.0,336,0.643,22.8,91.6,23.97,38.0,45.2,Eco,2,133.7,383.8,33.3,18.32,90.87,411.2,Healthy
LFP,64.0,1340,0.303,37.4,57.1,42.98,15.6,49.8,Moderate,1,372.0,109.4,35.7,17.05,78.93,295.7,Degradation Warning
NMC,100.0,357,0.661,30.1,59.1,24.84,14.8,40.3,Aggressive,2,228.8,379.2,33.7,24.32,88.94,363.8,Healthy
LFP,45.0,1350,0.068,22.8,72.7,42.69,3.2,117.1,Moderate,0,47.6,270.4,34.9,28.06,85.81,137.1,Normal Wear
NMC,58.0,370,0.471,26.2,72.3,25.03,-7.6,46.3,Moderate,2,455.8,373.0,34.2,28.63,88.04,185.1,Healthy
NMC,64.0,530,0.25,20.2,71.8,26.74,5.6,26.1,Aggressive,1,816.9,289.7,36.1,28.02,87.97,197.5,Normal Wear
LFP,100.0,544,0.141,20.2,71.5,27.1,-8.6,109.0,Moderate,1,135.9,390.9,32.7,33.28,92.26,275.7,Healthy
NMC,100.0,511,0.757,34.3,57.2,28.04,33.0,105.3,Eco,1,702.2,230.9,33.9,22.72,83.07,362.0,Normal Wear
LFP,64.0,28,0.209,21.6,63.9,15.6,0.6,70.7,Moderate,2,182.0,419.4,31.6,25.32,98.97,252.0,Healthy
LFP,82.0,580,0.708,19.0,72.6,31.27,37.4,104.7,Aggressive,1,82.1,370.1,33.3,30.69,89.26,235.0,Healthy
LFP,45.0,459,0.381,30.8,76.9,25.24,36.1,70.0,Moderate,0,110.7,290.3,36.3,17.58,91.77,235.3,Healthy
NMC,58.0,811,0.061,37.0,53.9,29.14,24.6,47.5,Aggressive,1,251.8,207.2,34.8,20.14,82.96,236.1,Normal Wear
NMC,64.0,1151,0.636,33.9,78.6,43.76,34.9,67.6,Moderate,0,558.7,285.5,27.6,20.64,72.91,227.5,Replacement Required
LFP,58.0,1288,0.527,40.7,90.8,44.33,35.7,73.7,Moderate,0,533.4,325.1,34.7,19.56,74.21,220.7,Replacement Required
LFP,75.0,1298,0.325,41.5,81.7,44.13,30.4,25.9,Eco,0,571.7,189.9,34.8,16.03,75.91,358.1,Degradation Warning
LFP,100.0,52,0.275,21.6,44.6,16.82,16.4,36.3,Moderate,1,451.1,259.3,38.0,18.86,97.96,521.2,Healthy
NMC,100.0,1066,0.109,25.1,65.8,35.31,39.4,112.5,Moderate,0,1056.2,381.6,35.6,30.64,82.09,272.2,Normal Wear
NMC,64.0,864,0.803,17.6,63.9,37.44,32.5,64.2,Moderate,2,1061.5,403.3,39.8,22.02,77.98,234.5,Degradation Warning
LFP,64.0,585,0.445,20.0,58.5,28.05,-3.4,58.1,Aggressive,2,789.5,286.4,37.6,33.54,90.3,180.4,Healthy
NMC,75.0,68,0.118,33.4,67.0,18.29,11.8,113.8,Eco,1,388.9,122.5,32.3,23.72,95.72,304.2,Healthy
LFP,82.0,481,0.745,28.7,64.2,29.38,18.1,40.5,Moderate,2,222.0,338.5,40.0,17.76,88.75,410.6,Healthy
LFP,64.0,609,0.273,35.7,40.3,29.05,17.5,46.7,Eco,1,837.3,156.7,34.1,16.36,87.91,342.7,Normal Wear
NMC,100.0,355,0.213,21.8,53.0,23.62,9.7,107.8,Eco,1,1195.8,92.7,33.9,25.26,90.23,356.3,Healthy
LFP,58.0,1165,0.275,23.7,51.8,42.39,17.6,53.0,Moderate,2,983.2,199.8,32.0,19.66,84.73,251.0,Normal Wear
LFP,45.0,378,0.502,30.6,59.2,26.36,-5.2,88.3,Aggressive,1,393.3,164.1,32.5,31.3,92.38,129.7,Healthy
NMC,58.0,365,0.109,33.3,49.6,22.71,24.1,99.0,Aggressive,0,230.2,250.2,28.5,26.55,90.15,199.1,Healthy
LFP,82.0,212,0.435,17.2,43.7,22.02,15.9,47.3,Moderate,0,981.2,70.8,36.8,19.01,95.45,405.3,Healthy
NMC,45.0,775,0.767,25.6,50.8,34.06,31.0,50.3,Moderate,1,482.7,307.9,37.6,18.36,80.39,197.6,Normal Wear
LFP,58.0,1189,0.201,29.4,87.0,39.35,26.1,76.6,Moderate,0,702.0,224.6,36.0,18.24,83.44,262.5,Normal Wear
NMC,58.0,497,0.315,31.7,83.8,28.33,-4.1,104.2,Moderate,2,51.0,160.8,34.9,29.44,87.95,172.0,Normal Wear
LFP,75.0,847,0.367,32.9,64.3,34.19,8.2,80.4,Moderate,0,967.7,164.9,33.4,21.9,85.01,293.1,Normal Wear
NMC,82.0,909,0.519,26.6,88.3,37.21,28.3,31.7,Moderate,2,242.7,84.8,35.2,16.14,80.19,403.8,Normal Wear
NMC,100.0,672,0.785,19.6,52.8,32.08,7.5,60.1,Aggressive,0,916.2,147.9,34.9,26.28,82.14,310.1,Normal Wear
LFP,75.0,427,0.366,15.4,72.1,26.75,19.5,58.1,Moderate,1,792.4,111.5,37.5,18.03,91.18,375.2,Healthy
NMC,45.0,305,0.105,25.9,47.9,21.49,40.0,105.8,Eco,1,495.0,222.8,35.3,22.32,91.89,189.8,Healthy
NMC,100.0,870,0.328,25.3,85.8,34.64,-5.8,54.0,Aggressive,1,640.2,243.0,32.9,32.5,82.15,245.9,Normal Wear
LFP,75.0,130,0.202,22.2,47.2,18.88,-0.1,115.1,Moderate,2,645.2,358.2,36.0,34.66,97.19,208.7,Healthy
LFP,82.0,639,0.571,32.4,41.8,31.43,15.0,58.5,Aggressive,0,270.3,268.0,33.9,22.33,86.22,319.5,Normal Wear
NMC,64.0,812,0.073,20.1,55.0,31.55,28.4,44.4,Eco,1,155.1,275.6,37.2,14.8,85.48,373.7,Normal Wear
NMC,64.0,69,0.284,23.0,89.6,19.62,7.2,79.0,Aggressive,2,972.1,104.0,35.1,28.02,95.57,222.4,Healthy
NMC,45.0,1057,0.486,34.0,47.1,37.25,-3.9,63.6,Moderate,0,828.1,192.7,39.2,22.94,76.65,152.9,Degradation Warning
NMC,64.0,1177,0.272,22.4,58.2,40.81,6.4,89.8,Moderate,0,745.6,348.8,35.5,23.79,79.8,211.7,Degradation Warning
NMC,75.0,607,0.491,28.9,57.4,29.28,23.5,116.6,Aggressive,2,334.0,274.5,39.4,32.02,85.55,201.0,Normal Wear
LFP,45.0,615,0.142,26.9,84.1,27.0,31.2,119.1,Moderate,2,482.5,201.4,35.0,27.3,90.5,143.0,Healthy
LFP,100.0,1386,0.804,28.5,63.2,50.11,40.8,47.7,Aggressive,1,176.7,220.9,37.0,24.28,76.44,312.2,Degradation Warning
LFP,82.0,689,0.283,32.3,73.6,29.34,29.6,41.2,Moderate,2,905.3,110.6,34.8,19.02,89.25,380.9,Healthy
LFP,45.0,1329,0.788,29.0,62.2,44.13,15.6,119.0,Eco,1,18.1,79.2,33.3,21.98,76.4,154.5,Degradation Warning
NMC,100.0,333,0.311,18.7,70.3,24.67,5.2,106.2,Eco,1,3.5,120.5,32.5,22.85,89.49,391.3,Healthy
NMC,45.0,625,0.675,19.7,43.4,30.96,38.2,51.2,Moderate,2,625.2,173.8,36.0,20.06,85.55,187.6,Normal Wear
NMC,58.0,316,0.247,28.8,60.6,24.33,17.8,105.5,Aggressive,0,413.1,169.1,36.5,27.27,91.9,200.2,Healthy
NMC,58.0,588,0.586,21.5,87.0,27.57,25.8,99.1,Eco,0,172.6,316.1,32.9,18.71,83.42,254.1,Normal Wear
NMC,45.0,1207,0.309,32.7,78.0,43.22,14.6,50.4,Eco,1,867.7,126.2,33.1,16.9,77.71,208.1,Degradation Warning
LFP,64.0,851,0.457,28.9,94.0,35.9,2.6,115.6,Moderate,0,1118.5,335.7,38.5,32.29,86.01,164.5,Normal Wear
NMC,58.0,629,0.589,16.7,83.3,30.86,18.4,57.2,Moderate,2,336.8,318.2,38.4,17.54,83.54,276.7,Normal Wear
NMC,82.0,35,0.521,38.3,64.8,16.75,33.7,73.0,Eco,1,723.2,123.0,36.7,16.93,96.97,465.3,Healthy
NMC,100.0,1387,0.511,24.8,77.2,44.21,9.9,85.9,Aggressive,2,893.8,301.2,36.5,30.08,73.81,249.8,Replacement Required
LFP,75.0,1121,0.103,25.7,82.7,37.21,24.8,44.1,Eco,1,739.0,184.8,37.6,16.15,86.79,402.7,Normal Wear
NMC,58.0,1389,0.249,29.5,54.8,45.13,-7.8,86.1,Eco,2,459.6,107.2,38.6,24.63,76.98,179.4,Degradation Warning
NMC,45.0,91,0.507,26.5,43.3,18.83,38.7,95.6,Moderate,1,666.7,288.0,36.6,23.68,94.37,181.1,Healthy
NMC,64.0,289,0.065,32.8,62.3,18.71,40.4,35.2,Moderate,2,869.5,347.6,37.9,23.11,90.22,249.3,Healthy
LFP,75.0,306,0.251,20.9,48.0,22.9,10.1,62.9,Eco,2,1131.8,406.9,33.1,21.79,93.97,325.6,Healthy
NMC,100.0,85,0.233,33.9,55.2,19.3,15.9,86.2,Aggressive,2,926.8,262.6,33.2,27.46,94.78,348.5,Healthy
LFP,100.0,899,0.25,31.1,92.1,37.12,-1.6,117.6,Eco,1,378.1,268.3,37.3,29.24,84.93,289.7,Normal Wear
LFP,58.0,87,0.478,22.4,86.6,18.38,0.2,114.1,Eco,0,806.2,232.1,32.6,27.17,97.08,207.0,Healthy
NMC,100.0,1236,0.516,28.5,72.6,41.71,21.3,42.0,Aggressive,1,1099.5,178.0,38.0,24.48,76.24,307.1,Degradation Warning
NMC,100.0,1098,0.777,34.3,62.1,38.03,22.6,86.1,Eco,0,622.8,120.1,32.9,17.29,73.15,426.6,Replacement Required
LFP,64.0,999,0.359,30.1,54.5,35.28,7.8,34.8,Aggressive,1,114.7,175.1,36.5,23.22,85.3,235.4,Normal Wear
NMC,64.0,993,0.791,27.9,71.4,38.33,9.4,54.4,Eco,2,769.4,186.9,35.4,19.05,76.31,258.6,Degradation Warning
NMC,64.0,1211,0.572,30.7,69.3,41.58,16.3,84.7,Eco,0,726.0,327.7,33.1,18.35,75.41,261.7,Degradation Warning
LFP,45.0,527,0.78,31.2,82.9,29.58,38.9,33.1,Eco,1,161.3,115.1,35.0,15.48,88.37,250.5,Healthy
LFP,100.0,856,0.717,24.0,91.0,37.13,-2.2,113.9,Moderate,1,287.5,135.4,35.0,31.04,85.48,272.6,Normal Wear
LFP,100.0,1145,0.6,27.9,58.1,42.11,18.7,107.9,Moderate,2,806.3,410.2,35.9,26.85,83.09,301.3,Normal Wear
LFP,100.0,905,0.335,32.1,51.3,34.49,-7.0,72.3,Moderate,2,1168.4,94.8,32.2,30.11,85.96,284.5,Normal Wear
NMC,82.0,813,0.243,27.8,62.2,32.74,13.8,74.2,Moderate,1,208.5,395.3,36.0,19.39,85.33,364.8,Normal Wear
NMC,64.0,441,0.228,22.7,64.1,23.56,10.7,113.1,Moderate,2,736.9,121.2,36.6,28.25,88.97,197.7,Healthy
LFP,75.0,794,0.812,28.7,42.2,35.07,-1.5,30.0,Moderate,1,568.6,257.8,38.3,24.26,84.93,268.8,Normal Wear
NMC,58.0,497,0.817,24.7,87.4,28.29,-1.5,39.4,Aggressive,1,407.6,208.7,31.6,28.83,85.16,167.8,Normal Wear
NMC,75.0,945,0.63,30.5,94.8,36.79,13.4,55.8,Moderate,0,1097.0,210.0,36.5,20.8,77.17,272.0,Degradation Warning
LFP,45.0,139,0.757,35.6,90.8,24.55,-3.4,61.4,Aggressive,1,1124.7,315.6,33.8,32.75,96.4,128.3,Healthy
NMC,45.0,1334,0.785,31.1,87.3,46.57,5.3,123.7,Moderate,2,196.0,299.6,38.3,32.61,68.86,97.1,Replacement Required
NMC,100.0,507,0.459,22.1,94.6,27.18,-6.3,39.7,Moderate,1,847.6,400.1,34.0,28.4,85.38,299.8,Normal Wear
NMC,75.0,1204,0.553,28.8,89.9,42.97,5.5,55.3,Eco,2,928.9,321.4,34.8,21.98,74.87,258.0,Replacement Required
NMC,100.0,97,0.385,12.0,77.9,18.78,17.8,107.8,Eco,2,1107.9,282.5,37.7,23.83,95.29,404.0,Healthy
NMC,82.0,1081,0.385,26.4,49.2,40.95,28.7,103.4,Moderate,1,87.8,131.6,33.6,21.26,79.72,303.9,Degradation Warning
NMC,45.0,460,0.081,32.6,48.6,25.11,33.2,90.5,Aggressive,0,1118.3,236.8,31.7,27.99,88.3,143.8,Healthy
NMC,45.0,481,0.397,29.4,42.7,25.61,7.6,57.9,Moderate,0,295.6,244.0,27.2,20.31,86.26,186.0,Normal Wear
NMC,75.0,631,0.589,27.7,62.7,32.74,38.8,36.8,Moderate,2,1029.9,293.6,34.9,23.1,83.46,267.6,Normal Wear
LFP,45.0,1337,0.388,39.8,84.5,44.81,2.5,123.4,Aggressive,0,993.8,198.1,29.4,36.0,74.25,94.4,Replacement Required
NMC,82.0,936,0.748,16.8,67.0,38.77,-5.8,50.1,Eco,2,952.3,120.9,31.1,25.45,78.91,257.5,Degradation Warning
LFP,82.0,1135,0.316,18.1,60.1,40.59,38.1,109.5,Moderate,0,352.5,377.5,34.2,26.87,84.18,255.3,Normal Wear
NMC,82.0,628,0.156,29.9,46.0,29.37,18.1,114.5,Eco,2,911.7,81.3,36.4,23.27,86.15,305.0,Normal Wear
NMC,58.0,25,0.699,32.4,42.8,20.31,8.3,69.1,Moderate,2,314.2,117.2,34.1,20.07,97.39,280.1,Healthy
LFP,82.0,700,0.589,32.6,62.0,32.34,36.7,110.1,Moderate,1,371.7,229.7,31.7,26.79,85.33,270.9,Normal Wear
NMC,82.0,914,0.243,23.6,45.5,35.83,30.3,52.9,Eco,1,980.6,381.1,33.9,18.85,83.52,363.6,Normal Wear
LFP,58.0,290,0.479,21.9,45.7,23.47,33.3,114.0,Moderate,2,701.2,105.9,29.4,27.69,93.74,196.3,Healthy
NMC,100.0,830,0.371,21.1,61.7,35.42,5.2,88.6,Moderate,2,361.6,328.2,35.5,25.32,83.97,328.2,Normal Wear
LFP,64.0,578,0.801,28.9,67.7,31.96,35.4,44.4,Eco,2,839.5,170.3,39.9,17.96,87.57,311.7,Normal Wear
NMC,45.0,118,0.536,21.1,50.3,20.8,23.8,103.7,Aggressive,1,1029.1,96.6,38.3,28.32,92.91,148.7,Healthy
LFP,82.0,545,0.177,33.7,77.7,27.72,28.4,116.4,Eco,0,669.1,383.2,32.1,25.38,89.52,288.4,Healthy
NMC,45.0,213,0.452,26.9,63.0,22.16,6.2,82.0,Moderate,0,262.4,410.3,32.0,21.45,92.02,190.9,Healthy
LFP,75.0,1200,0.74,22.8,45.1,44.97,2.7,101.0,Aggressive,0,695.7,116.1,31.6,31.83,81.39,193.9,Normal Wear
NMC,45.0,1158,0.587,22.8,75.0,42.82,11.2,104.5,Eco,1,702.7,383.6,31.8,23.73,76.17,142.7,Degradation Warning
NMC,100.0,415,0.724,17.8,59.6,27.73,19.9,103.7,Aggressive,2,757.1,296.8,32.4,30.81,87.78,288.1,Normal Wear
LFP,58.0,789,0.25,22.2,42.9,28.37,24.6,70.4,Moderate,0,936.9,140.5,32.8,18.8,88.92,272.2,Healthy
NMC,45.0,1043,0.761,23.7,92.1,41.46,15.9,99.0,Moderate,2,1177.0,305.0,36.4,24.88,76.23,135.6,Degradation Warning
NMC,45.0,899,0.654,29.4,71.4,37.41,26.3,79.9,Moderate,2,131.9,354.0,37.4,17.2,78.58,208.4,Degradation Warning
LFP,45.0,1257,0.633,26.4,66.3,46.85,26.8,66.5,Moderate,1,230.0,242.8,32.4,16.85,79.15,213.6,Degradation Warning
NMC,64.0,764,0.327,21.8,87.3,30.68,24.6,41.6,Moderate,2,978.0,388.3,31.0,21.11,81.76,252.9,Normal Wear
NMC,64.0,702,0.76,19.6,91.5,33.34,3.1,115.9,Aggressive,1,634.7,255.0,37.1,36.0,81.98,142.6,Normal Wear
NMC,75.0,34,0.56,25.6,52.1,17.19,13.2,66.5,Moderate,0,894.7,134.9,37.5,19.6,97.39,372.9,Healthy
LFP,58.0,387,0.731,14.7,84.6,26.26,29.8,49.0,Eco,1,499.2,318.3,38.4,16.28,91.14,327.8,Healthy
NMC,45.0,657,0.339,25.1,85.7,32.04,36.1,49.2,Moderate,1,1006.6,306.9,33.2,21.62,85.1,181.7,Normal Wear
NMC,45.0,872,0.167,33.7,43.0,31.44,16.1,49.2,Aggressive,1,505.4,294.2,32.2,22.95,81.0,162.4,Normal Wear
LFP,45.0,1256,0.316,25.8,79.2,40.34,41.3,25.2,Eco,2,1136.0,377.9,37.1,21.22,83.05,175.8,Normal Wear
LFP,45.0,719,0.414,28.0,43.5,32.56,-0.9,68.8,Moderate,2,469.2,254.8,39.0,24.79,88.6,162.6,Healthy
NMC,64.0,24,0.477,27.2,72.7,18.57,1.7,114.1,Moderate,2,337.7,316.5,35.2,32.05,97.14,189.1,Healthy
NMC,100.0,250,0.459,18.7,76.8,22.36,14.0,27.5,Aggressive,2,122.4,404.1,38.5,24.2,91.76,387.9,Healthy
NMC,100.0,1244,0.487,37.5,60.2,39.72,16.5,120.7,Moderate,1,1018.2,118.2,34.0,29.97,71.7,240.5,Replacement Required
NMC,75.0,1192,0.723,24.6,88.4,44.7,12.1,42.9,Moderate,1,1139.2,205.3,34.1,21.89,74.45,254.6,Replacement Required
NMC,82.0,1031,0.186,27.0,84.0,36.45,12.4,96.9,Eco,0,1073.1,146.6,38.5,21.17,82.41,321.9,Normal Wear
NMC,58.0,1269,0.303,23.1,90.9,40.97,15.3,103.5,Moderate,1,911.9,183.3,35.3,24.46,77.85,184.5,Degradation Warning
NMC,100.0,605,0.761,33.8,57.3,32.05,6.6,98.5,Eco,2,518.7,248.7,36.8,23.61,82.55,356.7,Normal Wear
NMC,45.0,188,0.498,18.2,41.2,23.26,-3.2,58.9,Moderate,1,369.6,365.9,32.6,24.7,91.87,175.0,Healthy
LFP,100.0,780,0.517,34.8,84.6,33.38,39.7,95.4,Moderate,1,341.5,209.8,33.9,23.45,84.33,357.6,Normal Wear
LFP,75.0,811,0.432,25.2,52.3,33.04,31.3,72.3,Moderate,1,911.5,265.3,31.1,20.95,86.3,309.5,Normal Wear
LFP,82.0,1019,0.489,23.8,65.7,38.36,32.4,40.2,Moderate,1,413.8,354.3,35.0,19.49,83.61,351.7,Normal Wear
NMC,100.0,171,0.208,23.2,85.0,20.13,9.0,45.1,Aggressive,1,942.1,394.8,33.2,29.45,93.62,311.4,Healthy
NMC,75.0,1035,0.487,37.9,51.9,39.2,11.0,27.6,Moderate,1,1178.7,192.4,35.8,22.1,74.47,255.0,Replacement Required
LFP,64.0,243,0.848,17.4,57.2,24.65,38.7,58.2,Moderate,2,226.6,132.3,34.3,19.01,94.82,319.3,Healthy
LFP,82.0,523,0.503,23.8,64.1,29.95,40.6,97.8,Eco,1,136.9,273.8,39.6,20.56,90.72,364.4,Healthy
NMC,75.0,63,0.086,19.3,55.0,15.72,39.0,121.9,Aggressive,1,143.3,383.5,35.8,36.0,96.33,196.1,Healthy
LFP,100.0,716,0.687,16.1,65.4,33.24,23.4,38.4,Moderate,1,70.8,157.0,35.2,16.32,84.59,522.8,Normal Wear
LFP,64.0,523,0.367,34.8,40.5,27.45,2.6,60.3,Moderate,1,829.1,244.8,33.2,23.93,88.22,236.0,Healthy
LFP,75.0,1284,0.173,26.8,51.7,39.87,21.5,43.1,Aggressive,1,711.6,240.1,35.1,22.75,87.41,282.6,Normal Wear
LFP,75.0,949,0.74,20.0,85.8,38.86,20.6,101.1,Aggressive,1,677.4,394.5,36.8,29.31,82.19,205.3,Normal Wear
NMC,100.0,862,0.208,32.0,62.7,33.6,37.2,117.0,Moderate,1,697.9,229.8,31.2,30.5,83.18,272.5,Normal Wear
NMC,82.0,370,0.787,24.6,75.0,26.89,6.2,36.4,Moderate,1,83.4,257.7,37.7,20.34,87.65,351.5,Normal Wear
LFP,64.0,42,0.403,23.1,52.8,18.87,0.4,115.4,Eco,2,349.5,118.4,37.2,27.79,97.2,220.7,Healthy
LFP,45.0,617,0.644,30.5,75.7,30.97,3.8,52.1,Eco,0,319.0,230.4,35.7,17.36,86.58,225.7,Normal Wear
NMC,58.0,1086,0.488,24.5,95.0,41.34,2.6,47.3,Moderate,0,574.8,189.6,37.8,20.85,76.68,214.8,Degradation Warning
NMC,82.0,485,0.255,21.2,72.7,26.8,23.7,30.7,Aggressive,1,1054.8,147.6,33.2,23.98,88.47,303.3,Healthy
NMC,64.0,59,0.587,31.2,74.6,20.15,32.2,33.0,Moderate,1,1166.6,248.0,31.0,21.71,96.31,279.3,Healthy
LFP,75.0,322,0.816,26.2,46.1,25.53,9.1,31.9,Moderate,0,734.5,339.8,36.2,21.37,91.63,321.2,Healthy
LFP,64.0,194,0.666,31.5,62.2,20.61,-0.8,69.6,Eco,1,296.2,131.8,31.0,20.01,92.72,297.1,Healthy
NMC,58.0,1018,0.533,24.6,87.3,39.52,7.8,90.9,Moderate,1,456.8,119.5,31.9,22.4,78.3,198.3,Degradation Warning
NMC,100.0,640,0.843,33.1,85.9,30.59,18.4,43.4,Moderate,0,390.5,113.5,32.5,17.59,81.38,464.3,Normal Wear
NMC,58.0,1236,0.262,27.1,68.7,40.97,24.6,46.8,Moderate,1,244.9,337.1,34.8,17.39,80.62,269.7,Normal Wear
LFP,45.0,263,0.1,33.4,89.7,21.92,18.6,42.3,Moderate,2,1174.2,345.8,34.1,20.57,94.54,200.9,Healthy
LFP,45.0,855,0.076,33.2,47.9,31.51,3.3,105.7,Eco,1,157.9,381.1,32.4,24.34,88.11,159.7,Healthy
LFP,58.0,299,0.619,34.4,76.2,24.14,37.7,38.7,Eco,0,679.7,407.4,40.0,18.41,91.3,287.3,Healthy
NMC,82.0,1079,0.714,27.4,53.7,39.19,12.8,32.3,Moderate,2,958.4,202.1,37.7,21.46,77.67,299.4,Degradation Warning
NMC,82.0,576,0.558,29.3,75.5,28.76,13.9,28.7,Moderate,0,1127.5,189.2,35.4,20.79,84.96,325.4,Normal Wear
NMC,75.0,917,0.774,25.6,44.8,37.03,40.3,29.0,Aggressive,0,241.1,417.0,37.1,24.65,79.04,244.4,Degradation Warning
NMC,45.0,1197,0.608,21.6,91.9,42.04,35.2,79.7,Eco,2,230.7,119.7,34.7,15.75,75.87,215.6,Degradation Warning
LFP,75.0,1066,0.347,39.0,83.2,38.56,31.9,34.4,Eco,1,596.6,84.6,39.4,15.84,79.78,381.6,Degradation Warning
LFP,45.0,738,0.195,22.5,51.1,31.21,-0.5,47.2,Eco,2,461.2,204.8,40.0,21.34,90.42,181.9,Healthy
LFP,58.0,951,0.79,32.4,75.1,40.49,33.6,108.3,Aggressive,1,299.2,100.8,36.6,28.52,79.79,158.9,Degradation Warning
LFP,82.0,110,0.133,31.4,81.8,17.41,13.7,121.8,Eco,0,113.3,204.1,30.1,25.15,95.92,314.8,Healthy
NMC,82.0,409,0.484,28.1,51.5,26.75,0.9,111.1,Moderate,1,437.6,214.1,35.6,29.99,88.89,246.7,Healthy
LFP,58.0,569,0.301,26.1,45.1,27.42,41.5,121.0,Moderate,2,337.9,293.6,35.2,31.09,90.78,174.0,Healthy
LFP,75.0,950,0.267,26.1,59.3,37.61,-1.1,92.0,Eco,1,206.4,330.4,35.6,22.67,87.07,291.2,Normal Wear
LFP,75.0,1271,0.567,23.1,47.5,43.97,37.9,123.7,Aggressive,1,441.8,296.7,37.8,36.0,80.71,168.0,Normal Wear
NMC,64.0,1245,0.235,27.6,71.1,41.06,-10.0,74.6,Moderate,0,98.0,317.5,33.6,23.23,79.88,222.1,Degradation Warning
NMC,45.0,1393,0.783,19.9,63.3,46.61,12.8,104.5,Eco,2,1100.5,199.1,34.6,23.35,69.96,139.5,Replacement Required
NMC,75.0,1081,0.375,31.5,65.4,39.96,-8.4,122.2,Moderate,2,718.8,229.8,35.3,36.0,78.78,168.0,Degradation Warning
LFP,58.0,752,0.592,25.6,69.9,33.75,37.4,95.9,Moderate,0,575.1,320.0,33.8,23.32,86.66,214.0,Normal Wear
NMC,75.0,519,0.632,21.2,94.0,29.42,-3.5,120.7,Aggressive,2,155.6,121.6,36.7,36.0,85.59,180.9,Normal Wear
NMC,82.0,1086,0.596,19.3,83.6,39.03,25.0,50.4,Moderate,0,932.9,319.2,32.4,20.59,76.97,306.6,Degradation Warning
LFP,45.0,890,0.773,26.2,74.6,36.5,22.8,55.0,Eco,2,90.5,403.0,36.1,14.97,82.77,253.7,Normal Wear
NMC,100.0,536,0.235,26.4,60.0,25.02,30.5,64.7,Moderate,1,1182.1,131.5,37.5,20.58,87.6,424.0,Normal Wear
NMC,64.0,87,0.119,23.9,41.5,16.84,28.8,71.5,Moderate,2,1011.3,208.1,37.0,19.48,95.87,317.6,Healthy
NMC,45.0,142,0.094,30.0,46.4,17.83,-8.3,114.7,Moderate,0,565.2,273.5,34.9,31.71,94.52,137.8,Healthy
LFP,82.0,355,0.752,29.1,80.2,25.0,10.2,113.8,Moderate,1,806.2,321.4,38.0,29.94,91.12,246.4,Healthy
NMC,82.0,1196,0.829,27.3,60.3,43.8,6.8,90.8,Moderate,1,106.7,158.2,31.4,22.34,73.58,268.3,Replacement Required
LFP,82.0,993,0.292,21.4,58.4,36.19,40.6,48.2,Aggressive,0,586.2,274.6,35.7,25.14,86.6,289.1,Normal Wear
NMC,82.0,798,0.605,22.6,88.9,33.72,30.3,49.0,Moderate,1,983.5,397.3,40.0,21.33,80.94,313.6,Normal Wear
LFP,58.0,1205,0.057,18.6,66.6,38.41,26.8,88.2,Moderate,1,93.8,195.1,38.6,17.47,85.93,290.5,Normal Wear
NMC,64.0,1257,0.201,25.9,89.5,41.54,13.0,75.3,Eco,1,260.4,269.2,36.5,16.37,78.52,305.0,Degradation Warning
NMC,100.0,442,0.601,30.4,88.8,26.51,36.3,50.9,Moderate,0,932.8,288.4,37.2,21.59,85.98,395.3,Normal Wear
LFP,82.0,958,0.103,19.7,44.4,36.75,-9.1,41.8,Moderate,0,550.1,380.6,35.5,25.17,88.85,290.1,Healthy
NMC,82.0,823,0.425,23.6,92.0,33.79,1.9,97.3,Moderate,0,797.9,178.8,35.0,25.72,81.35,257.6,Normal Wear
NMC,75.0,653,0.58,26.7,44.2,32.64,26.1,106.3,Aggressive,0,981.8,375.5,36.7,32.09,84.59,189.1,Normal Wear
NMC,64.0,1273,0.663,30.4,93.0,43.06,16.4,51.1,Moderate,1,174.5,305.7,36.3,17.49,72.89,271.4,Replacement Required
LFP,45.0,1102,0.413,18.1,64.9,39.32,17.8,67.5,Moderate,0,562.3,320.9,38.2,18.14,84.13,214.6,Normal Wear
NMC,64.0,115,0.554,40.3,81.8,19.48,11.6,96.3,Eco,2,675.1,93.2,34.9,20.33,93.96,300.6,Healthy
LFP,64.0,1305,0.482,31.5,78.8,44.5,-1.3,71.9,Moderate,0,738.0,194.8,35.3,22.46,78.89,230.6,Degradation Warning
NMC,100.0,373,0.092,23.4,68.5,22.94,-1.4,121.1,Eco,1,1017.3,111.3,38.3,31.13,90.27,292.3,Healthy
NMC,64.0,1355,0.644,20.6,74.1,48.34,5.3,38.0,Aggressive,0,571.6,266.5,33.4,25.85,73.95,182.1,Replacement Required
NMC,100.0,1179,0.188,28.7,92.2,39.25,14.4,110.4,Moderate,2,380.7,363.2,35.2,27.18,78.33,296.1,Degradation Warning
NMC,82.0,986,0.075,29.8,91.0,33.06,32.9,55.6,Moderate,0,962.9,213.5,37.6,20.26,81.67,335.9,Normal Wear
NMC,82.0,942,0.411,21.1,76.0,36.23,13.2,93.7,Eco,2,1076.2,149.0,32.9,21.49,80.94,311.6,Normal Wear
NMC,58.0,492,0.743,20.3,76.2,29.53,36.7,50.4,Aggressive,1,430.4,176.6,35.1,22.88,85.65,208.3,Normal Wear
NMC,100.0,449,0.171,21.6,53.6,24.25,-3.7,121.6,Moderate,1,871.6,270.6,30.2,36.0,88.89,247.7,Healthy
LFP,100.0,994,0.06,27.4,85.6,34.34,4.1,30.0,Eco,1,254.3,338.6,33.8,19.99,87.23,435.2,Normal Wear
NMC,45.0,556,0.138,27.5,74.8,25.51,-6.3,76.4,Eco,1,108.1,311.5,33.0,21.42,87.93,186.0,Normal Wear
NMC,75.0,1189,0.341,40.0,85.4,41.4,16.5,116.1,Moderate,0,451.8,399.8,33.6,27.95,72.21,191.0,Replacement Required
LFP,64.0,106,0.514,14.0,76.2,20.91,-5.3,72.0,Moderate,0,488.4,379.4,39.0,23.75,96.74,262.1,Healthy
NMC,45.0,128,0.204,23.0,56.5,21.7,31.4,109.0,Moderate,2,136.8,106.7,30.1,23.4,95.21,180.4,Healthy
NMC,100.0,1388,0.692,23.8,50.4,46.71,-7.9,120.0,Eco,0,122.7,316.3,37.2,29.09,72.77,252.8,Replacement Required
LFP,45.0,1309,0.653,29.9,44.2,45.28,14.7,31.8,Eco,1,847.5,207.8,33.9,17.16,80.12,206.6,Normal Wear
LFP,58.0,1013,0.607,30.2,72.2,38.61,11.9,73.9,Moderate,1,862.6,187.7,36.0,20.36,83.1,237.8,Normal Wear
NMC,75.0,1376,0.44,25.8,55.6,48.41,0.5,93.6,Moderate,1,87.0,236.6,33.0,24.9,75.59,228.6,Degradation Warning
LFP,100.0,841,0.342,36.1,74.7,34.61,20.5,108.2,Aggressive,1,608.1,338.2,37.3,31.41,85.51,273.4,Normal Wear
NMC,100.0,956,0.35,20.3,43.2,36.23,10.1,41.3,Moderate,1,671.6,215.9,33.8,21.49,82.47,382.5,Normal Wear
NMC,64.0,1024,0.452,22.8,60.7,40.72,0.3,81.7,Moderate,1,598.3,357.4,31.7,25.52,80.73,200.7,Normal Wear
NMC,75.0,668,0.112,19.1,54.3,28.96,33.0,41.3,Moderate,2,1175.0,235.2,34.7,21.63,85.48,300.7,Normal Wear
LFP,58.0,210,0.596,26.1,60.4,27.03,24.4,100.5,Moderate,1,549.3,91.1,34.4,21.09,94.78,261.1,Healthy
NMC,82.0,952,0.331,25.0,43.0,38.02,-9.4,53.5,Moderate,1,654.3,290.6,33.2,27.7,82.44,242.7,Normal Wear
NMC,45.0,161,0.23,31.7,79.8,19.57,16.1,51.9,Moderate,1,372.2,343.3,35.0,18.17,92.81,228.7,Healthy
NMC,64.0,1116,0.273,38.1,46.4,39.57,4.1,102.0,Eco,0,302.7,180.6,32.7,21.73,75.14,223.3,Degradation Warning
NMC,100.0,859,0.194,35.9,40.8,33.5,37.6,109.2,Moderate,2,982.7,147.7,33.9,28.79,81.46,280.5,Normal Wear
NMC,82.0,1210,0.771,19.7,92.0,44.73,27.7,59.3,Eco,2,1113.5,294.1,36.9,18.1,73.12,330.1,Replacement Required
NMC,58.0,187,0.185,27.3,50.6,19.16,21.8,75.1,Moderate,0,386.1,193.4,36.8,16.84,92.88,318.0,Healthy
NMC,75.0,585,0.756,31.6,85.5,33.75,-5.4,94.3,Moderate,2,1017.3,387.0,35.1,32.86,82.43,193.7,Normal Wear
NMC,45.0,1302,0.508,31.0,93.0,43.3,38.4,99.5,Moderate,0,506.1,338.4,34.6,23.79,72.68,136.3,Replacement Required
NMC,64.0,1154,0.744,40.9,69.4,42.85,-2.5,102.0,Aggressive,0,629.4,231.4,38.6,33.23,68.26,127.6,Replacement Required
NMC,100.0,763,0.429,25.7,68.9,33.28,13.4,64.0,Moderate,1,213.8,411.4,38.2,20.01,83.92,415.1,Normal Wear
NMC,100.0,692,0.792,27.5,60.2,33.21,25.4,78.6,Moderate,2,701.3,190.6,35.0,19.02,81.6,427.4,Normal Wear
NMC,82.0,883,0.219,40.4,63.4,32.43,15.7,36.0,Moderate,1,1143.2,225.6,29.0,21.97,77.72,288.8,Degradation Warning
LFP,82.0,858,0.494,29.5,66.5,35.41,35.9,119.9,Aggressive,2,60.7,297.1,37.0,35.07,86.16,201.8,Normal Wear
NMC,45.0,550,0.151,23.4,48.4,27.2,33.4,95.1,Aggressive,1,313.5,249.2,34.5,25.64,88.66,153.1,Healthy
LFP,75.0,1333,0.408,21.2,60.1,43.71,-3.0,62.6,Eco,1,833.3,190.5,33.9,22.34,82.29,276.4,Normal Wear
NMC,58.0,993,0.506,28.3,84.9,37.55,22.1,64.0,Aggressive,0,322.4,216.2,34.1,20.68,78.24,225.1,Degradation Warning
NMC,75.0,581,0.535,33.4,50.0,30.01,-7.3,34.0,Eco,2,441.6,372.3,38.5,25.2,82.95,246.4,Normal Wear
NMC,75.0,194,0.342,33.3,80.1,22.43,27.5,70.7,Eco,1,348.1,139.4,36.2,14.67,92.33,476.3,Healthy
NMC,75.0,321,0.111,21.8,75.8,23.5,28.3,92.3,Aggressive,2,1161.0,181.2,35.7,27.23,91.35,252.2,Healthy
NMC,45.0,204,0.574,27.6,43.2,23.1,7.9,120.3,Aggressive,2,584.5,139.5,34.0,36.0,91.72,112.2,Healthy
NMC,45.0,1382,0.441,24.3,41.2,44.77,30.9,89.8,Moderate,0,160.6,249.3,38.2,18.58,76.89,183.9,Degradation Warning
NMC,58.0,529,0.16,26.1,59.4,26.13,23.9,90.1,Moderate,2,146.7,126.3,34.7,17.59,87.08,288.5,Normal Wear
NMC,75.0,838,0.799,32.4,78.1,36.26,16.2,103.6,Eco,1,372.4,129.9,39.4,19.62,77.77,290.7,Degradation Warning
NMC,45.0,1353,0.815,26.7,58.2,46.41,13.7,76.0,Moderate,2,481.2,362.0,35.3,19.84,70.08,159.7,Replacement Required
NMC,58.0,1389,0.735,30.9,76.7,45.87,-4.3,28.2,Moderate,1,346.6,316.1,38.1,24.44,68.95,159.6,Replacement Required
NMC,100.0,1124,0.725,31.1,76.6,40.9,17.6,114.0,Eco,1,660.7,136.0,32.8,23.46,72.69,313.7,Replacement Required
NMC,58.0,175,0.129,23.3,84.4,20.0,-1.9,65.2,Moderate,0,1046.2,205.3,34.4,23.72,93.86,233.7,Healthy
LFP,75.0,806,0.845,34.4,45.5,35.42,24.1,123.5,Moderate,1,945.8,390.9,40.0,31.37,82.72,196.7,Normal Wear
NMC,64.0,814,0.37,20.4,71.7,33.55,20.9,65.6,Moderate,2,694.8,374.5,39.0,19.31,84.66,288.4,Normal Wear
LFP,75.0,451,0.18,19.4,43.4,25.1,5.1,91.8,Eco,2,869.1,299.1,38.6,23.81,92.69,289.3,Healthy
NMC,64.0,780,0.7,24.1,49.7,35.35,2.8,71.0,Eco,2,794.9,169.4,35.5,21.32,81.22,240.4,Normal Wear
NMC,58.0,166,0.231,21.1,57.9,18.91,14.8,48.2,Eco,1,79.2,200.7,37.8,14.8,92.89,363.1,Healthy
LFP,100.0,500,0.471,30.6,78.9,23.86,16.6,118.1,Moderate,2,761.6,298.6,40.0,29.41,90.47,298.4,Healthy
LFP,100.0,454,0.152,42.4,93.6,24.25,31.5,87.7,Moderate,1,1046.5,266.2,38.7,22.81,91.18,399.4,Healthy
NMC,45.0,88,0.43,33.8,58.8,18.23,5.8,70.1,Eco,2,996.0,266.2,34.9,21.19,95.8,201.6,Healthy
NMC,100.0,894,0.497,22.1,68.7,33.34,11.0,39.4,Moderate,2,564.1,218.2,38.9,21.26,81.12,389.9,Normal Wear
LFP,82.0,205,0.407,21.0,54.2,20.88,7.9,124.9,Moderate,2,391.1,101.6,34.0,32.21,94.82,237.3,Healthy
LFP,58.0,923,0.106,32.9,77.2,33.27,10.5,114.5,Aggressive,1,453.4,112.5,31.5,33.56,85.39,156.1,Normal Wear
NMC,45.0,701,0.438,19.9,60.2,31.61,19.5,67.3,Moderate,2,679.0,362.4,33.6,19.04,84.85,204.6,Normal Wear
NMC,100.0,223,0.425,21.1,66.5,22.64,19.0,42.1,Eco,2,491.5,379.4,34.6,17.09,91.54,530.0,Healthy
NMC,58.0,573,0.259,29.2,71.2,30.27,8.8,28.0,Eco,1,418.2,382.8,36.2,18.58,85.71,268.2,Normal Wear
NMC,75.0,32,0.787,23.7,77.7,20.48,21.3,40.2,Moderate,1,142.3,236.1,36.1,16.63,97.03,439.8,Healthy
NMC,100.0,685,0.384,27.7,43.3,31.04,22.0,78.4,Eco,0,127.4,397.4,32.8,16.58,84.55,509.7,Normal Wear
NMC,64.0,1317,0.741,25.0,70.5,48.19,17.4,106.6,Moderate,1,35.2,363.2,32.1,23.46,71.85,191.4,Replacement Required
NMC,58.0,1341,0.138,26.8,63.7,41.12,13.5,61.4,Aggressive,0,1192.7,204.5,35.5,25.29,79.32,178.2,Degradation Warning
LFP,45.0,70,0.305,32.2,47.4,16.79,-5.9,68.4,Moderate,2,435.2,148.1,30.0,26.82,95.83,158.7,Healthy
NMC,75.0,519,0.191,30.7,51.4,27.25,18.1,72.3,Aggressive,0,87.2,325.0,37.5,20.81,87.4,313.6,Normal Wear
NMC,82.0,388,0.377,32.5,88.6,26.6,27.1,26.8,Eco,1,681.2,323.9,34.8,16.99,88.38,425.8,Healthy
LFP,75.0,743,0.139,30.8,87.9,32.41,1.2,42.7,Moderate,1,810.1,381.6,31.7,25.75,87.84,250.4,Normal Wear
LFP,100.0,376,0.403,31.3,41.8,22.77,30.4,75.1,Moderate,0,816.9,87.7,34.9,18.85,92.99,494.7,Healthy
NMC,64.0,1046,0.333,27.0,77.9,35.79,20.5,52.9,Moderate,0,1163.3,193.4,36.4,19.68,79.81,261.2,Degradation Warning
NMC,75.0,1297,0.229,18.3,70.5,42.17,2.4,77.3,Moderate,1,255.9,82.2,36.0,20.9,78.02,274.6,Degradation Warning
NMC,82.0,866,0.564,26.4,91.7,36.55,-1.5,35.8,Eco,2,1073.7,143.6,38.4,23.86,80.89,279.8,Normal Wear
NMC,45.0,275,0.811,28.9,89.9,24.91,2.8,105.3,Moderate,1,1087.4,209.9,36.4,29.33,89.84,127.0,Healthy
NMC,58.0,1193,0.216,27.4,71.9,38.74,29.5,103.4,Moderate,0,549.3,113.1,35.7,22.08,80.88,208.5,Normal Wear
NMC,64.0,298,0.619,29.5,47.6,23.15,3.0,92.0,Aggressive,1,1143.4,357.8,34.5,33.96,91.14,167.6,Healthy
NMC,82.0,1102,0.644,39.4,65.3,42.15,25.5,78.1,Moderate,2,242.1,141.0,33.2,16.98,70.64,343.6,Replacement Required
NMC,100.0,465,0.448,24.0,79.9,28.27,18.4,64.0,Moderate,0,407.4,214.0,34.4,18.01,89.02,490.9,Healthy
NMC,100.0,132,0.768,24.6,92.3,23.01,18.4,93.3,Aggressive,0,911.3,350.6,38.2,28.37,91.96,321.7,Healthy
NMC,100.0,855,0.823,34.3,60.0,36.98,34.3,103.2,Moderate,1,1134.1,110.9,33.5,26.3,76.07,291.8,Degradation Warning
NMC,64.0,774,0.34,27.7,83.2,31.48,35.5,105.9,Moderate,1,93.5,286.9,40.0,23.84,82.52,220.4,Normal Wear
NMC,75.0,386,0.571,29.7,77.6,23.86,17.9,59.8,Eco,1,807.3,399.2,33.1,18.01,89.07,368.7,Healthy
NMC,64.0,1103,0.58,23.4,44.3,38.74,-6.6,44.4,Moderate,1,1131.8,229.0,38.1,27.4,78.41,175.0,Degradation Warning
LFP,100.0,348,0.373,22.6,70.7,21.75,-1.6,59.2,Aggressive,0,123.5,154.0,39.1,25.38,92.94,367.9,Healthy
NMC,82.0,747,0.303,19.8,50.1,31.4,39.3,25.8,Moderate,1,219.7,400.1,31.2,21.32,83.01,323.2,Normal Wear
LFP,58.0,1025,0.797,28.0,77.6,40.84,-3.0,67.3,Aggressive,1,812.7,89.0,38.1,29.36,81.21,160.5,Normal Wear
LFP,58.0,739,0.682,21.1,73.6,33.95,33.4,52.3,Eco,0,758.6,179.1,34.2,16.77,87.82,307.3,Normal Wear
NMC,64.0,1106,0.142,20.4,93.5,39.67,18.1,104.0,Aggressive,0,358.1,356.1,31.1,29.11,81.33,179.7,Normal Wear
NMC,100.0,203,0.146,31.0,91.4,20.15,-4.1,92.5,Eco,1,1123.9,123.9,31.1,26.18,92.36,350.4,Healthy
NMC,45.0,1042,0.788,23.2,40.5,38.6,37.8,27.6,Aggressive,2,463.9,99.4,37.4,23.01,77.76,156.2,Degradation Warning
NMC,64.0,330,0.115,19.8,44.4,22.13,38.3,39.4,Eco,0,409.6,230.3,38.4,16.67,91.21,353.9,Healthy
LFP,100.0,196,0.601,19.2,82.3,22.4,22.0,79.2,Moderate,1,1009.5,186.1,35.0,20.13,94.08,466.6,Healthy
NMC,75.0,1116,0.231,32.5,77.7,39.31,10.2,86.8,Eco,0,674.0,349.0,39.4,19.7,77.86,298.2,Degradation Warning
NMC,58.0,866,0.078,26.4,84.1,33.81,21.6,101.9,Eco,1,530.4,188.0,30.7,19.97,84.66,252.0,Normal Wear
NMC,58.0,1210,0.098,24.6,54.7,40.35,22.6,121.8,Eco,0,653.7,304.4,35.5,25.41,81.38,184.3,Normal Wear
NMC,58.0,1268,0.349,28.0,86.7,41.87,22.4,95.2,Moderate,1,860.3,266.1,36.7,22.06,77.27,206.1,Degradation Warning
NMC,45.0,28,0.112,27.5,64.3,17.89,28.1,79.5,Aggressive,0,100.1,278.9,36.6,20.18,95.92,216.2,Healthy
NMC,100.0,255,0.527,23.8,54.4,24.27,-6.5,66.4,Moderate,2,400.4,248.9,30.5,28.63,91.17,319.3,Healthy
NMC,100.0,729,0.568,25.0,40.6,29.88,-4.7,98.8,Eco,1,1032.6,117.4,36.6,26.63,82.62,310.0,Normal Wear
LFP,100.0,943,0.349,31.4,87.9,36.87,4.7,118.5,Eco,1,879.0,91.7,34.9,28.23,85.32,294.5,Normal Wear
NMC,100.0,704,0.644,31.9,69.4,31.88,8.2,67.3,Eco,0,88.5,260.4,36.4,16.95,80.82,480.8,Normal Wear
NMC,45.0,813,0.442,22.0,93.6,31.81,23.2,83.5,Eco,1,552.3,297.3,32.0,16.97,81.44,212.3,Normal Wear
NMC,82.0,1071,0.394,34.7,79.3,39.09,-1.1,45.7,Moderate,2,369.5,323.9,38.6,25.72,75.36,241.5,Degradation Warning
NMC,64.0,827,0.376,39.1,44.4,36.58,18.1,110.7,Moderate,2,951.5,322.7,36.3,26.82,80.09,189.2,Normal Wear
NMC,64.0,46,0.395,25.3,72.4,18.23,-0.4,96.4,Aggressive,1,172.6,329.1,35.9,31.87,97.06,200.6,Healthy
NMC,100.0,569,0.824,25.1,40.9,30.98,8.5,60.5,Moderate,2,173.9,77.1,37.4,19.89,83.68,417.8,Normal Wear
NMC,75.0,1239,0.595,21.6,70.7,43.47,38.6,112.4,Moderate,1,889.9,148.2,37.3,28.38,74.62,195.3,Replacement Required
NMC,58.0,1246,0.302,23.0,59.3,44.6,36.6,122.1,Aggressive,0,1184.6,325.4,37.2,36.0,79.38,135.4,Degradation Warning
NMC,45.0,104,0.637,28.9,75.4,20.58,39.6,53.9,Moderate,1,468.0,113.3,35.9,18.8,96.0,232.4,Healthy
LFP,75.0,1073,0.314,40.9,69.8,39.53,20.8,43.7,Moderate,0,1036.2,135.3,35.5,19.05,80.0,312.7,Normal Wear
NMC,75.0,485,0.151,31.4,54.4,25.13,16.1,108.2,Aggressive,1,477.7,300.9,34.1,30.84,88.88,215.1,Healthy
NMC,100.0,1142,0.43,25.0,48.9,39.72,34.1,83.2,Moderate,1,788.1,352.9,33.4,22.65,78.75,349.2,Degradation Warning
NMC,45.0,1233,0.651,24.5,62.3,45.26,-5.9,113.4,Eco,2,584.1,126.9,34.8,29.96,74.26,108.4,Replacement Required
LFP,64.0,31,0.352,23.0,94.3,16.41,40.9,59.8,Moderate,1,891.9,262.8,37.3,22.0,98.08,283.5,Healthy
NMC,58.0,1032,0.745,33.4,64.0,41.01,14.0,83.1,Moderate,1,68.6,133.5,37.4,17.34,75.38,251.6,Degradation Warning
NMC,64.0,1073,0.36,25.5,81.2,38.21,25.1,82.7,Moderate,1,659.4,143.0,29.2,19.37,79.15,262.6,Degradation Warning
LFP,75.0,1081,0.33,29.7,43.1,37.69,27.9,43.8,Moderate,0,1198.0,238.7,37.1,20.34,84.95,315.5,Normal Wear
LFP,58.0,591,0.849,25.6,60.8,31.41,22.7,124.2,Aggressive,2,901.9,305.9,30.9,36.0,89.01,137.9,Healthy
LFP,82.0,1337,0.436,39.7,71.9,41.65,36.4,91.4,Moderate,0,276.3,271.0,34.4,21.19,76.3,293.3,Degradation Warning
NMC,75.0,933,0.694,23.8,81.3,36.56,5.0,91.4,Eco,1,366.8,102.3,37.4,20.01,78.58,294.8,Degradation Warning
NMC,64.0,199,0.694,22.8,69.1,23.3,17.7,54.7,Moderate,0,827.0,169.9,33.8,18.63,92.88,323.5,Healthy
LFP,64.0,816,0.791,24.1,68.3,35.77,12.4,90.0,Eco,1,178.7,398.4,34.0,18.99,83.57,282.0,Normal Wear
LFP,100.0,1155,0.118,29.5,82.0,37.67,26.6,108.3,Eco,1,8.5,289.7,33.9,20.71,86.12,419.1,Normal Wear
NMC,64.0,1064,0.267,35.6,57.2,39.66,10.5,106.4,Eco,1,927.4,300.3,35.5,24.35,77.9,202.8,Degradation Warning
NMC,45.0,1188,0.664,29.6,45.0,41.55,36.4,117.0,Aggressive,2,719.4,143.9,32.4,35.34,75.54,100.4,Degradation Warning
NMC,75.0,1189,0.5,31.2,59.1,43.51,15.5,39.9,Moderate,0,807.5,405.4,36.4,20.69,74.78,270.4,Replacement Required
LFP,58.0,460,0.498,30.4,48.7,27.36,17.9,43.3,Eco,0,26.5,142.3,37.8,13.42,89.54,390.2,Healthy
NMC,64.0,906,0.183,17.0,93.1,33.9,15.7,96.0,Aggressive,1,454.4,157.9,39.7,25.5,82.4,206.6,Normal Wear
NMC,100.0,440,0.275,26.9,71.8,25.56,22.4,105.8,Aggressive,2,638.1,248.5,34.0,30.18,87.7,293.7,Normal Wear
NMC,100.0,1359,0.467,25.1,64.6,45.33,16.5,92.4,Aggressive,1,837.4,243.6,38.6,27.48,74.78,271.2,Replacement Required
NMC,64.0,1209,0.272,26.2,90.2,39.66,38.7,39.3,Eco,2,1013.5,81.4,34.9,18.76,80.4,275.6,Normal Wear
NMC,45.0,1246,0.218,22.1,89.5,40.12,-3.2,84.5,Eco,0,343.9,330.3,34.2,20.43,79.66,175.3,Degradation Warning
NMC,100.0,487,0.12,32.2,62.9,25.22,-9.3,99.8,Eco,0,1088.4,103.8,35.4,26.08,88.14,338.5,Healthy
NMC,58.0,732,0.175,27.3,88.1,31.21,17.1,38.7,Aggressive,1,806.6,88.9,35.2,21.77,85.33,229.8,Normal Wear
NMC,75.0,404,0.665,27.3,43.5,27.87,29.8,30.6,Moderate,1,478.2,247.5,35.8,18.26,88.38,365.6,Healthy
NMC,82.0,333,0.625,26.1,88.7,26.9,23.7,50.5,Eco,1,794.2,86.9,31.0,16.47,89.02,438.6,Healthy
NMC,45.0,790,0.087,23.2,57.1,29.85,40.1,34.1,Aggressive,0,793.3,140.2,35.3,23.87,85.8,165.8,Normal Wear
NMC,100.0,1298,0.213,16.3,71.1,42.66,-0.5,39.9,Moderate,1,256.3,206.8,33.5,23.3,79.59,337.1,Degradation Warning
NMC,75.0,978,0.498,28.6,54.8,37.53,26.1,45.3,Moderate,2,7.4,281.1,39.6,16.47,79.74,364.4,Degradation Warning
NMC,82.0,936,0.308,27.7,94.2,34.93,32.4,78.1,Moderate,1,147.1,344.0,33.1,19.04,82.38,350.7,Normal Wear
NMC,64.0,42,0.709,30.2,43.9,22.5,37.4,40.6,Moderate,2,1145.9,171.3,33.4,22.31,96.56,280.9,Healthy
NMC,64.0,358,0.678,27.4,64.6,26.75,17.5,85.5,Moderate,1,1030.0,234.9,33.6,21.09,88.01,270.6,Healthy
NMC,58.0,842,0.763,20.5,74.2,38.13,8.9,54.1,Moderate,1,206.9,403.9,34.4,20.6,79.74,225.1,Degradation Warning
LFP,82.0,385,0.5,22.2,73.9,21.67,39.7,56.1,Eco,0,791.4,206.6,36.6,18.22,91.66,410.1,Healthy
NMC,64.0,934,0.332,35.0,80.6,36.93,31.2,121.7,Eco,1,1099.4,318.4,33.1,27.85,78.61,188.7,Degradation Warning
LFP,64.0,1262,0.535,28.9,79.8,44.09,14.5,105.5,Aggressive,2,1099.3,165.0,36.6,31.96,81.08,161.3,Normal Wear
NMC,100.0,494,0.121,31.8,83.6,26.45,23.9,67.4,Aggressive,2,677.3,288.1,32.5,24.16,87.36,359.4,Normal Wear
LFP,58.0,1399,0.058,32.5,52.9,42.97,4.5,69.7,Moderate,2,868.2,351.7,37.2,24.99,83.15,180.4,Normal Wear
LFP,75.0,46,0.064,21.1,60.4,18.83,22.0,36.5,Moderate,2,472.9,390.0,37.9,18.86,97.65,383.0,Healthy
NMC,64.0,961,0.376,25.0,61.0,36.24,18.1,109.5,Eco,2,86.6,398.1,31.5,21.63,80.77,243.5,Normal Wear
NMC,45.0,821,0.232,31.1,92.6,32.79,-8.0,25.4,Moderate,0,634.5,175.7,33.9,23.23,81.85,157.9,Normal Wear
NMC,45.0,820,0.176,22.1,62.5,31.28,35.0,39.4,Moderate,0,381.8,140.3,37.0,17.32,85.18,219.7,Normal Wear
NMC,75.0,879,0.542,24.6,52.2,35.79,15.5,78.4,Moderate,2,488.4,354.9,33.1,20.24,80.47,300.5,Normal Wear
LFP,82.0,1266,0.846,23.9,74.8,45.19,14.9,43.8,Moderate,1,208.6,290.4,36.3,18.32,77.6,345.1,Degradation Warning
LFP,58.0,883,0.192,22.6,63.5,35.1,4.7,88.3,Moderate,1,882.1,215.1,33.2,24.8,88.11,201.6,Healthy
LFP,100.0,709,0.487,26.2,53.8,32.86,0.2,25.4,Moderate,1,1137.9,82.7,36.7,25.02,88.05,353.6,Healthy
NMC,45.0,1191,0.146,24.1,79.3,41.1,5.2,34.8,Moderate,1,840.9,177.7,35.8,22.02,79.05,163.3,Degradation Warning
LFP,45.0,758,0.797,24.6,50.6,34.82,23.8,101.5,Moderate,0,590.7,109.0,37.4,21.22,85.97,184.5,Normal Wear
LFP,75.0,1394,0.283,28.6,74.8,44.17,-4.9,82.7,Aggressive,2,503.2,242.2,35.7,33.86,82.29,176.2,Normal Wear
NMC,82.0,1229,0.753,33.0,63.7,45.16,7.3,26.9,Moderate,2,661.2,359.6,37.2,23.68,72.01,252.1,Replacement Required
NMC,82.0,434,0.276,31.6,57.6,25.53,40.9,45.6,Eco,2,781.5,179.4,35.8,19.46,88.53,375.0,Healthy
LFP,75.0,1001,0.695,28.1,92.0,36.36,4.1,48.9,Eco,0,152.1,195.2,35.6,17.1,82.13,361.5,Normal Wear
NMC,45.0,448,0.218,36.8,57.8,24.72,40.3,109.9,Moderate,0,948.8,344.1,40.0,28.31,87.29,140.3,Normal Wear
LFP,58.0,60,0.284,31.0,59.1,15.28,-4.5,83.3,Moderate,1,6.5,229.6,34.1,23.71,98.98,243.7,Healthy
NMC,45.0,924,0.204,31.8,87.9,33.73,31.3,79.1,Moderate,1,1014.1,303.9,35.0,20.57,80.5,173.2,Normal Wear
LFP,82.0,1031,0.261,26.0,47.1,38.42,12.9,33.7,Aggressive,1,602.8,136.0,33.8,23.75,87.14,296.9,Normal Wear
NMC,100.0,722,0.718,24.7,45.9,33.34,0.1,90.7,Moderate,0,521.5,157.8,34.2,24.09,82.56,345.3,Normal Wear
NMC,45.0,98,0.561,29.3,55.5,20.0,30.9,40.6,Eco,2,145.1,292.2,34.4,15.26,93.73,275.8,Healthy
NMC,58.0,736,0.375,32.4,72.5,31.74,-9.6,77.2,Moderate,1,701.0,109.2,35.6,25.99,82.53,190.3,Normal Wear
LFP,64.0,563,0.827,28.0,61.1,31.24,8.1,84.3,Moderate,1,106.8,131.3,34.6,19.67,86.88,281.1,Normal Wear
LFP,45.0,493,0.422,23.2,73.5,26.99,21.5,109.2,Eco,0,1039.2,181.2,36.7,22.28,90.65,183.2,Healthy
NMC,75.0,1185,0.826,19.3,48.8,45.83,2.0,105.6,Moderate,2,362.7,133.2,34.6,28.66,73.08,186.8,Replacement Required
NMC,64.0,1294,0.207,17.5,54.4,40.08,7.3,44.0,Aggressive,1,207.1,411.4,36.8,25.81,79.86,194.1,Degradation Warning
LFP,75.0,313,0.774,27.3,71.1,26.18,-5.2,116.6,Moderate,0,301.4,159.6,37.1,30.46,91.19,222.3,Healthy
NMC,75.0,629,0.061,31.9,51.9,28.61,34.4,25.3,Moderate,1,639.8,404.1,34.8,20.95,86.5,305.7,Normal Wear
LFP,75.0,155,0.486,13.2,63.3,19.94,12.0,58.0,Eco,1,671.9,366.2,30.9,19.36,94.29,368.7,Healthy
NMC,45.0,503,0.388,23.4,71.5,28.17,-2.4,31.6,Eco,2,406.1,186.4,36.2,21.73,87.56,184.6,Normal Wear
NMC,82.0,1355,0.47,22.4,93.6,44.12,0.4,97.1,Aggressive,1,946.0,262.1,36.0,34.98,74.39,166.7,Replacement Required
NMC,64.0,833,0.493,29.3,44.4,35.19,4.3,75.0,Moderate,0,453.5,188.3,33.5,20.45,81.8,252.5,Normal Wear
NMC,58.0,574,0.361,23.0,65.3,27.13,1.9,42.5,Aggressive,2,525.0,316.1,32.5,30.49,86.49,162.5,Normal Wear
LFP,82.0,65,0.849,19.6,61.8,21.5,16.2,33.5,Aggressive,1,156.1,196.7,34.4,21.0,97.41,382.0,Healthy
NMC,45.0,1279,0.831,23.3,85.3,48.24,37.1,47.6,Moderate,1,162.7,233.2,34.4,18.14,70.93,174.5,Replacement Required
NMC,75.0,1091,0.819,22.4,89.5,40.65,-0.4,117.1,Aggressive,2,121.5,321.6,35.1,36.0,74.57,145.1,Replacement Required
LFP,58.0,217,0.833,27.1,89.9,23.84,13.6,92.8,Eco,0,175.9,215.8,34.9,17.4,93.24,305.2,Healthy
NMC,64.0,103,0.684,25.7,60.6,23.15,24.5,49.2,Eco,2,1080.2,311.3,34.9,17.8,95.55,348.7,Healthy
NMC,82.0,562,0.841,29.7,56.8,32.77,-0.4,114.4,Eco,2,821.9,199.6,29.3,31.01,83.59,218.4,Normal Wear
LFP,100.0,1204,0.764,27.0,64.7,45.76,-2.0,38.6,Eco,0,806.4,209.8,37.5,20.82,79.01,381.3,Degradation Warning
NMC,82.0,90,0.383,33.1,58.9,18.65,-1.9,93.8,Moderate,0,175.1,182.5,32.4,24.12,94.04,322.6,Healthy
NMC,58.0,539,0.678,24.3,79.5,30.26,35.9,67.5,Moderate,1,623.4,416.3,33.8,21.15,84.97,228.0,Normal Wear
LFP,45.0,917,0.78,30.7,51.7,38.57,27.0,51.8,Eco,1,586.4,246.7,32.0,16.02,81.96,230.0,Normal Wear
NMC,64.0,932,0.62,28.9,76.2,36.43,7.5,51.2,Eco,0,345.1,147.7,40.0,16.55,79.13,312.1,Degradation Warning
NMC,58.0,1095,0.388,25.2,91.0,37.89,36.9,75.1,Moderate,1,324.1,268.5,35.8,19.08,78.88,240.9,Degradation Warning
NMC,75.0,1088,0.103,31.1,55.4,35.89,39.6,118.1,Moderate,1,914.9,234.2,34.4,31.09,81.56,197.1,Normal Wear
LFP,64.0,312,0.698,22.2,77.2,24.82,10.7,99.2,Moderate,1,357.8,342.6,32.0,24.66,91.37,237.0,Healthy
NMC,82.0,957,0.812,34.4,47.9,37.48,16.5,91.2,Moderate,0,711.0,397.5,36.2,22.42,73.42,272.8,Replacement Required
NMC,58.0,831,0.34,22.3,46.7,32.85,8.6,112.6,Eco,0,1103.3,108.8,34.5,24.99,83.49,201.3,Normal Wear
LFP,82.0,886,0.172,19.0,46.4,32.54,1.8,82.0,Eco,0,616.7,413.4,35.2,21.02,89.45,341.7,Healthy
LFP,82.0,399,0.311,18.5,47.6,25.46,30.6,44.2,Moderate,2,724.8,127.7,37.6,18.74,92.28,411.7,Healthy
NMC,82.0,1026,0.516,27.5,51.9,39.09,23.8,122.7,Eco,1,1050.3,165.7,31.1,27.06,80.7,246.5,Normal Wear
NMC,45.0,281,0.304,23.6,71.0,21.76,9.1,78.5,Aggressive,1,865.2,341.4,36.9,27.18,91.09,153.4,Healthy
NMC,82.0,599,0.538,28.1,82.2,29.8,-9.3,56.5,Moderate,2,16.2,124.4,32.1,26.85,84.28,256.2,Normal Wear
LFP,75.0,1222,0.823,20.4,47.0,45.1,29.7,102.8,Moderate,1,173.8,356.1,36.9,22.79,79.53,268.4,Degradation Warning
NMC,75.0,376,0.587,29.9,87.9,25.61,14.8,71.4,Moderate,2,322.8,305.7,36.1,19.0,89.11,351.6,Healthy
NMC,64.0,717,0.34,28.1,86.3,30.67,-6.2,26.2,Eco,0,516.5,351.9,29.1,21.92,84.1,245.9,Normal Wear
LFP,100.0,1244,0.799,24.3,80.0,43.08,-3.5,57.0,Moderate,2,331.3,267.2,35.2,26.53,78.71,293.7,Degradation Warning
LFP,82.0,1056,0.503,30.7,63.4,40.7,22.7,70.7,Moderate,0,553.6,414.5,32.7,19.88,82.49,336.1,Normal Wear
NMC,82.0,462,0.153,30.5,40.1,23.21,18.4,62.3,Moderate,0,940.6,277.5,37.7,19.85,88.46,362.0,Healthy
LFP,58.0,745,0.449,27.6,80.4,32.22,2.5,80.2,Moderate,2,1167.6,208.4,35.6,26.24,88.25,198.8,Healthy
NMC,45.0,305,0.573,32.3,88.3,23.48,-2.7,43.3,Moderate,0,755.2,408.3,32.1,24.45,88.09,166.4,Healthy
LFP,100.0,1301,0.721,33.7,58.4,45.52,36.0,82.2,Aggressive,0,1044.2,95.8,33.7,26.23,75.25,290.3,Degradation Warning
NMC,64.0,589,0.799,22.3,79.5,31.04,-3.0,123.7,Moderate,0,412.5,250.1,38.2,32.97,84.04,162.8,Normal Wear
NMC,100.0,859,0.304,33.8,43.4,34.1,-5.5,100.4,Eco,1,164.2,291.2,34.2,25.73,81.19,318.8,Normal Wear
LFP,82.0,517,0.174,21.6,79.0,25.38,22.2,93.5,Eco,1,999.6,190.9,32.9,19.8,91.7,377.0,Healthy
NMC,58.0,724,0.109,31.6,43.8,29.59,3.1,45.1,Moderate,1,926.0,102.2,38.8,22.67,85.64,219.0,Normal Wear
NMC,45.0,1376,0.641,32.7,72.3,44.75,24.1,83.2,Moderate,0,283.4,213.5,35.7,17.18,69.21,179.3,Replacement Required
LFP,64.0,581,0.686,26.0,72.9,29.53,15.4,107.0,Moderate,1,646.3,353.7,34.8,25.76,87.34,214.5,Normal Wear
LFP,100.0,51,0.377,26.7,56.6,17.73,1.0,49.1,Aggressive,1,1192.6,269.9,32.8,32.55,98.47,303.2,Healthy
NMC,64.0,62,0.367,25.2,44.4,18.64,-6.4,33.7,Aggressive,1,1166.2,335.3,32.3,34.99,95.91,177.5,Healthy
LFP,82.0,1394,0.813,22.1,92.2,47.58,-6.3,91.2,Moderate,1,542.6,321.2,37.9,28.46,75.1,215.3,Degradation Warning
NMC,64.0,1377,0.783,23.2,69.5,48.88,20.5,92.4,Eco,2,340.4,170.3,33.4,17.05,71.39,270.2,Replacement Required
NMC,58.0,578,0.237,30.0,71.9,26.16,29.4,105.4,Moderate,1,352.3,158.7,34.0,22.5,87.09,224.5,Normal Wear
NMC,64.0,289,0.675,32.1,73.8,24.51,25.9,88.0,Eco,1,1053.7,346.8,36.3,19.34,90.09,290.9,Healthy
NMC,75.0,962,0.548,26.9,89.0,34.8,20.8,109.8,Eco,1,802.8,129.6,37.6,21.91,79.42,268.6,Degradation Warning
LFP,58.0,1062,0.173,20.9,43.3,37.08,1.0,51.6,Aggressive,1,719.2,267.9,34.3,29.15,88.44,177.4,Healthy
NMC,100.0,1390,0.335,20.1,89.1,44.01,34.8,28.5,Moderate,0,321.5,404.7,32.9,20.41,76.2,375.0,Degradation Warning
NMC,45.0,56,0.192,26.4,53.2,16.65,22.7,98.3,Aggressive,0,487.7,253.9,30.9,26.66,96.07,160.4,Healthy
NMC,45.0,111,0.286,23.8,44.3,18.12,26.1,63.6,Aggressive,2,669.3,352.3,40.0,22.79,95.03,184.4,Healthy
LFP,82.0,204,0.542,34.1,76.1,22.86,1.6,46.0,Moderate,1,625.4,159.6,36.9,22.96,94.46,342.1,Healthy
NMC,82.0,747,0.35,22.8,93.7,32.38,3.6,30.2,Aggressive,1,63.2,90.3,36.7,24.28,82.98,282.7,Normal Wear
NMC,75.0,1071,0.365,30.6,43.1,37.16,37.2,100.5,Moderate,1,584.1,191.9,30.7,24.91,79.01,231.0,Degradation Warning
NMC,100.0,391,0.482,23.3,63.4,25.44,14.8,107.6,Eco,0,732.6,271.2,33.9,23.29,88.91,382.1,Healthy
NMC,45.0,851,0.12,25.3,69.1,30.91,18.8,63.9,Moderate,2,945.2,294.0,35.6,19.24,84.92,198.8,Normal Wear
NMC,45.0,364,0.641,28.0,53.9,24.08,-4.2,113.5,Moderate,0,154.3,257.7,33.9,29.08,88.79,134.9,Healthy
LFP,45.0,1239,0.371,30.1,94.1,42.49,10.5,66.6,Moderate,1,989.5,221.5,32.7,21.61,81.65,169.4,Normal Wear
LFP,45.0,97,0.434,29.5,75.3,18.18,36.1,120.2,Aggressive,0,111.5,414.9,31.9,35.15,94.75,116.7,Healthy
NMC,64.0,186,0.829,23.6,86.4,22.96,36.8,123.3,Moderate,1,599.2,311.0,35.0,31.23,93.18,193.8,Healthy
LFP,100.0,1133,0.325,27.6,62.9,39.88,28.0,106.8,Eco,1,101.8,403.8,34.2,21.29,85.55,407.0,Normal Wear
LFP,58.0,283,0.569,24.8,59.5,24.05,18.4,50.6,Eco,1,980.9,131.8,33.9,16.44,93.71,327.5,Healthy
LFP,58.0,1251,0.364,18.4,70.4,43.89,38.4,61.6,Moderate,1,556.5,419.8,33.7,21.5,83.74,225.1,Normal Wear
NMC,75.0,743,0.765,28.4,63.9,32.94,35.3,78.3,Eco,0,744.7,316.1,35.9,18.2,81.79,333.1,Normal Wear
NMC,64.0,1314,0.727,34.6,79.3,47.11,34.0,57.9,Eco,0,598.7,410.2,31.4,18.33,69.78,242.2,Replacement Required
NMC,45.0,1306,0.243,36.3,54.6,43.27,35.9,106.9,Moderate,1,553.3,282.1,37.2,25.4,75.33,135.8,Degradation Warning
NMC,45.0,531,0.603,28.9,64.7,30.15,13.6,117.8,Moderate,2,219.2,123.9,32.1,26.82,85.96,143.6,Normal Wear
LFP,82.0,595,0.102,28.5,89.2,27.04,17.3,123.6,Moderate,1,1132.2,191.8,36.4,31.01,91.39,244.3,Healthy
LFP,82.0,741,0.821,12.0,81.6,33.6,12.0,58.6,Moderate,0,874.4,88.5,28.9,20.7,85.21,345.4,Normal Wear
LFP,75.0,1355,0.329,43.4,49.2,44.19,28.5,52.0,Eco,2,680.2,123.0,35.3,15.71,74.3,352.7,Replacement Required
NMC,45.0,1217,0.715,35.6,88.8,42.48,20.8,41.1,Moderate,2,247.0,419.4,34.1,17.84,69.48,175.9,Replacement Required
NMC,75.0,450,0.305,31.6,72.4,24.64,-6.4,29.7,Eco,0,480.5,390.5,37.4,21.34,87.42,305.8,Normal Wear
LFP,64.0,787,0.556,27.4,77.4,34.26,-2.9,42.7,Aggressive,1,410.8,385.6,33.7,30.57,86.17,182.9,Normal Wear
LFP,58.0,482,0.837,13.6,56.2,30.92,0.0,53.5,Moderate,0,906.6,70.7,36.3,21.76,89.09,237.7,Healthy
NMC,45.0,120,0.751,28.1,64.3,19.98,24.9,64.1,Eco,2,231.5,227.7,35.1,14.33,93.25,293.7,Healthy
LFP,100.0,1059,0.178,27.2,84.4,38.82,-4.3,36.0,Moderate,1,800.7,343.7,33.0,27.41,86.63,316.1,Normal Wear
LFP,64.0,1301,0.488,18.5,58.2,42.46,18.1,107.0,Eco,1,1083.0,149.3,33.3,22.3,82.31,235.9,Normal Wear
NMC,45.0,263,0.329,29.7,49.1,21.87,33.7,86.9,Moderate,0,1006.1,217.0,34.6,21.32,91.08,193.6,Healthy
NMC,100.0,1391,0.397,34.4,60.8,44.86,39.3,81.3,Eco,1,407.3,141.7,37.8,17.94,72.12,402.6,Replacement Required
NMC,82.0,1292,0.318,29.0,43.8,42.17,12.3,79.5,Moderate,2,182.1,312.4,36.2,20.06,78.64,325.5,Degradation Warning
NMC,75.0,124,0.319,29.0,79.5,19.11,17.7,54.0,Moderate,1,435.1,316.4,33.3,18.59,94.46,380.4,Healthy
NMC,82.0,713,0.484,29.4,48.1,32.33,33.2,118.8,Moderate,0,473.3,169.0,35.1,27.64,84.19,255.8,Normal Wear
LFP,58.0,1330,0.204,25.1,55.7,44.35,38.7,48.2,Eco,2,644.8,237.1,31.6,18.98,85.51,262.0,Normal Wear
NMC,82.0,1212,0.48,31.6,88.5,41.88,10.3,91.9,Moderate,1,54.3,228.1,33.3,21.43,74.0,291.1,Replacement Required
NMC,45.0,1090,0.273,36.1,69.7,37.34,8.4,50.3,Moderate,2,612.9,342.3,35.0,22.24,76.97,160.4,Degradation Warning
NMC,100.0,1086,0.281,27.2,57.7,37.12,13.4,124.0,Moderate,1,726.0,306.3,32.0,32.61,81.23,248.8,Normal Wear
NMC,82.0,1364,0.641,22.5,70.1,46.51,3.2,116.2,Aggressive,1,1130.3,93.9,34.1,36.0,72.56,164.2,Replacement Required
LFP,45.0,837,0.074,18.7,52.0,33.16,34.7,51.5,Eco,0,869.7,122.9,38.6,16.59,89.05,237.1,Healthy
NMC,58.0,240,0.355,30.0,41.4,21.15,6.5,123.7,Moderate,0,33.9,364.0,32.9,30.63,91.79,179.1,Healthy
NMC,100.0,163,0.376,30.7,73.2,21.62,13.4,87.6,Eco,1,210.2,407.9,37.9,18.95,91.75,491.8,Healthy
LFP,82.0,909,0.438,29.2,79.3,38.41,6.6,97.9,Eco,2,570.5,292.7,32.7,23.95,82.97,281.8,Normal Wear
NMC,75.0,1071,0.585,25.6,88.4,41.51,-3.8,53.3,Eco,0,1171.1,197.7,30.3,22.54,77.62,258.4,Degradation Warning
NMC,75.0,809,0.346,28.7,82.5,32.39,21.5,46.6,Moderate,2,721.4,147.4,36.4,18.03,82.21,343.0,Normal Wear
NMC,100.0,572,0.221,23.8,91.0,29.0,20.6,110.8,Moderate,2,1013.1,330.2,30.5,28.64,86.55,302.5,Normal Wear
NMC,75.0,863,0.758,22.7,94.2,37.92,5.3,52.5,Moderate,1,124.7,293.4,35.3,20.87,78.97,280.6,Degradation Warning
NMC,82.0,678,0.835,21.0,81.0,33.64,-8.4,116.8,Moderate,2,524.6,388.1,33.1,36.0,81.75,190.3,Normal Wear
NMC,82.0,856,0.066,21.1,87.7,33.59,38.7,61.7,Moderate,1,26.8,386.1,38.5,19.73,83.86,348.8,Normal Wear
NMC,100.0,1038,0.487,30.2,77.1,39.6,8.5,25.9,Eco,1,298.0,177.5,37.3,17.77,79.32,454.0,Degradation Warning
LFP,82.0,1210,0.323,25.4,49.4,42.64,18.0,84.2,Moderate,1,973.6,351.0,36.4,21.46,84.71,322.9,Normal Wear
NMC,45.0,770,0.272,22.9,50.0,32.72,-2.5,60.4,Eco,2,746.6,158.8,35.3,22.64,86.57,172.3,Normal Wear
NMC,58.0,268,0.319,18.8,46.1,23.18,3.1,122.6,Eco,2,338.5,343.7,36.1,30.1,90.89,173.4,Healthy
NMC,75.0,794,0.561,31.0,91.9,33.02,12.6,63.7,Moderate,2,1010.4,128.8,38.0,21.04,80.17,280.4,Normal Wear
NMC,45.0,783,0.203,33.4,77.0,31.87,19.2,56.4,Aggressive,0,882.2,191.7,31.9,23.01,82.68,161.5,Normal Wear
LFP,100.0,1154,0.78,20.9,83.4,41.86,34.4,81.6,Eco,1,602.1,100.1,32.1,17.87,79.54,442.5,Degradation Warning
NMC,75.0,711,0.423,26.3,58.2,33.19,5.1,98.0,Moderate,1,53.1,173.5,35.3,23.53,84.92,274.4,Normal Wear
LFP,45.0,839,0.31,21.4,65.3,32.01,35.3,121.7,Eco,1,1087.6,181.4,35.2,27.1,86.14,142.6,Normal Wear
NMC,82.0,738,0.662,26.1,42.2,31.11,13.8,32.0,Aggressive,1,802.9,304.0,39.1,25.42,83.64,267.4,Normal Wear
NMC,100.0,253,0.063,30.6,88.9,18.74,12.5,67.0,Moderate,0,976.2,320.3,36.9,21.84,90.53,408.8,Healthy
NMC,100.0,43,0.395,36.7,86.9,17.96,10.6,91.4,Moderate,2,1123.0,275.8,32.7,26.42,96.1,366.2,Healthy
LFP,75.0,1069,0.334,24.3,83.2,35.96,36.1,25.5,Eco,2,166.0,339.5,34.5,17.36,84.97,365.0,Normal Wear
NMC,82.0,1025,0.321,31.2,43.2,35.15,3.1,73.9,Aggressive,0,903.4,228.1,35.3,27.65,80.42,240.0,Normal Wear
NMC,75.0,1389,0.32,31.3,49.6,45.5,34.6,105.7,Moderate,1,185.5,289.8,30.4,24.98,75.39,228.0,Degradation Warning
NMC,64.0,541,0.075,26.1,58.4,24.6,-5.4,30.1,Eco,1,618.8,195.7,34.1,22.13,88.02,257.3,Healthy
LFP,45.0,36,0.172,34.0,54.5,17.96,39.7,59.1,Moderate,2,872.4,252.5,33.2,22.19,98.05,195.0,Healthy
NMC,64.0,264,0.164,25.0,86.1,19.67,16.2,65.1,Eco,2,624.4,119.4,33.1,16.15,91.44,364.9,Healthy
LFP,45.0,737,0.841,29.6,50.7,32.22,41.9,96.6,Eco,2,567.1,283.8,31.8,22.52,85.78,170.0,Normal Wear
NMC,58.0,789,0.068,23.6,69.3,29.95,21.6,54.6,Eco,2,340.0,141.7,34.4,14.46,85.96,345.9,Normal Wear
NMC,100.0,736,0.184,30.2,71.4,29.28,-3.9,49.6,Eco,1,921.6,231.3,39.9,23.37,84.86,362.5,Normal Wear
NMC,75.0,1245,0.829,29.6,63.4,43.32,-6.8,36.6,Moderate,1,107.3,302.9,31.4,25.26,72.69,220.1,Replacement Required
NMC,58.0,1291,0.553,34.1,53.2,44.0,0.1,124.6,Moderate,0,278.1,219.7,33.0,32.16,72.59,132.2,Replacement Required
NMC,58.0,137,0.411,38.0,92.8,20.41,11.9,72.2,Moderate,2,54.2,148.1,37.8,17.78,93.16,304.7,Healthy
NMC,100.0,28,0.113,32.5,62.7,17.9,28.9,29.8,Aggressive,1,212.5,303.2,38.0,21.99,96.37,448.0,Healthy
LFP,100.0,617,0.586,31.0,80.0,30.42,-10.0,32.7,Moderate,1,489.2,368.4,30.7,28.65,88.74,315.7,Healthy
NMC,45.0,42,0.16,24.7,50.1,17.15,3.4,37.8,Moderate,1,35.7,245.1,34.0,20.41,97.76,213.9,Healthy
NMC,64.0,259,0.587,13.4,85.3,22.11,20.6,46.2,Eco,1,272.2,265.2,36.0,15.02,89.98,381.6,Healthy
NMC,82.0,46,0.833,34.8,51.9,19.83,5.5,99.0,Eco,1,48.8,206.8,35.8,21.13,96.92,375.5,Healthy
NMC,45.0,1003,0.476,38.1,77.1,39.47,8.6,80.9,Moderate,0,1050.9,274.1,34.2,22.21,75.55,153.4,Degradation Warning
NMC,82.0,1124,0.221,28.9,67.9,40.49,5.6,102.7,Moderate,2,1068.0,243.4,37.7,29.76,79.64,215.0,Degradation Warning
NMC,58.0,218,0.55,21.0,48.1,24.57,39.6,27.0,Aggressive,0,838.2,331.3,36.6,25.91,92.98,211.5,Healthy
NMC,82.0,794,0.46,35.3,41.4,33.49,-6.6,51.5,Eco,1,713.4,154.1,33.8,22.85,80.9,288.3,Normal Wear
LFP,64.0,111,0.477,33.6,91.2,18.49,37.2,65.6,Aggressive,0,955.0,240.2,31.4,26.09,95.12,238.3,Healthy
LFP,45.0,870,0.432,14.8,46.9,34.06,6.8,67.9,Eco,2,337.7,180.7,37.8,18.26,86.08,214.7,Normal Wear
NMC,100.0,1127,0.589,27.8,78.8,40.68,2.8,30.4,Moderate,0,890.4,103.0,40.0,22.15,76.93,344.1,Degradation Warning
NMC,64.0,319,0.508,28.5,75.9,23.75,35.9,76.2,Aggressive,1,396.2,205.3,33.7,23.28,89.15,244.7,Healthy
NMC,64.0,315,0.84,17.4,58.8,26.47,4.9,53.7,Moderate,1,531.5,403.6,38.9,22.97,88.64,241.4,Healthy
NMC,45.0,666,0.711,20.5,50.2,33.49,41.3,44.1,Moderate,1,1176.1,231.2,35.6,22.49,83.56,168.6,Normal Wear
NMC,100.0,1324,0.262,33.5,49.8,41.82,18.5,92.1,Moderate,2,1015.0,261.0,35.6,22.75,75.29,327.4,Degradation Warning
NMC,64.0,1020,0.631,27.4,72.2,41.48,14.8,33.4,Aggressive,2,502.4,329.8,39.9,23.91,77.62,207.9,Degradation Warning
LFP,100.0,1102,0.221,21.3,70.1,38.46,40.8,111.7,Eco,2,1086.0,414.7,39.1,28.51,85.56,298.3,Normal Wear
LFP,75.0,928,0.676,23.0,88.2,39.24,1.8,115.0,Eco,0,116.7,214.1,32.4,25.19,83.81,254.3,Normal Wear
NMC,75.0,890,0.168,19.8,75.2,34.32,37.3,57.6,Moderate,0,1083.5,251.2,35.6,21.51,84.38,293.9,Normal Wear
NMC,75.0,1385,0.429,27.5,85.1,47.86,20.8,123.7,Eco,0,1067.1,409.0,37.2,28.15,73.68,203.7,Replacement Required
NMC,82.0,772,0.682,31.5,41.8,33.14,29.3,65.1,Moderate,1,776.2,220.1,33.6,19.4,80.11,330.7,Normal Wear
LFP,64.0,361,0.274,34.1,76.9,23.25,20.3,121.2,Eco,1,389.6,346.6,37.2,24.79,90.35,231.0,Healthy
NMC,45.0,81,0.72,23.0,52.9,20.33,22.2,123.7,Aggressive,1,986.6,225.3,31.9,36.0,95.4,127.7,Healthy
NMC,45.0,795,0.565,24.9,53.9,34.51,-1.9,107.7,Moderate,1,326.6,149.7,34.4,28.44,82.31,128.9,Normal Wear
LFP,82.0,644,0.368,30.0,79.6,30.24,-2.1,37.5,Moderate,0,170.6,397.7,39.0,22.42,87.92,324.1,Normal Wear
NMC,45.0,275,0.389,32.7,83.6,23.3,10.7,83.4,Aggressive,1,661.4,319.2,36.2,26.29,90.14,151.0,Healthy
LFP,75.0,847,0.791,29.2,60.4,36.85,8.0,98.2,Aggressive,1,154.6,372.2,37.1,29.8,84.03,219.9,Normal Wear
NMC,64.0,1033,0.224,34.6,83.5,37.67,27.0,32.7,Aggressive,2,428.9,110.6,35.4,20.17,79.48,251.2,Degradation Warning
NMC,45.0,1390,0.605,37.9,64.4,45.85,27.6,114.4,Moderate,1,695.7,316.7,34.4,26.65,68.0,110.4,Replacement Required
NMC,45.0,1347,0.616,17.2,87.2,46.2,19.3,110.2,Eco,1,249.1,294.1,37.7,20.79,73.08,157.8,Replacement Required
LFP,58.0,634,0.788,36.1,41.4,35.79,10.9,118.4,Moderate,1,496.5,239.4,39.7,28.97,85.7,167.4,Normal Wear
LFP,58.0,264,0.621,34.8,44.6,24.01,25.2,76.4,Moderate,0,369.7,119.7,37.3,16.33,93.98,329.3,Healthy
LFP,58.0,776,0.518,19.9,82.7,31.89,25.7,57.4,Moderate,2,185.2,215.2,34.3,16.42,86.87,301.1,Normal Wear
NMC,64.0,843,0.772,29.8,74.3,35.74,32.1,75.6,Aggressive,1,760.6,286.2,39.4,24.18,80.18,209.1,Normal Wear
LFP,75.0,799,0.713,30.8,70.7,34.71,32.2,97.9,Aggressive,1,720.2,307.1,37.0,28.94,83.2,217.6,Normal Wear
NMC,100.0,751,0.623,20.5,73.8,32.7,-6.4,66.6,Moderate,1,670.8,110.9,32.5,26.06,82.32,321.3,Normal Wear
NMC,75.0,897,0.076,26.6,91.2,33.54,9.5,60.2,Moderate,2,1117.4,225.3,35.3,23.35,83.62,271.7,Normal Wear
LFP,75.0,1260,0.349,27.9,76.1,43.25,11.8,32.7,Moderate,0,1111.8,218.9,35.4,21.25,83.18,295.5,Normal Wear
NMC,64.0,535,0.556,20.5,75.6,27.47,34.0,69.7,Moderate,2,686.8,345.2,36.1,20.72,85.03,262.5,Normal Wear
NMC,64.0,493,0.468,25.0,81.8,25.63,16.1,64.3,Moderate,1,886.5,84.4,31.9,19.1,87.75,294.2,Normal Wear
NMC,58.0,55,0.305,35.4,87.7,20.9,15.4,91.3,Moderate,2,965.9,344.9,34.0,23.38,96.63,236.0,Healthy
NMC,45.0,1221,0.166,37.1,54.4,39.29,18.8,68.9,Moderate,1,131.8,344.2,35.4,16.75,76.27,206.3,Degradation Warning
NMC,82.0,1060,0.492,20.4,73.9,40.85,-3.4,25.4,Moderate,2,1013.9,314.0,33.2,29.15,77.44,216.3,Degradation Warning
NMC,82.0,849,0.279,12.0,72.1,34.57,19.4,73.4,Eco,1,6.1,384.9,34.2,15.37,83.82,447.6,Normal Wear
NMC,100.0,1091,0.236,34.4,47.4,37.51,18.7,102.4,Eco,1,2.4,232.8,39.0,18.79,78.1,416.6,Degradation Warning
LFP,45.0,1105,0.369,37.9,68.6,38.37,29.2,119.5,Aggressive,0,372.4,103.6,33.5,31.67,79.53,114.5,Degradation Warning
LFP,100.0,1112,0.678,32.3,43.8,40.58,23.0,44.3,Eco,1,951.6,186.0,36.5,17.25,79.17,458.8,Degradation Warning
NMC,58.0,385,0.44,25.3,50.2,24.81,39.7,67.3,Moderate,0,1105.7,283.9,36.8,21.86,88.91,238.8,Healthy
NMC,100.0,1205,0.223,20.5,90.2,41.18,-5.8,109.7,Moderate,0,479.1,183.0,33.2,30.19,78.78,257.9,Degradation Warning
NMC,45.0,964,0.144,30.7,46.6,33.47,30.1,29.3,Aggressive,1,757.2,291.5,33.9,23.46,83.48,155.8,Normal Wear
NMC,45.0,995,0.449,33.3,71.8,39.13,29.1,60.0,Moderate,1,567.1,85.3,35.9,16.69,77.03,202.6,Degradation Warning
NMC,82.0,450,0.685,23.0,57.8,27.35,4.0,84.1,Eco,1,335.6,94.6,36.4,19.12,86.51,372.0,Normal Wear
NMC,58.0,878,0.572,28.7,70.5,34.24,26.3,59.3,Eco,1,1041.3,73.7,32.9,16.42,79.9,283.0,Degradation Warning
NMC,64.0,249,0.236,24.4,52.9,21.62,24.3,73.9,Eco,2,704.3,411.6,37.3,17.25,91.46,339.0,Healthy
NMC,100.0,389,0.399,31.5,64.4,28.06,5.5,118.9,Eco,0,827.2,161.6,37.3,27.41,87.58,320.9,Normal Wear
NMC,82.0,197,0.734,14.6,87.7,22.34,27.6,27.4,Aggressive,1,740.6,348.4,35.4,23.97,92.39,321.0,Healthy
NMC,100.0,587,0.192,29.4,60.7,28.05,38.4,32.8,Moderate,2,100.8,380.4,33.7,21.05,86.71,404.6,Normal Wear
LFP,100.0,1313,0.476,24.8,59.4,44.28,5.9,44.7,Eco,2,995.5,125.2,36.9,21.24,81.4,381.5,Normal Wear
LFP,64.0,1249,0.335,38.0,64.5,44.25,41.0,63.5,Moderate,0,46.2,139.7,34.7,17.53,78.17,282.7,Degradation Warning
NMC,58.0,812,0.149,28.9,45.5,31.01,1.7,72.1,Moderate,1,828.9,203.8,36.3,23.49,84.93,206.6,Normal Wear
LFP,45.0,919,0.09,31.2,61.3,35.04,-3.0,28.7,Moderate,2,169.6,246.4,39.1,24.51,87.25,162.6,Normal Wear
NMC,75.0,994,0.495,21.3,40.4,36.14,-6.0,113.3,Aggressive,2,656.9,257.2,36.3,36.0,80.31,167.2,Normal Wear
LFP,100.0,101,0.067,25.7,67.7,17.69,1.1,100.9,Moderate,1,152.9,205.0,33.5,26.79,97.16,361.4,Healthy
LFP,75.0,865,0.133,29.4,86.6,33.98,7.8,51.8,Moderate,0,1163.3,275.2,31.4,23.36,88.19,286.0,Healthy
NMC,58.0,781,0.328,24.8,70.4,33.79,28.1,50.7,Moderate,1,519.0,327.6,35.6,18.27,84.71,275.5,Normal Wear
NMC,75.0,1236,0.085,25.5,73.4,38.59,-6.3,27.6,Eco,2,952.0,315.0,35.8,26.06,81.59,236.3,Normal Wear
NMC,100.0,637,0.37,28.6,41.7,27.55,16.4,64.9,Moderate,0,955.9,80.6,32.2,19.74,85.91,432.7,Normal Wear
NMC,64.0,1232,0.154,16.7,87.3,40.33,17.0,50.4,Moderate,2,145.6,277.7,31.2,17.79,80.0,286.5,Degradation Warning
NMC,75.0,1319,0.33,23.9,61.2,42.68,1.9,86.8,Moderate,1,679.5,319.4,34.9,25.49,79.04,235.9,Degradation Warning
NMC,58.0,1117,0.683,31.7,93.6,39.73,-7.6,79.8,Eco,1,1199.0,140.2,33.2,24.56,73.11,171.0,Replacement Required
NMC,58.0,1053,0.551,24.6,46.6,37.8,1.7,120.7,Moderate,1,458.6,281.3,38.8,32.69,79.26,141.2,Degradation Warning
LFP,64.0,235,0.406,41.0,92.0,21.56,2.0,104.5,Moderate,1,114.7,108.8,33.4,25.92,92.22,227.6,Healthy
LFP,75.0,309,0.123,27.5,74.9,23.97,25.8,33.1,Moderate,1,917.3,302.7,32.9,20.18,94.5,356.7,Healthy
NMC,75.0,464,0.545,15.9,42.9,26.07,2.2,95.4,Moderate,0,713.0,287.1,35.0,25.57,87.96,255.4,Normal Wear
NMC,45.0,942,0.181,29.7,93.4,36.0,7.7,35.7,Eco,2,857.3,154.3,33.7,19.6,81.57,182.3,Normal Wear
NMC,82.0,571,0.111,20.7,40.8,25.32,-7.5,57.3,Eco,2,638.5,376.4,32.8,26.4,88.99,274.5,Healthy
NMC,58.0,212,0.581,29.0,80.2,21.82,22.4,80.5,Aggressive,1,322.9,352.3,36.7,22.2,91.85,238.5,Healthy
LFP,45.0,308,0.78,23.6,88.9,24.0,14.7,74.6,Moderate,2,561.7,328.7,36.7,19.47,92.24,211.8,Healthy
NMC,58.0,602,0.418,24.0,49.7,32.16,7.9,94.3,Eco,0,702.8,230.8,36.8,20.49,84.79,237.9,Normal Wear
NMC,45.0,1187,0.083,33.2,58.9,40.38,26.5,106.0,Eco,0,285.0,149.4,36.8,19.0,80.81,192.1,Normal Wear
NMC,82.0,876,0.754,17.5,70.9,37.89,25.5,107.9,Aggressive,1,1024.9,343.8,39.5,32.7,78.42,192.8,Degradation Warning
NMC,45.0,800,0.104,24.1,77.4,32.4,7.1,30.8,Eco,2,493.7,145.1,31.7,18.96,84.06,205.8,Normal Wear
LFP,58.0,915,0.744,23.4,88.0,36.8,26.9,89.2,Moderate,2,858.3,240.4,34.0,20.82,83.39,231.4,Normal Wear
LFP,75.0,939,0.363,35.0,81.9,36.0,8.1,121.1,Moderate,1,1132.9,202.5,33.7,33.24,83.36,187.0,Normal Wear
NMC,58.0,583,0.342,24.9,60.0,27.46,1.5,100.5,Moderate,1,498.6,140.7,35.4,26.21,85.37,189.7,Normal Wear
NMC,100.0,32,0.484,21.4,85.2,21.78,27.4,77.0,Eco,1,553.6,285.1,29.9,17.54,96.64,550.4,Healthy
NMC,64.0,1006,0.816,28.4,93.1,38.66,27.9,124.9,Eco,2,220.3,413.7,35.5,25.72,75.49,186.7,Degradation Warning
LFP,64.0,359,0.769,21.6,52.5,25.76,35.0,29.4,Aggressive,1,451.3,236.7,34.5,23.29,90.97,254.2,Healthy
LFP,100.0,884,0.426,22.5,44.1,37.16,16.0,33.8,Eco,0,634.9,244.8,36.7,17.02,87.05,512.7,Normal Wear
NMC,64.0,331,0.607,31.1,63.5,25.13,2.1,101.8,Moderate,1,275.5,200.5,40.0,26.12,89.68,219.9,Healthy
NMC,64.0,752,0.514,12.0,88.5,33.85,33.5,80.0,Aggressive,0,31.4,149.9,35.1,20.37,84.01,261.0,Normal Wear
LFP,82.0,1147,0.605,21.2,48.3,41.47,-0.9,37.4,Moderate,1,309.3,168.9,34.2,22.85,81.36,291.6,Normal Wear
NMC,75.0,358,0.713,22.9,88.7,25.61,38.8,62.5,Moderate,0,819.1,376.5,34.9,21.73,88.32,299.6,Healthy
LFP,75.0,1241,0.078,36.3,94.6,39.46,5.9,31.4,Moderate,0,1029.9,401.8,35.2,23.54,81.59,262.0,Normal Wear
NMC,58.0,319,0.311,29.7,43.0,24.28,-9.0,77.6,Aggressive,0,157.2,359.2,35.0,28.43,90.55,188.6,Healthy
NMC,100.0,378,0.817,26.8,67.2,27.74,-0.3,35.4,Aggressive,1,806.1,79.3,35.0,29.27,87.96,303.2,Normal Wear
NMC,45.0,188,0.809,26.4,58.1,25.06,11.6,25.7,Eco,2,408.0,282.7,36.3,17.45,92.24,236.2,Healthy
NMC,58.0,1192,0.059,27.7,61.7,40.62,-7.1,57.2,Eco,2,361.3,262.2,37.3,23.92,82.75,194.5,Normal Wear
NMC,58.0,780,0.211,28.5,64.8,32.56,11.3,48.4,Aggressive,2,519.2,341.2,34.8,25.66,84.77,190.7,Normal Wear
LFP,58.0,787,0.845,27.8,80.7,37.07,0.5,61.2,Aggressive,0,1044.8,343.2,35.1,29.32,83.12,168.4,Normal Wear
NMC,58.0,1001,0.444,38.7,72.5,38.33,-9.0,60.0,Eco,1,696.7,223.3,37.0,23.28,74.52,186.9,Replacement Required
NMC,75.0,61,0.508,24.4,92.9,19.73,5.5,88.0,Aggressive,1,768.8,170.6,37.1,29.04,96.7,249.8,Healthy
NMC,45.0,221,0.183,28.0,58.3,20.13,1.8,93.0,Eco,2,137.4,104.1,37.4,21.2,92.96,199.3,Healthy
NMC,58.0,989,0.765,27.2,69.8,37.34,11.8,37.7,Eco,2,144.8,284.0,39.8,16.78,77.07,265.1,Degradation Warning
NMC,75.0,1287,0.235,32.6,84.7,41.39,29.5,73.9,Moderate,2,602.8,165.8,40.0,18.14,76.17,314.6,Degradation Warning
NMC,58.0,483,0.202,22.8,60.5,27.61,16.5,113.9,Moderate,0,862.0,407.6,40.0,28.22,88.91,185.1,Healthy
LFP,64.0,468,0.232,24.8,65.6,26.1,29.9,39.8,Eco,0,234.6,86.4,34.9,14.09,92.61,418.4,Healthy
NMC,58.0,932,0.786,17.9,77.7,37.87,7.5,121.7,Aggressive,1,657.4,407.5,36.4,36.0,77.65,123.5,Degradation Warning
NMC,100.0,817,0.612,32.9,87.3,36.46,-9.3,26.9,Moderate,0,1099.7,243.5,34.7,26.59,79.68,303.7,Degradation Warning
NMC,100.0,813,0.665,17.9,62.9,34.71,38.0,35.0,Moderate,2,615.3,282.3,34.2,21.95,80.9,366.2,Normal Wear
LFP,58.0,456,0.352,30.2,69.3,27.08,6.4,42.8,Moderate,1,576.9,274.2,37.3,21.66,90.04,235.6,Healthy
LFP,82.0,550,0.777,37.1,93.6,32.26,17.4,72.0,Eco,0,702.3,333.4,34.2,17.32,86.16,403.4,Normal Wear
LFP,64.0,584,0.682,38.6,42.3,31.5,14.4,54.9,Moderate,2,830.9,101.8,37.0,19.3,87.03,289.6,Normal Wear
NMC,45.0,1316,0.65,25.2,64.7,46.5,20.3,66.8,Moderate,1,362.5,380.7,34.1,17.96,74.33,190.1,Replacement Required
NMC,58.0,891,0.827,24.9,75.0,38.35,36.0,119.1,Moderate,2,401.5,346.9,31.9,30.16,79.06,159.7,Degradation Warning
NMC,45.0,232,0.343,26.6,40.5,19.41,35.1,59.1,Eco,0,187.9,367.6,34.5,16.14,92.31,255.1,Healthy
NMC,64.0,968,0.539,32.4,72.8,39.17,41.0,109.8,Eco,1,1138.6,239.9,36.9,25.91,77.12,184.1,Degradation Warning
NMC,58.0,1147,0.778,26.2,43.1,43.57,17.5,32.3,Eco,2,57.0,314.2,33.8,14.92,75.59,300.8,Degradation Warning
NMC,82.0,211,0.683,25.4,87.2,22.95,38.0,106.2,Aggressive,1,552.9,230.0,35.9,31.77,91.43,239.2,Healthy
NMC,75.0,1124,0.501,33.4,84.4,39.78,15.1,115.2,Aggressive,0,820.3,115.6,32.3,33.6,75.09,166.8,Degradation Warning
NMC,82.0,724,0.111,27.3,41.8,30.29,-7.7,53.5,Aggressive,1,852.9,175.7,32.7,33.14,86.43,212.5,Normal Wear
LFP,82.0,568,0.572,26.1,42.7,28.35,-2.4,79.7,Moderate,1,751.6,167.4,37.8,25.07,90.2,293.8,Healthy
NMC,75.0,173,0.471,21.7,81.4,22.42,7.4,43.7,Moderate,0,408.7,128.1,33.5,19.42,92.02,354.5,Healthy
NMC,75.0,590,0.197,33.2,60.3,27.8,27.7,34.1,Eco,0,92.7,154.5,37.5,13.97,84.2,452.7,Normal Wear
LFP,100.0,259,0.756,28.5,71.6,23.64,-5.8,102.0,Moderate,0,1118.5,244.5,34.2,30.64,93.06,305.1,Healthy
NMC,75.0,393,0.325,26.9,54.9,25.6,8.8,88.0,Moderate,1,228.5,217.8,34.5,21.32,89.13,316.9,Healthy
LFP,58.0,824,0.36,15.8,49.5,34.21,41.1,100.2,Eco,0,1090.5,185.2,37.3,22.48,87.52,224.4,Normal Wear
NMC,45.0,818,0.588,32.7,56.3,35.87,30.9,69.0,Eco,2,270.6,387.4,40.0,16.11,79.51,226.4,Degradation Warning
NMC,100.0,1247,0.441,20.2,53.6,41.04,19.7,50.0,Eco,0,84.6,342.5,34.0,15.71,77.42,491.1,Degradation Warning
LFP,100.0,630,0.121,29.7,64.7,29.21,-6.8,67.7,Eco,2,100.3,70.9,40.0,22.56,90.76,403.7,Healthy
LFP,45.0,1393,0.36,22.3,81.1,47.16,-9.2,31.5,Eco,1,430.1,269.6,34.5,22.65,82.05,156.3,Normal Wear
LFP,100.0,707,0.126,20.6,70.5,29.84,-4.5,53.4,Eco,1,182.4,315.0,34.7,21.84,88.15,401.4,Healthy
NMC,75.0,793,0.203,32.6,73.5,31.95,7.0,54.8,Moderate,1,578.9,88.7,40.0,20.51,82.8,303.9,Normal Wear
NMC,82.0,162,0.056,27.6,65.9,16.91,21.5,96.5,Eco,2,544.6,109.9,34.8,18.17,92.67,414.3,Healthy
NMC,64.0,1232,0.195,27.2,57.9,40.91,0.3,30.3,Aggressive,2,1003.5,167.5,35.0,31.68,80.83,160.3,Normal Wear
NMC,75.0,291,0.314,38.7,47.9,21.48,-7.3,49.5,Aggressive,0,834.9,284.8,36.9,30.46,90.28,225.0,Healthy
LFP,82.0,1343,0.481,38.6,59.5,46.14,-5.3,52.7,Aggressive,1,838.1,393.1,35.5,33.51,74.73,178.0,Replacement Required
NMC,82.0,445,0.785,25.5,76.6,31.52,12.2,80.1,Moderate,1,708.9,240.0,36.5,20.98,86.55,339.0,Normal Wear
LFP,100.0,65,0.482,19.2,80.4,22.14,30.2,49.5,Moderate,1,56.9,413.8,34.3,18.67,95.82,517.6,Healthy
NMC,58.0,114,0.614,35.5,65.8,19.94,32.7,38.2,Moderate,0,896.7,397.9,34.8,20.85,94.32,266.0,Healthy
NMC,58.0,83,0.336,18.9,75.5,17.79,5.1,50.8,Eco,1,430.3,293.1,35.5,19.06,95.8,299.0,Healthy
NMC,100.0,432,0.651,29.9,51.6,28.27,24.5,67.2,Moderate,0,1003.4,230.3,33.6,20.34,87.74,431.4,Normal Wear
LFP,100.0,1052,0.546,25.4,87.3,39.04,10.4,77.5,Aggressive,0,295.9,308.6,39.4,24.39,83.41,343.9,Normal Wear
LFP,45.0,478,0.418,27.5,87.6,27.08,40.6,28.7,Moderate,1,804.1,346.9,34.9,21.85,90.35,187.0,Healthy
LFP,45.0,489,0.205,34.4,57.6,28.96,11.1,56.0,Moderate,1,724.5,400.1,36.7,21.35,89.89,190.8,Healthy
LFP,64.0,829,0.293,22.3,70.1,32.04,10.6,101.4,Moderate,0,134.4,333.7,37.7,23.19,87.41,242.6,Normal Wear
LFP,64.0,525,0.547,23.4,73.4,29.1,16.1,84.8,Moderate,1,163.6,207.0,36.3,17.93,89.64,315.6,Healthy
LFP,64.0,1116,0.391,31.5,66.0,40.12,-8.7,70.6,Aggressive,1,1199.9,242.7,32.1,35.25,81.87,149.5,Normal Wear
NMC,64.0,103,0.762,37.7,90.1,22.89,11.7,70.3,Eco,0,402.6,86.5,37.6,15.53,93.83,392.8,Healthy
NMC,82.0,78,0.238,41.8,80.7,16.95,33.1,61.9,Aggressive,2,489.0,80.1,35.9,22.29,95.0,351.7,Healthy
NMC,82.0,1064,0.108,18.3,77.0,38.71,21.8,59.2,Moderate,0,1026.6,168.5,35.6,19.39,82.96,348.9,Normal Wear
LFP,45.0,937,0.521,24.5,68.6,37.18,40.4,65.1,Aggressive,1,757.2,352.1,32.7,26.94,85.33,145.4,Normal Wear
LFP,58.0,176,0.759,20.8,44.7,22.08,6.9,111.9,Moderate,1,815.0,181.7,36.5,28.98,94.21,182.2,Healthy
NMC,100.0,1372,0.342,32.1,45.9,44.27,-1.6,71.9,Moderate,1,763.8,110.9,32.3,24.96,75.36,303.8,Degradation Warning
LFP,58.0,595,0.568,27.4,56.4,31.51,29.0,91.9,Aggressive,1,388.1,194.6,31.6,24.47,89.25,203.9,Healthy
LFP,75.0,856,0.235,32.3,51.6,36.03,-7.7,105.8,Aggressive,1,995.0,177.0,35.2,36.0,85.76,174.5,Normal Wear
NMC,82.0,699,0.497,24.6,92.4,31.54,-1.7,68.2,Eco,2,40.5,416.3,35.9,22.42,84.77,307.7,Normal Wear
NMC,64.0,222,0.679,31.2,62.5,26.06,16.4,108.9,Moderate,0,440.9,410.0,33.2,25.81,91.16,222.7,Healthy
LFP,64.0,1149,0.744,25.9,88.2,43.93,29.2,124.3,Eco,0,1145.4,327.9,33.8,28.22,79.16,182.2,Degradation Warning
NMC,75.0,1165,0.134,27.9,85.0,38.49,21.3,75.4,Eco,2,454.3,360.1,37.8,16.37,80.7,367.8,Normal Wear
LFP,58.0,337,0.335,23.5,84.7,24.47,41.7,65.3,Moderate,2,20.1,158.9,38.0,19.05,92.24,275.9,Healthy
NMC,64.0,1225,0.562,35.2,51.9,43.92,24.1,105.6,Eco,2,230.4,258.2,36.2,19.74,71.54,230.2,Replacement Required
LFP,58.0,1359,0.078,19.4,64.6,42.36,27.7,89.9,Moderate,2,1133.0,419.5,37.4,23.0,86.4,216.9,Normal Wear
LFP,100.0,425,0.602,26.3,57.5,26.34,41.7,86.3,Moderate,1,1019.1,183.1,37.3,24.1,91.07,378.6,Healthy
LFP,75.0,1005,0.472,37.7,93.4,37.77,20.8,113.6,Aggressive,1,234.5,415.2,32.3,32.32,80.17,184.0,Normal Wear
NMC,58.0,968,0.281,34.7,88.2,35.58,27.2,89.9,Eco,2,1173.0,135.9,35.4,18.62,77.49,244.7,Degradation Warning
LFP,100.0,1113,0.702,21.9,53.7,41.8,5.5,89.2,Eco,2,190.7,287.0,34.7,21.54,81.99,381.8,Normal Wear
LFP,58.0,1203,0.282,22.2,57.2,43.37,17.9,45.7,Moderate,1,1190.8,343.7,35.8,20.74,84.87,236.3,Normal Wear
NMC,58.0,1283,0.843,30.1,69.1,46.27,37.4,93.8,Eco,0,1013.5,277.6,30.1,21.79,69.87,189.3,Replacement Required
LFP,64.0,1181,0.703,30.9,55.3,45.01,34.4,116.3,Eco,1,1095.2,178.1,35.4,25.79,78.73,203.5,Degradation Warning
NMC,45.0,514,0.616,34.1,85.3,29.66,5.9,82.6,Eco,1,167.7,354.9,36.8,18.84,85.6,204.5,Normal Wear
NMC,82.0,698,0.099,18.5,85.1,33.03,8.6,115.3,Aggressive,2,362.1,140.6,33.4,35.62,85.66,190.5,Normal Wear
NMC,58.0,1290,0.773,34.9,79.8,44.46,34.0,59.0,Aggressive,2,842.4,220.6,35.7,24.72,69.57,162.8,Replacement Required
NMC,58.0,1286,0.682,21.6,77.9,42.33,4.8,29.3,Aggressive,2,606.3,167.9,38.3,27.64,72.72,157.9,Replacement Required
NMC,58.0,1379,0.233,35.0,70.1,44.31,36.2,69.5,Moderate,0,349.9,243.4,31.3,19.03,73.48,222.5,Replacement Required
LFP,45.0,854,0.364,17.3,59.1,34.74,30.2,25.4,Moderate,2,834.5,205.6,34.2,18.99,87.07,206.7,Normal Wear
NMC,100.0,213,0.265,20.3,86.0,22.74,-2.1,40.5,Aggressive,1,935.6,132.7,35.0,30.95,93.0,295.5,Healthy
LFP,75.0,327,0.838,37.3,87.2,28.85,27.4,44.1,Moderate,0,342.5,329.7,31.0,18.71,90.42,364.2,Healthy
NMC,64.0,525,0.733,37.7,42.7,28.03,33.4,78.4,Moderate,1,103.0,131.8,36.1,16.93,83.65,313.1,Normal Wear
NMC,45.0,300,0.794,27.6,61.9,25.56,-2.5,120.0,Moderate,1,689.2,261.0,32.9,34.55,90.31,121.6,Healthy
NMC,100.0,694,0.681,25.0,41.5,33.13,13.8,27.0,Moderate,1,475.8,351.6,30.7,21.18,83.58,392.1,Normal Wear
LFP,58.0,952,0.415,26.9,86.2,35.15,34.9,48.7,Moderate,0,1053.3,239.1,35.2,20.59,84.36,231.8,Normal Wear
NMC,100.0,734,0.214,29.5,49.7,30.8,0.3,121.9,Moderate,0,54.0,380.4,40.0,32.07,85.67,268.3,Normal Wear
NMC,45.0,627,0.216,30.0,77.1,30.15,13.4,113.2,Eco,2,765.5,220.1,32.4,24.71,84.99,153.1,Normal Wear
LFP,45.0,502,0.171,25.2,59.7,27.46,21.9,108.5,Eco,2,57.0,409.7,36.8,20.49,92.59,198.3,Healthy
NMC,45.0,1266,0.487,15.4,84.9,43.69,-4.9,34.2,Aggressive,2,135.9,78.7,34.1,29.46,75.98,119.0,Degradation Warning
NMC,75.0,136,0.786,23.7,68.0,24.47,1.0,89.4,Moderate,2,442.5,346.9,38.3,27.04,93.95,259.7,Healthy
NMC,82.0,987,0.843,17.7,57.8,40.22,14.3,45.3,Eco,2,274.3,317.8,35.0,16.97,76.59,373.9,Degradation Warning
LFP,64.0,211,0.28,31.6,57.8,22.43,9.4,90.1,Moderate,2,194.1,283.9,30.9,23.05,93.83,258.7,Healthy
NMC,75.0,807,0.608,29.2,58.0,33.78,6.9,67.8,Moderate,2,951.7,173.6,39.2,23.42,81.08,258.5,Normal Wear
LFP,75.0,637,0.528,26.3,83.4,29.98,-8.6,88.6,Aggressive,1,278.7,283.8,35.5,33.37,88.43,200.5,Healthy
NMC,82.0,535,0.441,25.5,79.1,30.84,38.3,67.9,Moderate,1,437.6,278.1,33.5,20.58,86.78,347.8,Normal Wear
LFP,75.0,326,0.583,38.8,57.6,24.43,35.3,115.8,Eco,1,1089.5,122.3,37.5,25.67,90.7,261.5,Healthy
LFP,45.0,551,0.347,33.9,67.0,29.32,10.4,27.5,Moderate,1,942.6,377.9,35.7,22.16,88.64,179.8,Healthy
LFP,45.0,141,0.806,28.2,44.2,22.02,-0.6,44.2,Moderate,1,628.8,257.1,35.4,23.59,95.11,190.9,Healthy
NMC,100.0,668,0.614,23.8,85.5,32.51,-6.4,108.3,Aggressive,2,112.7,101.2,30.1,36.0,83.77,238.8,Normal Wear
LFP,58.0,611,0.653,34.7,54.6,30.98,-3.6,98.7,Eco,2,1134.5,207.0,31.5,28.66,85.34,174.2,Normal Wear
NMC,75.0,1197,0.244,27.7,88.9,41.26,21.3,43.6,Eco,1,850.9,145.8,35.8,16.26,78.87,371.8,Degradation Warning
NMC,58.0,889,0.185,23.1,72.8,34.74,28.2,37.1,Aggressive,0,42.1,129.0,33.7,18.85,82.95,256.2,Normal Wear
NMC,64.0,1212,0.365,23.5,71.2,40.64,-1.9,56.1,Moderate,0,1138.6,401.2,38.1,25.42,78.48,194.9,Degradation Warning
LFP,45.0,78,0.663,31.0,48.9,21.44,-4.1,73.2,Moderate,0,86.1,306.2,31.2,21.87,97.51,205.3,Healthy
LFP,100.0,320,0.801,32.7,43.8,24.84,25.9,29.7,Aggressive,0,723.6,175.6,33.7,23.14,90.33,385.1,Healthy
LFP,64.0,572,0.392,30.8,70.4,30.86,16.9,109.6,Eco,1,472.7,307.4,35.1,22.04,89.5,256.8,Healthy
NMC,100.0,1160,0.669,30.9,65.7,42.65,9.3,77.1,Moderate,0,1177.1,351.1,35.2,23.57,74.92,318.3,Replacement Required
NMC,82.0,1170,0.426,25.2,46.6,37.32,27.7,116.9,Moderate,1,1107.7,180.9,37.2,28.56,78.03,229.1,Degradation Warning
LFP,45.0,418,0.286,23.7,86.0,23.51,13.7,57.6,Moderate,1,718.6,414.7,37.9,20.62,92.7,206.7,Healthy
NMC,64.0,534,0.641,27.9,62.9,30.35,14.2,29.9,Moderate,2,841.5,378.5,34.7,21.41,84.96,249.3,Normal Wear
NMC,82.0,824,0.689,26.5,54.3,36.76,-9.2,112.1,Moderate,1,986.0,349.0,33.9,36.0,81.24,181.5,Normal Wear
NMC,64.0,517,0.212,21.0,83.4,26.14,6.4,40.0,Eco,1,984.4,320.3,33.5,20.93,88.49,266.6,Healthy
NMC,100.0,961,0.294,26.8,90.2,36.17,-9.7,58.6,Aggressive,1,719.0,83.6,37.8,32.48,80.75,248.6,Normal Wear
NMC,82.0,547,0.446,31.1,56.8,29.49,38.0,71.4,Moderate,2,302.0,77.8,37.0,18.95,85.58,371.1,Normal Wear
NMC,82.0,417,0.199,24.7,82.7,26.11,5.3,74.2,Eco,1,375.3,127.7,32.5,18.64,89.96,394.6,Healthy
NMC,45.0,1308,0.793,36.5,75.9,47.01,-0.6,27.3,Moderate,1,798.8,390.9,34.8,25.18,68.0,119.5,Replacement Required
NMC,58.0,1306,0.523,19.5,94.4,43.59,-5.3,77.7,Eco,1,825.4,146.1,35.1,22.33,74.76,191.6,Replacement Required
LFP,100.0,455,0.147,22.1,51.2,26.62,-7.6,32.7,Moderate,2,445.8,315.4,34.9,28.88,93.82,329.9,Healthy
NMC,100.0,859,0.197,23.6,92.8,30.76,36.1,57.7,Aggressive,1,1065.3,413.0,37.3,28.47,81.15,282.2,Normal Wear
NMC,82.0,379,0.813,31.9,57.3,27.13,-1.2,122.5,Eco,2,480.1,398.0,34.2,32.9,88.04,214.3,Healthy
LFP,82.0,1172,0.641,28.3,62.7,43.03,22.1,53.0,Eco,0,838.2,210.1,37.6,16.74,81.79,408.7,Normal Wear
NMC,45.0,883,0.638,21.7,59.7,35.04,23.9,106.3,Moderate,2,251.3,308.4,32.7,23.07,80.17,156.3,Normal Wear
LFP,58.0,653,0.108,15.8,54.8,28.77,6.5,76.0,Moderate,1,423.7,335.8,34.3,21.68,91.26,245.3,Healthy
LFP,100.0,1284,0.766,19.9,78.1,45.94,33.3,45.2,Moderate,1,655.3,262.3,34.0,20.43,78.26,380.2,Degradation Warning
NMC,75.0,1265,0.405,16.5,72.4,41.8,1.1,97.2,Moderate,1,45.2,253.1,34.5,25.18,76.65,228.8,Degradation Warning
NMC,75.0,233,0.578,32.2,56.8,23.36,-6.3,80.5,Eco,1,50.3,148.2,37.5,20.8,92.03,328.6,Healthy
LFP,58.0,935,0.818,20.6,47.3,37.14,-6.4,78.3,Eco,1,323.8,306.6,37.5,22.14,83.03,213.9,Normal Wear
LFP,64.0,611,0.13,31.1,57.5,29.21,5.6,28.0,Eco,1,993.3,172.8,37.8,20.02,90.64,287.2,Healthy
NMC,45.0,154,0.436,30.3,61.0,21.33,14.1,58.4,Moderate,2,259.8,178.0,32.4,18.05,92.75,227.8,Healthy
NMC,58.0,773,0.09,34.1,60.9,31.88,22.7,98.5,Eco,0,1063.1,163.0,33.0,20.37,82.04,237.6,Normal Wear
NMC,75.0,405,0.45,22.7,59.6,25.71,27.9,104.6,Moderate,2,859.3,93.0,32.2,23.94,87.86,275.1,Normal Wear
LFP,82.0,1346,0.252,29.4,42.7,41.43,-0.7,106.5,Eco,0,826.7,365.3,36.5,26.38,85.22,268.9,Normal Wear
NMC,75.0,1330,0.779,27.7,65.5,46.11,25.6,28.7,Aggressive,1,808.9,372.1,37.0,24.29,72.48,225.7,Replacement Required
LFP,82.0,1232,0.369,27.7,86.0,43.92,-0.5,41.3,Aggressive,1,1171.6,323.3,34.1,32.75,82.62,216.5,Normal Wear
NMC,45.0,1340,0.557,26.9,49.9,46.36,41.9,123.6,Moderate,0,760.4,394.7,35.7,32.39,75.49,103.1,Degradation Warning
NMC,82.0,408,0.738,32.1,48.0,29.68,39.9,40.5,Aggressive,2,779.1,291.0,34.0,27.8,87.3,255.3,Normal Wear
NMC,58.0,763,0.837,31.4,66.0,35.35,-4.7,46.3,Aggressive,1,544.1,293.9,33.1,31.01,78.19,148.3,Degradation Warning
NMC,82.0,1304,0.453,27.0,60.4,42.97,24.1,105.3,Moderate,2,1046.8,380.7,35.1,26.42,77.0,241.0,Degradation Warning
NMC,64.0,723,0.415,24.2,70.9,32.65,37.0,64.3,Aggressive,1,68.9,143.0,32.6,21.8,82.55,241.2,Normal Wear
NMC,58.0,944,0.111,23.6,92.1,34.31,-5.8,36.6,Aggressive,2,413.2,222.4,29.7,33.57,82.56,144.7,Normal Wear
NMC,45.0,792,0.06,27.2,81.8,30.53,-3.6,37.5,Moderate,0,344.0,316.4,36.1,22.04,84.55,168.5,Normal Wear
LFP,58.0,1156,0.537,28.3,77.8,39.26,8.0,33.4,Aggressive,0,477.5,164.0,32.8,23.84,82.14,201.3,Normal Wear
NMC,64.0,883,0.102,26.5,62.9,33.68,-5.0,43.1,Aggressive,2,575.9,150.0,34.5,32.36,84.53,164.6,Normal Wear
NMC,45.0,1079,0.354,19.2,55.8,39.83,36.1,74.7,Eco,2,1147.3,384.4,32.1,20.5,78.13,170.3,Degradation Warning
LFP,75.0,98,0.053,25.2,69.7,15.88,35.5,26.5,Aggressive,2,1109.4,418.6,37.2,28.47,97.74,253.9,Healthy
LFP,64.0,1318,0.542,23.8,88.7,46.4,39.3,36.7,Moderate,0,733.5,205.2,36.8,20.07,79.99,252.7,Degradation Warning
LFP,45.0,1321,0.39,27.1,88.2,44.06,0.7,115.7,Aggressive,1,23.8,152.8,36.8,35.13,82.41,102.5,Normal Wear
LFP,82.0,693,0.152,42.2,64.5,29.9,-7.6,112.7,Eco,2,666.8,211.6,31.6,32.32,86.12,220.3,Normal Wear
NMC,58.0,331,0.287,29.6,53.5,21.88,13.1,108.3,Eco,2,82.2,176.3,40.0,21.02,90.41,255.6,Healthy
NMC,45.0,223,0.506,34.6,52.4,23.13,35.8,95.6,Aggressive,1,431.7,357.6,35.7,27.71,90.35,141.3,Healthy
LFP,58.0,1004,0.575,22.9,41.9,37.15,23.2,91.2,Moderate,1,365.4,385.3,36.1,20.32,83.91,242.1,Normal Wear
LFP,82.0,36,0.42,27.1,86.3,17.09,41.9,52.6,Moderate,0,777.7,206.8,31.3,21.67,97.88,373.6,Healthy
NMC,45.0,495,0.693,34.4,54.6,27.05,37.1,58.5,Moderate,1,21.5,279.9,35.3,17.87,85.38,214.1,Normal Wear
LFP,75.0,1036,0.14,17.5,59.7,39.8,10.4,48.6,Moderate,0,946.4,97.6,35.0,20.14,87.37,321.1,Normal Wear
NMC,64.0,229,0.118,25.6,84.5,20.23,-7.9,123.0,Moderate,0,991.7,231.8,31.4,36.0,91.95,160.2,Healthy
NMC,45.0,518,0.085,30.7,46.6,25.14,-9.7,88.4,Aggressive,2,38.8,72.4,33.3,33.53,87.52,119.7,Normal Wear
NMC,82.0,448,0.479,26.6,65.4,26.78,23.5,121.6,Moderate,1,98.2,304.9,38.9,27.33,88.04,261.9,Healthy
NMC,45.0,1121,0.615,23.6,46.7,40.51,37.6,52.2,Moderate,2,1104.8,131.6,33.2,21.6,77.32,160.5,Degradation Warning
NMC,58.0,1123,0.154,23.9,64.3,38.17,13.1,87.1,Aggressive,2,739.2,377.3,34.6,27.85,80.88,162.6,Normal Wear
NMC,100.0,1349,0.561,28.9,42.6,45.79,35.5,100.9,Moderate,1,1152.4,290.5,33.5,27.29,74.54,274.8,Replacement Required
LFP,45.0,77,0.432,17.6,68.5,18.64,19.5,34.5,Moderate,1,549.1,394.8,36.2,18.56,96.47,237.4,Healthy
NMC,75.0,1251,0.84,27.7,83.8,45.21,-4.9,91.7,Aggressive,2,228.8,398.4,37.2,35.93,71.25,145.4,Replacement Required
NMC,45.0,1178,0.624,31.4,77.2,45.1,31.5,41.9,Aggressive,1,444.2,129.2,37.1,20.85,72.84,155.1,Replacement Required
LFP,64.0,1013,0.576,24.8,68.0,36.52,15.6,57.8,Aggressive,1,1114.8,249.6,35.2,25.18,82.72,205.1,Normal Wear
LFP,45.0,541,0.506,17.6,85.6,27.49,-7.3,96.6,Moderate,0,138.4,138.4,37.8,24.27,89.5,164.8,Healthy
LFP,100.0,600,0.848,23.9,52.5,32.68,32.4,69.0,Moderate,1,1070.6,228.6,32.9,21.64,86.03,397.8,Normal Wear
LFP,58.0,918,0.834,26.3,85.7,40.01,29.4,117.1,Moderate,1,635.7,227.5,34.5,27.19,81.63,174.7,Normal Wear
LFP,45.0,1126,0.48,20.5,55.2,43.99,13.8,49.1,Eco,1,84.1,327.5,34.3,15.75,84.17,244.4,Normal Wear
NMC,75.0,640,0.414,27.2,59.9,30.78,-9.0,40.4,Eco,2,479.7,411.6,38.0,26.16,85.93,250.5,Normal Wear
NMC,82.0,1087,0.42,28.0,47.1,37.8,8.0,58.7,Eco,2,291.9,290.1,30.0,19.82,79.99,332.7,Degradation Warning
NMC,45.0,985,0.393,34.2,45.6,38.86,12.6,110.2,Aggressive,2,690.3,355.6,31.3,34.65,79.26,97.4,Degradation Warning
NMC,45.0,929,0.475,26.0,91.3,36.58,-1.4,109.7,Aggressive,2,182.9,211.3,31.2,36.0,80.15,101.9,Normal Wear
NMC,64.0,512,0.269,27.7,50.4,26.96,-1.6,61.9,Moderate,1,1129.5,95.5,34.7,24.98,87.18,218.6,Normal Wear
LFP,75.0,518,0.791,23.7,58.3,27.78,-1.3,106.0,Moderate,0,253.5,250.1,34.2,27.17,89.36,246.3,Healthy
NMC,100.0,1061,0.442,24.1,69.1,40.28,9.3,32.8,Eco,1,759.5,386.4,30.7,20.95,79.58,380.8,Degradation Warning
NMC,82.0,624,0.724,31.2,59.1,30.72,32.5,25.8,Eco,1,997.5,154.1,36.9,17.74,82.53,380.1,Normal Wear
NMC,58.0,967,0.43,25.6,87.9,37.6,29.5,111.5,Moderate,0,715.1,162.0,37.1,25.19,79.64,188.7,Degradation Warning
LFP,45.0,313,0.625,32.0,89.5,25.09,-9.5,112.4,Aggressive,0,786.7,106.7,35.3,36.0,91.8,113.7,Healthy
NMC,100.0,1191,0.32,26.7,57.9,40.98,-9.5,39.3,Eco,2,491.2,418.9,31.6,27.39,80.06,292.9,Normal Wear
LFP,82.0,191,0.55,20.1,45.1,22.18,-6.0,54.8,Eco,1,122.2,215.2,40.0,21.06,94.53,372.9,Healthy
NMC,58.0,550,0.449,22.8,51.6,27.79,14.3,110.1,Aggressive,2,157.6,174.6,37.1,29.49,84.37,163.1,Normal Wear
NMC,100.0,1163,0.344,41.5,66.1,39.31,36.2,33.4,Moderate,2,842.6,394.4,37.8,22.92,72.84,316.8,Replacement Required
NMC,75.0,85,0.755,26.4,55.9,22.37,-0.5,111.3,Eco,1,956.7,353.9,32.6,29.55,94.37,243.5,Healthy
LFP,75.0,160,0.14,17.3,64.9,19.02,14.8,82.5,Eco,0,1010.8,376.9,32.6,19.8,96.14,365.9,Healthy
NMC,82.0,465,0.44,20.2,81.7,26.15,-7.9,90.7,Moderate,1,435.3,402.6,32.0,29.59,87.76,243.4,Normal Wear
LFP,58.0,208,0.205,22.7,63.1,19.78,-8.9,84.5,Moderate,0,1162.6,369.9,33.9,27.94,96.14,194.2,Healthy
NMC,75.0,177,0.739,21.6,50.8,23.8,-9.6,83.3,Moderate,1,769.9,415.0,34.0,29.59,92.54,233.6,Healthy
NMC,82.0,689,0.253,20.4,59.7,29.48,28.3,43.5,Aggressive,2,184.3,293.8,34.4,21.37,85.91,325.4,Normal Wear
LFP,75.0,265,0.557,35.8,80.9,25.56,-8.8,48.6,Eco,2,80.8,154.3,37.3,23.26,92.59,301.4,Healthy
LFP,75.0,875,0.182,31.0,63.3,33.41,4.2,83.0,Moderate,0,653.9,128.5,37.0,21.49,88.01,307.3,Healthy
LFP,100.0,963,0.374,25.8,53.7,36.08,23.5,65.1,Eco,1,889.3,280.8,37.0,17.65,83.87,469.1,Normal Wear
LFP,100.0,767,0.769,23.5,63.5,35.7,22.2,79.1,Moderate,1,21.7,195.6,38.1,16.73,84.86,501.0,Normal Wear
LFP,75.0,1076,0.183,26.0,65.0,37.28,-7.1,50.3,Moderate,1,27.1,115.9,35.7,23.12,86.66,278.6,Normal Wear
LFP,64.0,349,0.581,37.7,56.3,25.92,3.3,71.4,Eco,2,694.0,349.0,39.9,21.94,90.83,260.2,Healthy
LFP,100.0,531,0.214,21.8,94.8,26.83,23.2,39.3,Moderate,1,1187.9,192.4,35.3,20.48,90.1,437.9,Healthy
LFP,58.0,869,0.383,17.5,82.2,32.59,10.4,28.8,Eco,1,885.0,225.8,36.1,18.62,86.76,272.1,Normal Wear
LFP,82.0,1114,0.482,31.0,78.1,38.89,14.2,120.1,Eco,1,181.9,284.1,32.7,25.16,82.39,265.2,Normal Wear
NMC,82.0,1356,0.512,33.0,87.0,45.54,0.8,97.3,Eco,1,104.6,210.7,33.0,22.56,70.81,259.9,Replacement Required
LFP,58.0,98,0.532,35.7,76.7,19.61,-8.0,74.8,Moderate,2,977.2,373.2,35.8,30.48,95.45,179.8,Healthy
NMC,58.0,188,0.562,24.9,83.5,24.6,8.0,80.1,Aggressive,2,971.7,413.8,34.8,30.33,92.75,178.5,Healthy
LFP,58.0,829,0.267,24.9,62.7,32.24,25.5,76.1,Moderate,2,548.2,204.8,38.7,17.53,88.36,286.7,Healthy
LFP,58.0,1002,0.371,39.1,67.5,35.7,29.9,114.9,Aggressive,2,42.9,132.4,32.5,29.71,81.2,161.9,Normal Wear
NMC,45.0,199,0.08,30.6,42.6,19.51,20.8,102.4,Moderate,1,919.5,167.3,31.8,23.57,92.06,180.3,Healthy
LFP,82.0,279,0.665,26.5,55.4,24.87,10.4,57.5,Moderate,0,494.3,305.9,35.7,20.15,94.96,385.3,Healthy
NMC,45.0,1048,0.72,30.0,60.2,41.34,20.3,46.8,Aggressive,2,979.7,98.8,33.7,22.24,74.41,148.5,Replacement Required
NMC,75.0,316,0.209,24.4,74.4,19.57,26.7,31.7,Eco,1,172.9,306.1,34.9,15.17,91.41,452.0,Healthy
LFP,75.0,639,0.211,28.8,65.5,30.86,29.3,39.8,Moderate,0,555.9,254.7,36.0,18.41,89.6,364.2,Healthy
NMC,82.0,874,0.084,28.7,73.4,31.41,-5.1,74.0,Moderate,0,631.7,85.9,36.0,22.51,86.25,312.5,Normal Wear
LFP,75.0,379,0.826,32.0,79.2,28.84,31.8,45.3,Eco,1,443.5,213.8,33.7,16.34,90.39,423.2,Healthy
LFP,58.0,136,0.696,21.1,42.3,24.24,-6.7,56.2,Eco,2,1187.9,150.7,33.8,25.83,96.34,219.8,Healthy
NMC,45.0,376,0.339,29.1,54.2,25.45,35.3,38.3,Moderate,1,915.5,115.6,37.5,19.46,89.78,209.0,Healthy
NMC,58.0,976,0.436,20.0,49.4,35.76,10.4,117.3,Moderate,2,996.2,399.3,35.1,32.33,79.17,142.9,Degradation Warning
NMC,75.0,458,0.284,38.3,50.3,25.63,18.4,28.4,Moderate,2,289.3,171.9,36.3,16.69,86.73,383.9,Normal Wear
NMC,100.0,1374,0.528,24.5,67.7,46.55,5.1,60.2,Moderate,1,461.6,242.9,34.8,22.3,74.65,333.4,Replacement Required
LFP,45.0,1231,0.624,17.1,80.7,43.4,12.2,50.8,Moderate,1,132.9,284.2,34.4,18.22,80.6,197.2,Normal Wear
NMC,58.0,1324,0.408,43.7,55.0,42.67,34.0,25.8,Moderate,2,1198.0,290.1,33.2,22.29,69.08,183.6,Replacement Required
NMC,82.0,1158,0.749,23.9,85.3,42.77,5.4,117.9,Aggressive,1,309.1,203.5,36.5,36.0,74.5,166.2,Replacement Required
NMC,58.0,1279,0.464,27.6,89.1,42.74,19.3,56.4,Moderate,1,120.7,164.3,35.8,15.71,76.2,282.9,Degradation Warning
NMC,100.0,1381,0.165,16.8,59.3,44.33,23.6,75.2,Eco,1,246.3,267.7,32.6,15.98,78.58,489.1,Degradation Warning
LFP,75.0,541,0.548,26.7,77.5,27.83,-2.4,83.3,Aggressive,0,685.9,348.1,37.2,30.05,88.22,221.1,Healthy
NMC,45.0,218,0.42,37.0,46.4,19.56,30.4,86.0,Eco,0,402.8,383.2,31.2,17.88,90.8,226.3,Healthy
LFP,82.0,1093,0.799,31.2,80.9,40.43,42.0,71.0,Moderate,2,196.8,277.0,37.7,21.04,78.21,305.6,Degradation Warning
NMC,45.0,1185,0.364,16.8,49.1,38.83,-1.9,84.4,Moderate,2,562.0,255.1,33.2,26.85,78.49,132.1,Degradation Warning
LFP,82.0,689,0.372,22.4,77.8,30.26,29.9,100.2,Moderate,0,804.6,408.1,35.6,24.79,87.78,291.9,Normal Wear
NMC,45.0,1073,0.571,32.5,63.2,40.69,-2.4,120.2,Moderate,2,797.7,141.1,34.9,35.54,75.32,99.1,Degradation Warning
NMC,75.0,1125,0.472,30.8,91.1,39.86,39.4,90.7,Moderate,0,17.7,75.9,32.5,19.47,75.87,294.7,Degradation Warning
LFP,82.0,50,0.35,24.1,65.5,18.07,11.4,71.2,Eco,1,906.5,242.4,34.1,19.08,96.98,419.8,Healthy
NMC,64.0,1027,0.842,29.4,41.7,39.38,41.0,69.5,Moderate,0,289.4,90.3,38.4,17.97,77.9,282.6,Degradation Warning
LFP,45.0,352,0.292,19.8,66.4,23.81,-6.5,96.0,Aggressive,2,1106.6,90.7,37.0,36.0,92.01,114.5,Healthy
LFP,45.0,679,0.272,19.2,83.8,29.06,31.1,87.7,Moderate,0,166.2,81.5,38.1,17.08,89.56,235.8,Healthy
NMC,58.0,196,0.742,12.0,75.6,21.94,14.6,67.0,Moderate,1,479.3,286.4,33.0,19.21,91.63,272.7,Healthy
NMC,82.0,389,0.053,32.6,93.1,22.83,5.1,58.6,Moderate,2,374.7,289.0,33.2,23.39,89.65,312.3,Healthy
LFP,100.0,566,0.211,26.4,86.4,26.77,28.9,124.3,Eco,1,589.6,159.5,34.3,26.04,90.54,340.5,Healthy
NMC,64.0,554,0.522,27.0,69.0,25.84,23.0,101.7,Moderate,1,376.3,227.4,34.9,21.75,86.42,257.7,Normal Wear
NMC,75.0,1149,0.18,12.0,51.4,38.96,37.0,45.7,Moderate,2,925.5,216.6,32.9,22.05,81.09,274.5,Normal Wear
NMC,58.0,116,0.839,26.7,40.2,21.18,2.9,54.2,Aggressive,1,458.4,242.5,35.1,26.93,94.22,207.9,Healthy
NMC,64.0,249,0.421,30.3,93.9,21.26,38.9,114.4,Moderate,1,420.2,139.8,35.9,27.08,89.57,212.5,Healthy
NMC,82.0,246,0.528,14.5,91.6,24.76,23.4,91.1,Aggressive,2,1165.5,354.5,37.8,28.51,90.23,256.7,Healthy
LFP,64.0,390,0.178,27.3,55.1,24.89,13.4,56.1,Moderate,1,484.1,170.9,35.2,18.56,91.96,311.7,Healthy
LFP,45.0,1143,0.282,26.6,75.1,40.0,-7.2,61.4,Eco,2,156.0,184.4,36.0,22.62,86.07,163.7,Normal Wear
LFP,45.0,74,0.542,24.2,80.1,19.8,29.8,62.9,Eco,2,321.6,297.7,33.0,15.78,97.62,273.9,Healthy
LFP,58.0,1238,0.49,34.8,71.8,43.42,34.6,43.6,Moderate,1,868.1,413.5,31.0,22.22,78.57,206.8,Degradation Warning
NMC,82.0,443,0.677,33.4,86.4,27.45,32.1,76.1,Moderate,0,314.2,141.5,37.9,17.41,86.58,410.1,Normal Wear
LFP,82.0,334,0.265,46.9,44.3,23.37,28.3,101.6,Aggressive,2,816.6,195.3,35.3,28.6,90.14,258.9,Healthy
NMC,64.0,1171,0.573,19.7,89.3,41.37,40.4,81.4,Eco,1,1097.8,201.0,37.4,20.03,76.92,246.6,Degradation Warning
NMC,58.0,51,0.283,29.6,61.6,17.85,34.2,90.6,Moderate,1,448.9,255.2,34.0,21.09,96.61,261.0,Healthy
NMC,82.0,112,0.519,36.0,66.4,20.7,38.2,84.5,Moderate,0,231.2,362.3,32.1,21.15,93.98,360.9,Healthy
NMC,100.0,538,0.534,22.8,64.5,29.23,28.0,30.9,Moderate,2,860.2,324.0,31.5,20.88,86.8,412.9,Normal Wear
LFP,100.0,1301,0.147,37.1,69.2,41.46,32.7,43.8,Moderate,1,525.3,141.9,32.8,19.2,81.12,423.8,Normal Wear
LFP,45.0,872,0.489,29.2,72.9,36.2,5.0,60.0,Moderate,1,55.4,319.5,32.6,20.73,84.47,179.1,Normal Wear
NMC,64.0,1263,0.06,16.5,79.1,40.37,24.8,113.9,Eco,2,694.1,114.1,36.3,22.33,81.37,235.3,Normal Wear
NMC,75.0,771,0.451,19.3,68.9,32.85,0.7,59.9,Moderate,0,696.6,137.1,34.7,21.73,82.89,281.8,Normal Wear
LFP,45.0,1149,0.608,23.5,77.7,39.44,-6.4,57.7,Moderate,0,818.0,207.8,37.4,23.56,81.7,159.9,Normal Wear
NMC,58.0,435,0.108,26.5,58.6,23.33,20.1,33.1,Moderate,1,882.3,190.7,34.3,18.68,89.25,273.6,Healthy
NMC,82.0,576,0.801,34.4,91.5,32.36,30.7,122.2,Aggressive,1,774.7,374.4,38.4,36.0,81.38,182.1,Normal Wear
NMC,45.0,1352,0.417,26.5,43.5,45.48,-5.7,102.9,Moderate,1,406.0,419.0,36.6,30.39,75.92,114.9,Degradation Warning
LFP,75.0,385,0.801,34.2,70.0,27.48,-0.6,101.6,Moderate,1,1002.5,141.1,34.9,29.26,89.37,229.1,Healthy
LFP,75.0,618,0.136,27.6,44.8,27.51,-5.2,63.4,Moderate,1,1122.3,300.1,33.3,27.94,91.57,246.0,Healthy
NMC,100.0,350,0.81,27.1,64.4,27.04,23.0,32.8,Aggressive,0,362.5,273.9,38.8,22.16,88.63,402.3,Healthy
NMC,58.0,708,0.137,25.2,54.2,27.11,-5.9,51.4,Eco,1,338.2,339.3,34.0,22.2,86.31,225.5,Normal Wear
LFP,45.0,30,0.419,32.9,91.5,18.28,-5.1,110.3,Moderate,2,615.6,314.9,36.7,34.25,98.71,133.6,Healthy
LFP,64.0,837,0.8,27.8,40.7,35.05,3.7,43.0,Moderate,1,1182.9,166.4,37.1,23.95,84.59,224.1,Normal Wear
NMC,45.0,438,0.236,22.6,61.5,25.07,4.1,114.4,Eco,2,196.0,364.3,38.3,26.99,90.28,150.5,Healthy
LFP,100.0,1165,0.078,29.0,83.0,39.02,19.0,78.6,Moderate,0,593.9,237.6,32.7,19.37,86.5,449.1,Normal Wear
NMC,75.0,930,0.684,24.3,50.4,37.29,-8.3,96.5,Eco,1,233.1,396.5,40.0,25.96,78.65,231.9,Degradation Warning
NMC,58.0,1278,0.527,23.9,84.9,44.62,22.0,70.4,Aggressive,2,491.9,266.1,39.6,21.62,74.13,195.4,Replacement Required
LFP,58.0,1374,0.461,34.1,87.3,44.49,11.4,118.2,Moderate,1,454.6,171.8,36.4,28.15,77.11,157.6,Degradation Warning
NMC,64.0,367,0.077,26.0,78.9,21.93,-0.7,49.0,Aggressive,1,685.1,383.7,31.5,31.38,90.23,183.9,Healthy
NMC,58.0,977,0.573,39.8,51.5,38.72,24.0,82.2,Aggressive,0,41.6,359.2,37.1,21.33,73.99,201.2,Replacement Required
NMC,100.0,431,0.187,31.4,55.0,24.31,7.1,31.9,Aggressive,2,968.7,401.4,37.1,31.08,88.6,286.1,Healthy
NMC,100.0,1267,0.795,22.4,49.2,46.73,33.0,73.0,Eco,0,851.2,382.7,31.7,19.38,72.93,379.7,Replacement Required
LFP,100.0,172,0.599,22.0,50.1,22.05,41.5,122.3,Moderate,2,1199.8,155.8,34.6,34.46,94.7,276.1,Healthy
NMC,58.0,1255,0.616,19.6,42.0,44.46,30.5,33.8,Moderate,1,306.9,355.4,38.0,18.24,76.7,242.5,Degradation Warning
LFP,58.0,111,0.236,30.6,87.2,19.75,28.6,75.7,Aggressive,2,1041.4,278.0,29.6,25.5,96.81,222.7,Healthy
NMC,100.0,350,0.755,21.9,69.1,26.44,8.5,85.2,Eco,0,732.4,211.2,35.9,19.58,89.32,464.5,Healthy
NMC,58.0,974,0.48,13.4,58.0,35.53,17.8,118.2,Moderate,1,277.2,72.7,35.7,24.85,81.5,188.8,Normal Wear
NMC,58.0,989,0.736,17.1,55.9,39.95,-7.3,54.7,Moderate,1,354.9,314.2,32.2,25.86,77.97,172.7,Degradation Warning
LFP,75.0,573,0.267,20.4,70.0,29.49,27.8,75.3,Aggressive,1,24.5,368.9,36.4,20.92,90.77,321.7,Healthy
NMC,45.0,949,0.654,29.0,58.0,37.59,25.1,123.7,Aggressive,1,412.2,281.5,35.1,34.42,78.96,107.9,Degradation Warning
LFP,82.0,1271,0.51,26.5,87.5,44.67,4.0,101.9,Moderate,1,1079.3,178.8,35.0,28.58,81.66,230.6,Normal Wear
NMC,58.0,213,0.089,32.7,51.6,18.39,17.8,106.0,Moderate,0,90.3,90.2,35.9,20.82,93.3,258.2,Healthy
LFP,82.0,549,0.374,21.6,88.5,28.41,25.3,103.1,Moderate,1,1113.7,300.6,34.7,25.57,89.64,289.6,Healthy
NMC,82.0,864,0.197,25.1,76.5,33.12,9.1,76.5,Moderate,1,455.5,211.3,34.6,20.57,82.74,326.1,Normal Wear
LFP,75.0,1286,0.337,37.5,92.6,40.85,27.7,68.4,Eco,1,889.0,243.9,34.0,17.14,76.71,337.8,Degradation Warning
LFP,58.0,1319,0.357,25.0,40.8,44.0,31.4,50.5,Eco,1,790.3,267.5,35.5,17.17,83.79,283.0,Normal Wear
LFP,100.0,658,0.43,28.3,43.3,29.67,1.6,71.6,Moderate,1,807.0,339.0,33.1,25.55,88.26,336.9,Healthy
LFP,82.0,497,0.53,23.1,67.5,28.57,5.7,27.1,Eco,2,658.0,257.9,40.0,20.77,90.5,361.1,Healthy
LFP,58.0,499,0.507,25.6,90.2,26.82,10.9,34.7,Moderate,0,557.2,254.1,32.6,19.86,88.54,262.1,Healthy
NMC,64.0,307,0.081,29.9,80.2,19.62,2.3,53.7,Eco,0,1113.9,238.4,36.3,20.49,92.33,285.5,Healthy
NMC,100.0,717,0.651,30.9,74.2,32.39,30.3,58.4,Moderate,1,816.0,219.7,32.4,20.33,80.54,393.5,Normal Wear
NMC,64.0,714,0.809,27.7,41.7,35.38,19.7,95.8,Moderate,2,737.5,288.1,40.0,22.02,81.55,235.6,Normal Wear
LFP,64.0,559,0.329,25.4,59.5,27.96,9.8,42.2,Eco,1,501.9,78.5,33.2,17.1,90.17,340.3,Healthy
NMC,82.0,349,0.194,27.8,59.0,23.19,-9.2,104.6,Moderate,0,270.1,323.1,39.6,29.1,91.48,259.6,Healthy
LFP,64.0,489,0.482,22.6,69.8,27.84,6.9,105.1,Moderate,1,2.2,180.1,33.6,24.62,90.53,236.3,Healthy
NMC,75.0,868,0.614,25.7,54.2,36.17,33.5,83.7,Aggressive,1,1176.9,200.4,37.1,26.94,79.99,226.1,Degradation Warning
NMC,75.0,553,0.593,29.0,54.7,31.87,28.7,74.1,Moderate,2,907.6,285.0,35.0,19.83,85.41,319.2,Normal Wear
NMC,82.0,486,0.54,32.9,74.1,27.91,-6.5,71.7,Aggressive,0,1192.8,156.6,35.9,30.84,85.83,224.5,Normal Wear
LFP,58.0,996,0.167,21.5,92.0,33.64,31.7,67.1,Moderate,2,924.2,300.6,36.0,20.47,87.19,252.1,Normal Wear
NMC,45.0,439,0.719,25.9,76.3,27.65,-0.7,33.9,Moderate,2,54.6,114.7,36.8,22.27,86.1,171.9,Normal Wear
NMC,58.0,1165,0.39,21.0,76.7,40.72,41.3,90.5,Moderate,1,532.9,297.3,36.5,23.05,78.87,197.6,Degradation Warning
NMC,58.0,781,0.227,24.3,94.2,30.47,35.2,82.7,Moderate,0,140.1,321.0,34.7,18.84,84.03,257.6,Normal Wear
NMC,58.0,1025,0.119,33.0,48.4,35.93,37.5,26.6,Eco,1,961.5,314.8,35.3,19.14,82.11,247.1,Normal Wear
NMC,58.0,910,0.383,23.8,41.9,35.23,30.0,45.3,Moderate,2,223.2,341.0,35.3,17.85,82.18,266.9,Normal Wear
NMC,100.0,327,0.544,26.4,81.0,26.94,27.0,68.6,Moderate,1,789.2,250.9,35.1,19.49,89.53,458.3,Healthy
LFP,45.0,943,0.582,19.6,64.1,36.54,2.7,115.1,Moderate,2,790.3,372.7,34.7,33.61,84.4,115.3,Normal Wear
NMC,100.0,353,0.82,23.6,63.6,28.12,20.5,124.0,Moderate,0,766.7,151.7,36.2,29.75,89.24,306.4,Healthy
NMC,64.0,973,0.173,17.7,52.4,35.32,26.2,100.1,Moderate,1,1054.0,204.2,34.2,23.71,83.62,225.0,Normal Wear
NMC,58.0,1369,0.839,28.7,67.9,48.44,5.0,99.9,Eco,2,870.9,404.8,37.5,25.79,69.73,160.6,Replacement Required
NMC,75.0,1041,0.574,29.2,64.3,40.94,10.7,66.5,Eco,1,393.0,346.1,38.3,18.06,79.73,331.3,Degradation Warning
NMC,82.0,808,0.413,29.0,59.0,34.1,39.2,82.1,Moderate,1,377.8,329.9,34.3,21.47,82.18,312.3,Normal Wear
NMC,82.0,851,0.761,29.4,64.4,36.51,11.2,48.3,Moderate,0,26.8,318.9,36.4,18.43,78.77,346.4,Degradation Warning
NMC,100.0,863,0.606,29.0,61.1,37.27,6.4,98.8,Aggressive,2,1089.9,108.7,34.2,34.36,81.02,234.0,Normal Wear
NMC,100.0,269,0.329,17.8,91.7,20.6,-4.4,31.0,Moderate,1,124.2,402.7,33.4,25.43,91.08,348.4,Healthy
LFP,75.0,1138,0.757,22.3,93.9,42.51,7.7,66.7,Moderate,2,574.9,172.4,33.6,22.01,78.87,270.6,Degradation Warning
LFP,58.0,1339,0.583,13.5,86.2,43.78,21.8,108.1,Moderate,2,610.2,120.5,33.2,23.7,80.16,197.1,Normal Wear
LFP,45.0,203,0.609,24.2,94.5,23.67,-2.3,123.0,Aggressive,0,537.4,76.5,31.2,36.0,95.63,119.2,Healthy
NMC,64.0,1303,0.767,21.8,54.6,45.78,21.5,94.7,Aggressive,1,689.1,205.4,40.0,25.66,72.21,176.3,Replacement Required
NMC,82.0,818,0.409,26.8,86.4,33.73,28.5,44.7,Aggressive,1,875.1,305.4,34.9,24.35,83.16,280.2,Normal Wear
NMC,64.0,205,0.576,41.8,62.4,22.11,29.9,82.1,Moderate,0,235.5,207.1,35.8,17.51,90.65,332.0,Healthy
NMC,45.0,1112,0.646,31.7,81.0,41.93,41.2,81.1,Moderate,0,88.4,353.1,33.6,19.55,73.05,168.0,Replacement Required
LFP,100.0,857,0.413,36.2,51.1,32.47,12.6,121.6,Moderate,0,1028.9,133.5,34.2,31.08,84.66,269.7,Normal Wear
NMC,82.0,646,0.117,31.9,84.7,30.9,-8.3,109.0,Eco,2,593.7,129.4,31.9,30.86,84.11,223.6,Normal Wear
NMC,64.0,878,0.667,26.4,44.6,36.39,34.4,29.9,Aggressive,2,152.8,163.2,37.0,21.58,79.88,232.1,Degradation Warning
NMC,100.0,27,0.088,26.9,54.9,14.51,-5.7,47.0,Eco,1,806.5,89.0,33.8,22.82,97.41,429.0,Healthy
LFP,45.0,1308,0.624,32.2,85.2,41.75,34.8,109.2,Aggressive,1,267.7,363.7,39.8,30.95,76.9,113.4,Degradation Warning
NMC,64.0,802,0.779,28.5,81.1,35.51,41.1,122.2,Eco,1,98.2,117.2,33.8,25.44,80.56,208.7,Normal Wear
NMC,58.0,794,0.328,25.3,67.6,33.12,37.2,54.5,Moderate,2,339.1,203.0,36.1,19.23,83.17,246.9,Normal Wear
NMC,100.0,1026,0.132,35.6,77.0,36.68,40.1,94.1,Moderate,1,356.3,232.0,32.4,23.73,80.08,335.8,Normal Wear
NMC,45.0,696,0.236,29.7,50.2,28.6,-8.8,55.8,Moderate,2,1042.1,152.2,35.1,29.2,85.2,130.7,Normal Wear
NMC,64.0,1126,0.5,18.4,76.7,39.04,-9.4,29.1,Moderate,2,368.8,379.6,30.6,29.85,76.85,161.3,Degradation Warning
NMC,58.0,230,0.804,25.9,40.4,26.05,0.9,107.9,Aggressive,0,936.3,327.5,32.2,36.0,91.69,144.2,Healthy
NMC,58.0,1356,0.46,27.3,85.8,43.02,31.5,98.9,Eco,2,692.7,79.9,38.3,19.33,76.08,227.1,Degradation Warning
NMC,45.0,1380,0.14,24.6,68.4,43.57,-5.4,30.3,Aggressive,0,113.6,223.5,38.7,25.59,78.79,133.7,Degradation Warning
NMC,75.0,509,0.552,24.7,91.9,28.03,28.8,39.5,Aggressive,2,187.8,118.2,35.3,19.74,85.38,327.4,Normal Wear
NMC,82.0,658,0.636,24.5,66.3,31.33,-9.3,125.0,Moderate,2,96.1,293.6,35.2,36.0,83.16,188.4,Normal Wear
NMC,45.0,210,0.365,16.3,63.8,21.06,28.0,90.1,Moderate,1,481.8,242.6,37.3,19.26,91.23,214.3,Healthy
LFP,58.0,690,0.627,15.2,64.8,31.92,3.0,105.0,Aggressive,0,1163.9,353.0,35.7,35.87,87.49,142.4,Normal Wear
LFP,58.0,862,0.31,23.1,59.8,33.41,12.9,63.9,Moderate,0,217.0,309.5,33.2,18.51,86.6,272.1,Normal Wear
NMC,45.0,354,0.681,24.6,49.2,27.37,40.8,76.8,Aggressive,0,410.5,356.5,37.0,24.33,89.36,167.2,Healthy
NMC,75.0,1130,0.323,19.0,86.3,39.05,18.7,87.0,Moderate,1,984.0,376.7,36.6,21.99,78.9,267.3,Degradation Warning
NMC,82.0,598,0.255,20.9,61.4,27.03,-6.1,105.6,Moderate,2,1050.9,133.2,38.6,34.35,87.17,215.6,Normal Wear
NMC,64.0,81,0.753,25.5,69.1,21.04,35.4,58.9,Aggressive,2,882.5,274.2,37.9,25.96,95.07,234.0,Healthy
LFP,45.0,406,0.489,33.2,41.1,24.78,6.8,92.2,Eco,1,560.5,125.7,30.5,20.58,91.35,196.8,Healthy
NMC,82.0,1189,0.278,32.8,43.3,39.14,20.4,102.6,Moderate,0,778.6,155.2,32.7,23.63,77.12,263.0,Degradation Warning
LFP,82.0,172,0.798,33.0,72.8,24.97,27.0,105.5,Moderate,2,540.0,149.6,40.0,23.1,94.44,330.0,Healthy
NMC,100.0,638,0.603,20.9,88.4,31.16,30.4,74.9,Moderate,2,1018.3,193.6,34.1,20.72,83.26,413.8,Normal Wear
NMC,58.0,717,0.227,25.7,67.1,29.17,12.5,72.3,Eco,1,491.8,345.8,35.0,17.58,85.68,283.2,Normal Wear
LFP,64.0,1392,0.542,34.4,49.1,45.97,30.2,35.5,Moderate,2,981.4,181.1,34.8,19.58,76.72,248.3,Degradation Warning
LFP,45.0,197,0.746,16.4,46.4,23.49,-3.9,74.8,Moderate,1,702.8,330.8,34.2,25.54,95.11,164.4,Healthy
LFP,58.0,866,0.607,24.2,89.5,35.71,17.3,95.2,Eco,1,625.5,70.3,40.0,17.66,84.49,279.8,Normal Wear
LFP,100.0,506,0.246,28.3,78.6,26.01,-8.9,117.1,Moderate,2,787.8,272.5,35.4,36.0,90.68,249.0,Healthy
NMC,100.0,1290,0.569,16.8,93.1,42.55,11.1,37.5,Eco,2,350.5,168.4,32.6,18.07,74.24,412.2,Replacement Required
LFP,58.0,1297,0.545,29.6,44.5,43.71,9.0,121.9,Eco,1,470.6,329.7,34.3,27.58,82.41,175.6,Normal Wear
NMC,75.0,519,0.707,36.3,89.6,28.67,40.9,48.4,Moderate,0,966.1,416.9,37.6,22.83,84.21,277.5,Normal Wear
LFP,82.0,560,0.193,34.3,86.5,27.21,10.7,42.6,Moderate,0,460.8,256.3,33.1,19.97,88.82,357.9,Healthy
NMC,45.0,1395,0.61,25.9,89.1,47.07,37.2,36.5,Moderate,1,784.3,256.5,36.8,20.4,72.34,164.3,Replacement Required
LFP,45.0,32,0.072,31.9,40.3,18.17,12.6,124.0,Eco,1,796.3,411.0,33.6,28.57,97.77,155.9,Healthy
NMC,45.0,170,0.607,16.7,80.8,22.97,17.7,81.1,Eco,1,1043.7,195.7,34.7,17.23,92.24,248.1,Healthy
NMC,58.0,1093,0.818,28.7,70.2,38.51,8.2,52.1,Eco,0,532.4,208.7,38.5,17.25,74.8,253.5,Replacement Required
NMC,75.0,1258,0.19,25.2,71.5,41.56,23.3,56.8,Moderate,0,1083.0,313.8,37.1,20.46,79.4,288.3,Degradation Warning
LFP,64.0,1010,0.299,26.1,65.8,38.81,28.4,120.0,Aggressive,2,1191.7,242.6,36.6,36.0,85.55,150.8,Normal Wear
NMC,100.0,663,0.516,27.6,80.8,31.19,31.1,115.0,Moderate,2,203.0,339.1,32.7,27.54,83.49,302.7,Normal Wear
NMC,58.0,391,0.636,29.3,95.0,28.5,26.1,60.0,Moderate,1,858.5,214.0,37.8,18.64,87.73,272.0,Normal Wear
NMC,64.0,1156,0.325,18.3,79.1,38.75,7.2,31.4,Aggressive,1,838.0,311.1,32.7,28.21,78.56,176.0,Degradation Warning
NMC,100.0,271,0.581,21.1,77.3,22.86,7.2,108.4,Moderate,2,547.4,339.5,34.7,29.92,90.62,303.8,Healthy
LFP,100.0,1384,0.769,25.5,76.0,47.09,8.1,116.4,Moderate,0,364.6,295.0,35.6,29.14,76.34,259.9,Degradation Warning
NMC,75.0,72,0.631,16.3,78.2,20.05,-8.0,108.8,Aggressive,1,32.7,140.8,38.5,36.0,95.96,205.2,Healthy
LFP,82.0,1173,0.619,27.8,58.8,43.18,39.0,116.3,Aggressive,2,763.5,250.7,36.0,36.0,81.19,179.8,Normal Wear
NMC,45.0,212,0.356,32.0,57.6,21.38,0.2,82.6,Moderate,1,378.9,408.3,35.9,24.29,92.55,170.9,Healthy
NMC,64.0,610,0.779,35.4,83.1,31.74,-1.7,109.0,Moderate,0,662.6,106.5,33.3,28.43,81.23,179.6,Normal Wear
LFP,58.0,1100,0.272,27.6,42.9,41.6,18.7,119.4,Eco,0,146.6,316.8,38.0,23.25,84.89,211.0,Normal Wear
LFP,64.0,116,0.214,38.3,81.8,17.67,-7.5,114.0,Moderate,0,53.1,345.8,35.4,30.39,95.7,204.3,Healthy
NMC,82.0,217,0.341,26.8,84.8,22.93,33.6,83.7,Eco,1,962.9,306.3,30.8,20.23,92.58,376.9,Healthy
NMC,45.0,166,0.57,19.5,68.7,22.24,35.6,99.7,Moderate,1,147.5,109.4,40.0,20.86,92.67,205.5,Healthy
LFP,64.0,1338,0.739,26.7,90.1,45.76,10.7,97.1,Moderate,0,164.8,96.2,33.1,20.94,77.16,231.2,Degradation Warning
NMC,82.0,742,0.156,25.8,66.0,31.08,40.5,105.3,Eco,0,684.7,247.3,31.6,23.63,85.88,292.5,Normal Wear
LFP,58.0,703,0.701,30.1,49.8,32.29,6.9,47.9,Eco,2,877.3,182.4,34.0,20.3,87.36,246.0,Normal Wear
LFP,75.0,1055,0.7,28.6,59.9,40.41,3.5,25.2,Moderate,1,9.6,206.7,38.2,20.41,82.76,299.3,Normal Wear
LFP,100.0,352,0.52,28.2,89.8,25.15,41.5,76.0,Eco,2,530.5,165.5,40.0,19.09,92.1,484.1,Healthy
NMC,58.0,1263,0.659,32.8,94.7,44.78,3.0,101.6,Aggressive,1,757.5,356.9,35.6,34.69,71.31,122.0,Replacement Required
LFP,45.0,1385,0.196,24.4,63.2,43.73,13.1,37.5,Aggressive,1,885.7,367.5,36.8,25.69,84.49,152.8,Normal Wear
NMC,100.0,531,0.186,30.2,49.2,28.73,21.8,78.3,Aggressive,1,1137.5,75.7,34.0,24.26,86.53,351.1,Normal Wear
NMC,58.0,191,0.74,28.7,55.7,22.2,6.8,56.4,Moderate,2,19.3,354.7,38.7,21.13,93.07,253.0,Healthy
NMC,58.0,1209,0.449,27.7,70.4,41.04,10.0,108.8,Moderate,1,1078.4,305.7,33.6,29.2,78.2,150.4,Degradation Warning
NMC,58.0,1213,0.247,26.6,71.5,41.03,27.5,35.0,Aggressive,2,1160.0,229.0,37.3,24.15,78.23,184.2,Degradation Warning
LFP,58.0,583,0.601,19.4,74.7,29.3,27.6,109.8,Eco,1,1038.9,99.0,40.0,22.15,88.4,233.3,Healthy
LFP,100.0,531,0.764,25.5,85.9,31.01,31.8,86.1,Moderate,1,1138.7,304.0,37.8,23.18,89.51,379.0,Healthy
LFP,45.0,1232,0.556,25.9,79.1,44.55,20.9,116.9,Eco,0,142.2,162.2,35.9,21.39,81.22,166.9,Normal Wear
NMC,82.0,1163,0.328,22.7,54.3,39.6,2.1,118.6,Eco,1,1190.7,262.4,33.6,30.83,78.9,209.6,Degradation Warning
NMC,64.0,124,0.437,18.9,61.7,20.21,7.3,105.9,Moderate,0,918.3,147.6,34.3,26.62,95.16,222.2,Healthy
NMC,75.0,693,0.652,23.7,86.2,33.56,36.8,78.0,Aggressive,0,83.4,377.2,30.8,24.13,82.63,260.8,Normal Wear
LFP,64.0,826,0.104,24.2,74.8,33.2,28.2,39.3,Eco,2,814.7,192.2,36.1,16.27,90.14,352.0,Healthy
NMC,64.0,1084,0.224,19.0,49.2,42.2,-5.4,47.5,Eco,1,843.8,310.3,35.8,23.4,81.69,229.9,Normal Wear
LFP,75.0,908,0.42,19.0,57.9,34.05,29.2,66.8,Eco,2,755.2,242.7,32.1,17.31,84.89,368.3,Normal Wear
NMC,100.0,895,0.533,14.4,83.5,37.89,7.2,97.9,Aggressive,0,1049.6,390.0,35.9,33.44,81.58,242.5,Normal Wear
NMC,45.0,696,0.321,28.8,49.5,30.08,-8.8,79.5,Aggressive,1,898.5,149.8,34.7,32.61,84.23,112.0,Normal Wear
LFP,75.0,340,0.289,32.9,78.0,22.81,15.2,68.8,Moderate,2,194.1,404.4,32.0,19.66,92.05,347.1,Healthy
NMC,45.0,354,0.083,27.1,71.0,22.75,35.9,72.8,Moderate,1,300.2,333.3,33.6,19.22,91.46,209.6,Healthy
LFP,100.0,1203,0.076,24.6,48.1,39.59,13.1,99.1,Moderate,1,556.1,315.4,32.2,25.08,89.14,356.7,Healthy
LFP,64.0,283,0.273,18.7,77.9,23.8,41.4,28.4,Moderate,1,473.8,364.2,34.5,21.45,93.77,283.9,Healthy
NMC,45.0,884,0.474,13.8,47.8,33.76,-0.7,69.3,Eco,1,795.6,298.1,35.4,21.58,82.01,172.8,Normal Wear
NMC,100.0,371,0.495,26.8,61.9,21.82,8.2,82.3,Aggressive,2,163.7,108.6,32.9,25.91,88.26,335.3,Healthy
NMC,100.0,1253,0.445,30.7,57.0,45.05,-9.1,83.9,Moderate,1,425.2,314.4,31.0,28.66,75.61,263.9,Degradation Warning
LFP,82.0,695,0.378,22.0,78.0,29.44,-7.4,86.9,Moderate,2,291.4,223.2,36.9,28.66,89.3,254.9,Healthy
NMC,75.0,938,0.252,33.3,83.0,36.48,8.4,30.3,Eco,2,352.4,263.7,32.6,19.17,80.22,312.7,Normal Wear
NMC,82.0,24,0.371,22.9,49.3,19.38,17.5,80.8,Eco,1,853.0,212.9,36.7,17.38,98.9,459.4,Healthy
NMC,64.0,53,0.161,33.5,84.7,18.39,2.3,80.1,Eco,2,96.6,129.9,34.9,19.48,95.43,304.6,Healthy
LFP,75.0,1188,0.142,22.3,40.4,40.23,-1.3,110.5,Moderate,2,1064.8,239.7,36.4,34.44,86.16,185.3,Normal Wear
NMC,64.0,370,0.29,12.0,69.2,25.03,11.9,101.0,Aggressive,2,769.3,92.0,34.5,29.91,89.24,188.2,Healthy
LFP,82.0,602,0.846,30.8,68.4,31.49,-1.1,28.1,Aggressive,2,494.0,88.8,38.4,29.94,86.04,239.5,Normal Wear
LFP,100.0,484,0.311,21.5,74.3,24.25,22.8,80.6,Eco,0,582.9,256.6,40.0,16.97,91.95,544.3,Healthy
NMC,64.0,367,0.799,17.7,53.2,26.72,39.7,94.1,Moderate,2,837.8,133.1,36.2,24.1,87.95,234.6,Normal Wear
NMC,75.0,144,0.364,29.9,40.5,19.41,31.9,83.0,Eco,1,876.9,288.3,30.2,19.43,93.04,356.6,Healthy
LFP,75.0,1314,0.401,21.7,65.0,42.55,1.2,92.6,Moderate,1,965.6,136.8,37.4,26.49,82.73,238.9,Normal Wear
NMC,64.0,376,0.688,18.5,43.9,26.71,39.5,36.7,Moderate,1,316.4,351.8,33.5,20.57,87.98,280.1,Normal Wear
LFP,75.0,546,0.125,34.9,89.1,24.33,29.1,41.9,Aggressive,1,1029.4,121.2,28.2,24.86,88.97,270.7,Healthy
NMC,100.0,517,0.196,25.8,49.6,28.02,-1.9,83.3,Eco,0,996.7,225.4,34.4,22.33,88.94,396.4,Healthy
NMC,100.0,1196,0.829,18.4,63.4,43.81,20.1,105.1,Aggressive,1,1026.1,233.0,38.2,31.26,74.47,237.4,Replacement Required
LFP,75.0,72,0.455,24.2,63.9,18.58,40.3,27.6,Moderate,1,97.0,287.0,37.5,19.47,97.79,385.6,Healthy
NMC,64.0,168,0.085,39.8,70.4,18.5,-5.0,68.6,Moderate,0,172.3,210.8,34.1,21.55,92.32,275.1,Healthy
NMC,82.0,522,0.088,27.7,83.0,25.78,4.1,124.2,Eco,1,749.7,299.9,39.6,30.54,87.78,240.1,Normal Wear
NMC,75.0,889,0.776,23.1,66.0,36.19,9.5,101.6,Moderate,2,1143.6,338.3,33.0,29.13,79.25,203.0,Degradation Warning
NMC,75.0,238,0.749,30.0,41.4,23.0,-4.0,70.0,Eco,0,131.9,113.0,39.9,18.1,91.52,376.0,Healthy
NMC,75.0,1320,0.417,24.3,82.4,42.33,5.6,34.8,Moderate,1,886.6,95.7,33.7,22.31,75.74,251.6,Degradation Warning
NMC,75.0,471,0.181,23.9,44.5,23.8,26.0,60.9,Moderate,1,163.3,307.1,34.0,17.37,89.77,378.8,Healthy
LFP,64.0,102,0.714,23.1,75.3,20.3,14.8,40.4,Eco,2,1140.6,368.7,30.3,20.19,94.76,298.3,Healthy
NMC,82.0,1261,0.31,32.1,84.2,41.9,11.9,117.1,Moderate,1,960.1,237.9,34.1,30.52,75.21,208.5,Degradation Warning
LFP,82.0,757,0.385,28.2,55.5,33.77,12.5,93.6,Moderate,1,346.0,291.4,36.1,22.27,89.74,331.3,Healthy
NMC,45.0,546,0.596,35.5,64.7,27.6,29.5,110.6,Aggressive,1,57.1,174.3,34.5,27.61,83.92,135.3,Normal Wear
LFP,75.0,423,0.333,28.8,40.8,26.55,41.5,114.7,Moderate,2,524.0,376.1,31.0,31.48,91.79,214.8,Healthy
NMC,75.0,309,0.553,36.2,84.2,22.57,20.6,85.7,Moderate,1,630.1,340.0,35.6,20.27,89.16,331.8,Healthy
LFP,45.0,439,0.758,30.9,78.7,28.45,29.1,25.7,Aggressive,1,632.5,275.5,35.1,22.27,88.79,181.3,Healthy
NMC,82.0,358,0.688,25.4,52.7,24.47,9.4,80.6,Moderate,2,1022.3,177.3,35.2,23.33,87.15,308.1,Normal Wear
NMC,58.0,796,0.355,26.2,61.5,31.53,34.8,105.2,Aggressive,0,1177.1,223.3,36.9,32.18,85.6,152.2,Normal Wear
NMC,100.0,730,0.28,38.0,78.2,31.66,11.9,56.4,Moderate,0,518.3,167.8,35.0,19.32,80.9,417.4,Normal Wear
NMC,58.0,1006,0.278,34.8,59.7,37.16,38.6,117.8,Moderate,2,196.6,221.0,35.4,28.31,78.96,161.7,Degradation Warning
NMC,82.0,978,0.329,36.3,48.9,37.43,28.7,124.7,Eco,1,452.4,87.4,38.7,24.81,78.55,254.6,Degradation Warning
NMC,75.0,1250,0.445,21.0,68.5,41.55,26.8,79.9,Moderate,1,854.6,107.0,33.4,18.9,77.23,310.5,Degradation Warning
LFP,58.0,705,0.383,15.7,79.8,32.6,5.1,78.1,Aggressive,0,700.4,146.0,37.2,25.2,87.8,197.9,Normal Wear
NMC,64.0,1308,0.156,21.9,57.6,43.97,31.4,90.5,Eco,1,104.1,386.4,35.3,17.72,78.14,289.3,Degradation Warning
NMC,64.0,1079,0.181,28.0,46.7,37.94,-4.5,81.6,Moderate,1,251.9,232.9,33.6,24.57,81.71,213.7,Normal Wear
NMC,45.0,392,0.324,23.1,85.6,22.64,18.0,41.0,Moderate,1,832.2,238.2,38.5,18.46,89.1,218.8,Healthy
LFP,82.0,1302,0.5,27.2,53.9,41.72,28.2,52.1,Aggressive,1,837.7,255.1,33.3,24.02,81.86,274.6,Normal Wear
NMC,82.0,1013,0.524,24.3,68.2,38.59,35.9,45.2,Aggressive,1,730.8,245.1,36.5,25.14,80.22,262.4,Normal Wear
NMC,58.0,550,0.439,16.4,78.0,27.95,19.6,32.2,Moderate,2,352.8,100.2,32.3,16.55,85.97,304.7,Normal Wear
NMC,75.0,943,0.641,29.6,57.4,36.51,3.4,39.0,Moderate,2,195.9,183.2,32.0,22.75,78.88,261.0,Degradation Warning
LFP,82.0,42,0.64,27.2,75.7,19.48,34.1,122.2,Moderate,0,274.6,93.6,37.4,27.66,97.23,288.6,Healthy
LFP,58.0,123,0.392,35.0,65.3,19.38,29.9,80.5,Aggressive,0,969.1,94.4,29.7,24.3,95.34,226.6,Healthy
NMC,58.0,260,0.15,28.0,71.4,20.9,-2.0,37.6,Eco,2,586.3,97.0,31.6,22.36,93.32,243.4,Healthy
LFP,100.0,1024,0.474,31.7,72.5,37.27,35.4,96.3,Aggressive,1,421.4,384.1,38.6,29.31,82.28,279.4,Normal Wear
LFP,100.0,922,0.355,22.1,85.3,37.95,39.9,72.7,Eco,1,163.1,146.6,40.0,16.85,85.88,510.8,Normal Wear
NMC,82.0,1296,0.16,29.1,76.1,40.58,18.0,47.5,Eco,2,471.1,93.6,38.2,14.9,79.57,443.2,Degradation Warning
LFP,58.0,1185,0.835,31.9,54.5,43.39,-8.0,119.4,Moderate,1,501.4,71.0,32.1,34.45,78.79,136.8,Degradation Warning
NMC,45.0,833,0.346,30.3,43.3,31.28,37.6,47.5,Moderate,0,1063.2,284.6,36.3,21.13,83.25,177.9,Normal Wear
NMC,45.0,674,0.551,25.6,40.1,30.4,-3.6,34.8,Moderate,2,1128.1,285.9,31.4,29.04,84.85,127.5,Normal Wear
NMC,100.0,802,0.442,29.1,89.7,32.13,22.9,45.6,Moderate,2,1007.3,162.7,34.4,19.75,80.97,409.3,Normal Wear
NMC,82.0,326,0.164,30.7,91.8,21.86,10.8,116.2,Moderate,0,465.8,168.0,33.4,27.86,90.61,268.3,Healthy
NMC,75.0,27,0.094,34.2,45.2,15.81,41.6,110.8,Moderate,2,671.0,188.4,38.5,28.82,97.32,255.1,Healthy
LFP,45.0,1112,0.551,23.6,66.8,40.04,37.7,114.4,Eco,2,1009.4,193.9,34.8,25.95,83.16,148.2,Normal Wear
NMC,45.0,594,0.248,20.3,48.3,27.71,30.8,116.6,Moderate,1,60.5,342.0,29.2,26.82,86.77,141.4,Normal Wear
NMC,100.0,1111,0.245,22.0,92.2,38.95,0.4,32.7,Aggressive,0,639.4,398.9,36.3,29.14,79.52,276.5,Degradation Warning
NMC,100.0,931,0.816,27.9,53.6,38.86,26.4,96.1,Moderate,1,478.4,275.9,34.1,22.0,77.13,353.0,Degradation Warning
LFP,82.0,537,0.419,27.0,67.6,25.4,19.8,91.5,Moderate,2,457.2,207.2,33.9,20.12,90.2,372.1,Healthy
NMC,100.0,1162,0.074,30.8,49.1,39.95,-3.0,124.3,Moderate,1,420.1,173.2,38.5,35.23,81.21,226.1,Normal Wear
NMC,64.0,1074,0.322,32.0,58.3,38.72,31.3,96.5,Aggressive,1,768.6,360.3,35.2,28.69,77.29,183.6,Degradation Warning
NMC,58.0,502,0.518,15.7,54.7,25.79,-5.5,104.2,Moderate,0,500.8,101.5,31.5,27.59,86.44,178.3,Normal Wear
NMC,45.0,226,0.313,24.1,66.1,22.48,15.0,96.5,Aggressive,1,386.6,221.6,33.7,25.93,92.03,157.5,Healthy
LFP,64.0,688,0.071,28.3,63.1,30.41,12.2,87.1,Eco,2,679.6,302.9,33.6,20.02,91.09,288.8,Healthy
LFP,75.0,598,0.405,33.7,58.2,27.01,31.9,80.3,Eco,2,447.8,157.7,34.6,16.47,87.94,402.6,Normal Wear
NMC,64.0,406,0.135,26.7,45.8,23.55,12.2,121.9,Moderate,1,41.6,117.1,33.0,27.7,90.4,209.8,Healthy
LFP,82.0,431,0.545,35.2,66.6,27.21,26.1,118.6,Eco,2,501.2,298.1,35.1,24.44,89.98,301.0,Healthy
NMC,75.0,1396,0.546,30.3,86.8,47.48,14.9,68.8,Moderate,1,235.3,279.8,36.1,18.22,72.48,303.6,Replacement Required
LFP,75.0,1379,0.08,29.3,80.2,43.65,20.3,53.4,Moderate,1,119.9,286.8,36.5,16.9,84.19,376.4,Normal Wear
NMC,100.0,910,0.283,26.3,79.6,34.22,2.5,75.9,Moderate,2,1047.1,412.4,35.7,27.68,82.05,294.6,Normal Wear
NMC,64.0,925,0.381,26.9,60.1,34.49,0.5,99.6,Moderate,1,830.2,183.0,35.3,27.88,82.11,184.8,Normal Wear
NMC,82.0,1332,0.49,29.0,79.0,42.81,26.9,65.1,Aggressive,2,457.1,415.0,36.1,23.33,73.73,263.1,Replacement Required
LFP,45.0,982,0.287,25.8,65.6,35.25,-3.6,78.7,Eco,1,1182.3,86.4,38.5,22.48,86.6,170.0,Normal Wear
NMC,100.0,984,0.28,33.7,48.3,37.01,-0.8,54.9,Aggressive,1,440.6,84.1,30.7,28.9,80.55,281.0,Normal Wear
NMC,64.0,159,0.836,32.3,63.0,24.3,38.9,67.8,Moderate,0,293.4,370.5,33.7,19.86,92.12,288.6,Healthy
NMC,45.0,319,0.083,34.2,47.3,21.43,3.2,120.7,Eco,2,568.2,182.7,35.6,29.03,90.74,140.6,Healthy
LFP,64.0,1056,0.841,20.8,46.3,42.48,6.8,46.5,Eco,2,1134.7,195.0,34.5,21.22,81.24,250.5,Normal Wear
NMC,100.0,683,0.088,20.6,41.3,29.68,22.9,123.9,Eco,0,796.8,87.9,33.0,26.15,88.0,338.3,Healthy
LFP,45.0,844,0.281,29.9,55.6,36.6,12.9,46.6,Aggressive,1,876.7,70.8,29.8,24.33,87.54,167.7,Normal Wear
LFP,100.0,419,0.445,26.5,58.2,23.85,19.1,56.9,Eco,2,198.4,291.5,37.3,15.58,92.08,589.1,Healthy
NMC,64.0,1011,0.165,28.6,78.5,35.95,-2.5,33.7,Moderate,2,48.2,252.9,36.7,24.3,81.8,216.3,Normal Wear
LFP,75.0,1152,0.158,20.3,69.6,39.24,25.0,100.2,Moderate,0,644.6,324.7,32.0,23.74,86.01,271.1,Normal Wear
NMC,58.0,1399,0.255,18.3,87.2,46.73,-1.9,26.8,Eco,1,396.4,149.6,39.6,19.96,76.98,223.8,Degradation Warning
LFP,75.0,168,0.829,28.4,49.7,21.59,28.9,103.8,Moderate,0,51.2,366.6,35.4,22.46,94.32,311.8,Healthy
NMC,100.0,326,0.354,22.4,54.6,22.49,17.2,82.7,Moderate,1,1075.4,161.8,33.4,21.15,91.1,430.9,Healthy
LFP,100.0,1103,0.503,31.3,91.8,40.14,32.4,99.9,Moderate,1,30.1,226.8,31.8,22.32,82.01,366.5,Normal Wear
LFP,100.0,454,0.613,23.3,64.4,26.29,-1.0,103.3,Eco,0,15.2,198.9,33.2,22.8,90.56,395.4,Healthy
LFP,45.0,40,0.644,21.7,83.4,19.36,9.6,37.4,Moderate,1,359.0,369.3,34.3,20.42,97.52,213.0,Healthy
LFP,82.0,894,0.6,13.4,67.1,34.52,34.0,27.1,Eco,2,596.7,357.4,35.1,18.34,85.04,378.7,Normal Wear
NMC,100.0,401,0.32,34.5,65.9,26.37,31.5,41.9,Aggressive,2,541.0,224.6,35.6,23.67,87.18,371.7,Normal Wear
NMC,75.0,264,0.139,31.2,48.1,23.13,40.2,63.4,Moderate,1,432.0,195.1,35.8,19.99,91.15,342.6,Healthy
LFP,58.0,1116,0.275,18.0,86.8,41.03,1.5,32.3,Eco,1,1036.5,344.9,36.6,22.22,84.21,219.0,Normal Wear
NMC,100.0,1119,0.218,15.0,44.3,38.87,18.0,70.7,Moderate,2,357.1,144.8,33.9,17.44,80.95,465.9,Normal Wear
NMC,100.0,717,0.159,23.4,57.1,30.5,-9.1,53.5,Moderate,0,783.3,399.3,36.1,26.47,85.44,324.3,Normal Wear
LFP,100.0,609,0.07,32.7,77.0,27.58,40.2,61.4,Aggressive,2,478.3,181.3,33.0,26.35,89.11,337.6,Healthy
LFP,45.0,409,0.799,23.8,67.9,29.0,-0.9,119.0,Eco,1,466.4,232.2,35.5,28.5,90.24,138.4,Healthy
LFP,100.0,1385,0.787,25.8,88.5,48.93,37.0,97.4,Moderate,2,1119.4,352.9,34.1,27.54,76.02,267.6,Degradation Warning
NMC,75.0,1333,0.09,32.9,42.2,43.06,25.3,90.8,Moderate,1,836.9,348.3,36.2,21.98,78.7,274.6,Degradation Warning
LFP,64.0,587,0.188,21.1,75.7,28.16,38.7,90.4,Eco,0,645.8,312.6,33.3,20.04,90.85,289.5,Healthy
NMC,82.0,1374,0.162,22.9,66.3,44.3,2.9,80.5,Eco,0,209.5,110.5,32.3,17.95,79.97,362.3,Degradation Warning
LFP,100.0,278,0.275,28.3,48.5,22.2,7.9,76.3,Moderate,0,165.1,154.8,34.6,18.98,94.46,494.8,Healthy
NMC,45.0,445,0.213,25.3,80.9,23.57,-1.5,113.2,Aggressive,2,232.4,319.7,34.0,36.0,90.37,116.2,Healthy
LFP,75.0,1049,0.807,21.7,62.6,40.11,12.0,32.5,Moderate,1,752.3,370.8,35.1,21.56,80.42,286.9,Normal Wear
LFP,100.0,25,0.117,31.2,69.2,16.46,39.3,53.9,Moderate,0,67.2,128.9,33.0,18.27,99.13,546.1,Healthy
NMC,45.0,210,0.219,30.1,93.2,19.47,19.7,35.4,Moderate,0,556.9,416.2,32.5,19.18,91.28,211.2,Healthy
LFP,64.0,167,0.115,32.0,66.7,17.9,11.6,26.1,Moderate,1,551.7,287.4,32.4,20.62,96.23,304.6,Healthy
NMC,58.0,424,0.834,26.1,85.3,29.23,6.9,26.4,Aggressive,1,1101.4,357.4,31.4,29.96,86.89,174.6,Normal Wear
LFP,100.0,277,0.785,16.4,82.3,26.06,20.4,27.4,Aggressive,2,443.9,344.9,38.5,23.11,92.43,393.0,Healthy
LFP,75.0,749,0.623,27.1,76.5,34.07,27.6,93.2,Moderate,1,1075.9,107.5,34.2,21.75,86.47,304.1,Normal Wear
NMC,45.0,109,0.391,20.0,89.3,18.93,11.2,36.1,Moderate,2,738.1,189.9,36.1,20.5,94.32,203.9,Healthy
LFP,45.0,843,0.202,14.8,53.8,32.67,2.0,45.2,Moderate,1,468.1,230.4,39.9,22.05,88.4,181.4,Healthy
LFP,100.0,29,0.227,25.4,85.1,17.78,20.4,66.9,Eco,1,631.9,161.0,30.9,16.76,98.61,594.8,Healthy
NMC,45.0,1130,0.404,27.6,60.8,38.94,9.0,51.9,Moderate,2,113.1,308.8,34.1,20.15,77.86,170.8,Degradation Warning
NMC,58.0,857,0.665,36.6,84.7,34.38,41.7,106.7,Moderate,1,1067.5,266.5,38.8,28.55,77.0,159.2,Degradation Warning
LFP,45.0,1194,0.262,19.8,67.2,41.06,12.9,87.3,Aggressive,1,757.8,413.3,34.4,27.56,84.93,142.0,Normal Wear
LFP,82.0,1007,0.299,31.1,87.2,36.79,12.6,58.3,Moderate,1,522.7,134.0,38.1,19.05,84.24,364.0,Normal Wear
LFP,82.0,644,0.53,17.4,89.2,32.63,33.7,56.8,Moderate,1,930.9,266.4,28.3,22.16,87.68,320.4,Normal Wear
LFP,45.0,49,0.24,34.6,72.9,16.14,3.1,93.4,Aggressive,1,485.4,385.0,34.5,31.25,97.78,141.5,Healthy
NMC,100.0,147,0.517,22.8,67.9,22.33,-6.6,42.1,Aggressive,1,553.2,83.8,29.7,31.74,94.33,294.3,Healthy
LFP,82.0,1121,0.36,25.0,83.1,38.88,34.4,53.1,Aggressive,0,506.4,244.2,35.4,23.33,85.74,303.9,Normal Wear
NMC,75.0,440,0.077,25.1,54.7,25.2,20.6,60.3,Moderate,2,1195.9,144.6,35.2,19.67,90.42,349.4,Healthy
NMC,82.0,1098,0.372,31.6,40.8,37.65,3.5,70.5,Eco,0,924.2,405.4,32.0,21.48,79.21,307.7,Degradation Warning
NMC,45.0,324,0.786,18.3,62.4,24.27,7.8,44.1,Moderate,1,1114.5,302.9,35.0,23.04,88.54,177.2,Healthy
NMC,100.0,565,0.284,25.9,67.9,28.43,12.1,40.7,Moderate,2,455.6,165.5,36.8,20.05,86.45,424.7,Normal Wear
NMC,64.0,1148,0.308,23.2,56.3,39.48,25.4,124.0,Aggressive,1,588.2,416.4,36.9,36.0,79.9,137.5,Degradation Warning
NMC,100.0,1215,0.103,40.2,61.1,40.11,14.3,116.3,Moderate,2,241.6,146.4,37.1,26.9,75.42,275.4,Degradation Warning
LFP,100.0,41,0.542,20.5,47.3,17.9,10.6,77.4,Moderate,1,12.2,185.9,39.4,18.74,97.56,519.7,Healthy
NMC,100.0,1330,0.729,12.0,55.3,46.37,30.6,101.6,Moderate,2,233.7,306.3,37.8,23.17,73.8,321.6,Replacement Required
NMC,75.0,410,0.332,37.2,53.2,26.72,-6.3,92.4,Moderate,1,1114.7,268.6,32.9,30.56,87.06,213.3,Normal Wear
NMC,58.0,636,0.242,29.9,56.6,30.49,23.9,32.5,Moderate,1,547.6,358.6,34.9,18.57,84.94,263.3,Normal Wear
NMC,45.0,168,0.815,22.3,56.4,22.44,13.3,76.8,Moderate,2,157.0,304.3,35.9,18.49,93.42,221.3,Healthy
NMC,58.0,1315,0.646,26.8,70.7,43.67,7.4,43.4,Eco,2,543.1,272.4,33.8,19.67,73.81,222.0,Replacement Required
NMC,64.0,318,0.504,22.2,53.8,24.38,38.2,83.4,Moderate,2,951.3,187.4,33.6,22.8,89.89,254.7,Healthy
NMC,58.0,191,0.294,15.3,91.8,21.6,30.5,31.2,Moderate,0,601.0,173.5,36.9,17.85,91.86,300.1,Healthy
LFP,45.0,66,0.227,26.0,68.1,15.65,1.4,41.3,Eco,0,1124.2,104.3,31.7,20.06,98.06,217.8,Healthy
NMC,45.0,645,0.623,26.0,47.1,32.37,23.9,103.2,Eco,0,1078.0,211.0,33.3,21.45,85.84,181.5,Normal Wear
NMC,64.0,226,0.467,29.0,55.4,24.74,32.8,109.3,Eco,2,567.9,346.2,38.0,23.35,92.21,250.7,Healthy
NMC,45.0,472,0.466,21.2,80.1,28.01,41.4,115.7,Moderate,2,99.5,169.6,34.0,27.69,86.82,140.9,Normal Wear
LFP,64.0,944,0.109,22.4,40.8,32.67,26.3,114.7,Eco,1,845.3,378.4,35.6,24.62,89.26,235.0,Healthy
NMC,64.0,773,0.46,24.7,91.6,31.86,25.9,115.7,Eco,1,427.7,350.5,36.6,23.43,82.86,222.2,Normal Wear
NMC,45.0,1344,0.708,21.1,64.5,45.3,21.9,34.5,Moderate,1,942.9,419.2,37.3,20.11,73.06,163.9,Replacement Required
NMC,82.0,727,0.807,33.8,68.7,34.21,-7.9,90.9,Eco,1,370.6,324.0,33.7,25.14,78.97,262.2,Degradation Warning
NMC,64.0,1028,0.135,32.1,94.4,36.79,20.4,95.1,Aggressive,2,396.7,87.2,35.4,23.52,79.72,223.7,Degradation Warning
NMC,45.0,695,0.555,23.9,67.7,33.09,31.9,51.8,Moderate,2,650.8,277.7,32.4,19.62,82.93,186.0,Normal Wear
NMC,82.0,1219,0.505,30.2,92.1,42.05,10.6,124.3,Eco,2,29.9,175.6,35.1,26.41,75.0,233.5,Degradation Warning
NMC,64.0,874,0.762,19.6,90.3,37.36,20.5,53.6,Eco,2,203.6,402.0,31.9,16.14,78.63,309.7,Degradation Warning
NMC,82.0,802,0.651,24.2,91.8,33.65,38.2,82.5,Eco,0,1021.7,319.2,34.4,20.13,81.47,336.8,Normal Wear
NMC,75.0,1153,0.822,35.8,84.7,42.15,-1.1,112.2,Moderate,1,1147.9,344.0,35.6,34.17,70.11,150.0,Replacement Required
LFP,100.0,703,0.818,30.9,56.3,35.03,4.6,53.9,Eco,1,230.5,266.5,32.1,19.62,85.71,439.2,Normal Wear
LFP,75.0,982,0.231,28.7,59.1,36.57,-4.3,85.7,Eco,1,927.0,408.4,37.4,25.2,86.82,251.2,Normal Wear
LFP,82.0,883,0.63,24.8,60.1,37.13,16.0,97.0,Moderate,1,134.2,129.7,33.1,20.4,83.67,338.4,Normal Wear
LFP,64.0,1245,0.474,26.7,93.9,41.5,33.7,87.7,Moderate,1,567.2,206.3,33.0,20.82,82.3,256.2,Normal Wear
NMC,45.0,187,0.222,18.2,59.8,20.02,12.6,65.6,Aggressive,2,610.2,245.0,32.0,24.88,93.27,166.6,Healthy
NMC,58.0,105,0.206,25.1,46.0,18.44,-6.4,119.5,Moderate,2,676.5,263.7,36.3,36.0,95.36,146.0,Healthy
NMC,45.0,868,0.115,29.3,82.8,33.44,3.7,86.2,Eco,0,433.7,341.7,37.9,19.56,84.11,197.1,Normal Wear
NMC,58.0,1094,0.686,26.8,60.1,42.22,36.3,47.4,Eco,0,1027.3,325.0,34.3,18.88,76.85,229.4,Degradation Warning
LFP,58.0,1155,0.31,26.8,74.2,40.01,19.0,105.6,Moderate,1,364.1,89.2,31.3,22.28,83.34,210.3,Normal Wear
NMC,64.0,461,0.736,23.1,90.8,30.54,37.5,90.6,Eco,2,582.3,323.3,32.1,20.92,85.96,264.6,Normal Wear
LFP,82.0,290,0.537,21.6,71.7,21.66,33.4,36.0,Moderate,2,232.6,161.8,34.2,18.18,92.75,421.3,Healthy
NMC,45.0,363,0.589,21.0,75.1,25.42,11.5,52.8,Eco,1,687.4,215.6,33.5,17.64,88.49,226.2,Healthy
LFP,82.0,1226,0.283,25.5,75.4,42.46,22.9,40.8,Aggressive,1,236.6,227.6,31.1,21.63,84.11,312.3,Normal Wear
NMC,75.0,522,0.416,31.4,73.7,27.04,24.6,32.3,Aggressive,0,289.8,312.7,35.6,21.57,86.07,292.9,Normal Wear
NMC,64.0,1053,0.38,21.8,48.8,39.34,28.8,48.0,Aggressive,0,524.8,308.5,34.0,22.64,81.83,230.9,Normal Wear
NMC,64.0,513,0.239,27.2,65.1,26.81,7.3,52.8,Moderate,0,333.3,202.5,36.8,19.19,88.21,299.4,Healthy
NMC,75.0,1277,0.716,27.1,40.4,47.11,5.0,71.7,Moderate,1,48.2,354.6,35.5,21.12,74.87,270.6,Replacement Required
NMC,45.0,1341,0.548,32.6,74.4,44.92,25.6,121.9,Aggressive,1,955.7,112.5,35.2,34.6,71.46,93.2,Replacement Required
NMC,100.0,263,0.08,27.1,71.6,20.57,32.6,119.3,Moderate,0,984.2,151.5,34.4,29.85,93.07,310.4,Healthy
LFP,75.0,1394,0.706,18.1,57.5,49.28,11.5,100.4,Moderate,1,1080.9,218.6,35.1,26.02,78.26,218.7,Degradation Warning
NMC,45.0,286,0.135,39.7,68.8,21.1,6.7,89.7,Eco,1,1175.9,146.6,38.7,21.48,90.13,187.3,Healthy
NMC,58.0,912,0.373,32.8,67.1,36.75,32.9,119.7,Moderate,1,135.9,394.7,30.1,28.97,78.69,154.5,Degradation Warning
NMC,64.0,220,0.507,29.9,53.8,22.81,25.7,39.2,Eco,1,329.4,394.7,35.6,15.99,92.34,373.9,Healthy
LFP,45.0,258,0.056,23.5,56.1,21.8,7.9,58.0,Moderate,1,756.7,129.7,34.5,20.65,95.45,208.1,Healthy
NMC,82.0,1377,0.572,25.1,81.9,45.56,17.5,80.3,Moderate,2,1051.6,214.6,32.9,20.79,73.94,289.7,Replacement Required
NMC,82.0,934,0.578,18.5,81.6,37.02,40.0,106.4,Moderate,2,194.8,417.2,36.5,27.25,78.45,235.1,Degradation Warning
NMC,64.0,988,0.572,25.0,65.8,37.75,29.0,87.4,Moderate,0,580.3,76.8,33.8,18.7,79.75,272.5,Degradation Warning
NMC,75.0,503,0.181,28.1,79.5,23.78,1.5,105.9,Moderate,1,1174.5,85.2,31.6,30.52,87.83,217.4,Normal Wear
LFP,100.0,265,0.255,26.8,64.8,21.51,5.3,40.3,Eco,1,397.2,365.0,32.5,20.47,93.31,461.0,Healthy
NMC,75.0,1051,0.248,37.5,86.8,41.35,3.8,44.3,Moderate,1,589.3,203.8,36.2,22.34,78.06,258.6,Degradation Warning
NMC,45.0,171,0.818,31.0,58.3,22.45,34.1,99.1,Moderate,0,832.6,325.8,35.5,23.98,93.44,169.1,Healthy
LFP,75.0,230,0.104,32.8,91.0,20.4,23.4,59.8,Aggressive,1,506.1,286.4,31.2,23.1,94.8,303.9,Healthy
NMC,64.0,386,0.393,30.2,69.8,26.51,38.9,68.6,Aggressive,0,861.0,313.0,30.5,26.85,89.11,211.5,Healthy
NMC,45.0,963,0.747,28.0,69.5,39.37,-5.3,104.2,Eco,1,177.2,139.1,34.0,24.65,78.94,142.4,Degradation Warning
NMC,58.0,105,0.666,29.7,76.9,21.0,-7.3,32.0,Moderate,1,276.7,261.5,26.0,26.34,94.14,203.2,Healthy
LFP,75.0,1098,0.708,15.1,58.7,40.13,25.2,41.8,Moderate,1,464.3,296.2,38.7,18.17,83.39,353.5,Normal Wear
NMC,75.0,465,0.828,25.4,79.8,31.0,3.9,54.6,Eco,1,1180.7,263.3,34.5,21.9,85.91,298.1,Normal Wear
LFP,100.0,639,0.36,18.6,57.6,31.27,25.3,113.3,Eco,0,418.5,400.6,36.9,23.73,90.29,377.7,Healthy
NMC,45.0,323,0.298,19.9,61.9,24.95,27.6,65.5,Eco,1,1098.6,75.7,37.0,16.06,90.91,254.7,Healthy
NMC,82.0,151,0.075,34.2,77.1,20.05,5.8,50.2,Moderate,2,1049.8,145.1,32.5,24.57,92.98,313.2,Healthy
NMC,75.0,923,0.17,20.5,60.8,32.77,39.5,92.8,Aggressive,0,907.0,95.8,35.5,27.71,83.49,228.0,Normal Wear
LFP,64.0,1007,0.5,19.1,51.0,37.72,30.3,28.0,Eco,1,444.4,407.2,35.4,16.86,85.91,326.9,Normal Wear
NMC,75.0,1241,0.176,29.3,88.0,41.25,9.1,102.5,Eco,0,396.5,151.9,34.6,20.88,78.14,277.6,Degradation Warning
LFP,100.0,66,0.639,26.6,90.7,19.01,11.4,94.8,Moderate,0,767.6,329.1,32.0,24.91,98.04,396.0,Healthy
LFP,58.0,776,0.08,29.7,74.5,30.24,27.2,30.5,Moderate,2,279.1,121.0,36.9,15.96,89.73,328.2,Healthy
NMC,100.0,1246,0.258,37.5,84.6,42.23,5.8,74.8,Eco,0,432.6,88.3,33.5,17.65,72.65,411.8,Replacement Required
NMC,75.0,1304,0.606,30.4,94.3,45.44,5.4,65.4,Moderate,2,978.2,136.8,32.8,24.26,72.15,221.4,Replacement Required
NMC,82.0,709,0.254,17.7,73.8,32.82,22.5,40.8,Eco,1,252.9,166.7,37.3,14.67,85.01,475.4,Normal Wear
NMC,75.0,1067,0.633,32.6,90.0,39.27,-3.0,40.4,Moderate,1,993.7,230.4,33.6,26.29,74.0,211.1,Replacement Required
LFP,45.0,706,0.847,25.7,59.8,33.08,41.7,41.0,Moderate,1,662.4,77.8,34.3,19.81,85.97,186.9,Normal Wear
LFP,75.0,805,0.688,28.0,78.5,37.74,4.9,85.0,Moderate,1,613.9,286.0,36.1,23.74,84.14,262.3,Normal Wear
NMC,82.0,359,0.323,17.1,43.1,23.83,9.9,42.1,Moderate,1,736.3,299.7,35.6,21.78,90.65,339.1,Healthy
NMC,45.0,431,0.77,30.0,83.4,25.96,1.7,31.0,Moderate,1,757.7,171.8,31.6,23.37,85.76,163.1,Normal Wear
LFP,64.0,1304,0.091,19.2,85.6,42.11,23.5,120.8,Moderate,1,670.0,162.7,31.3,28.38,85.28,187.7,Normal Wear
NMC,45.0,305,0.63,30.2,62.1,23.59,-6.9,28.9,Eco,2,841.7,136.6,35.9,24.31,89.64,160.5,Healthy
LFP,100.0,1129,0.069,22.7,75.1,37.53,38.2,91.4,Moderate,2,429.6,145.3,35.3,22.53,88.35,392.1,Healthy
NMC,58.0,869,0.19,31.3,87.2,31.82,5.8,118.6,Moderate,0,972.9,297.6,34.5,31.7,81.21,151.8,Normal Wear
LFP,100.0,449,0.84,19.2,88.6,30.35,38.2,28.8,Aggressive,0,265.4,282.0,31.5,24.58,89.03,359.4,Healthy
NMC,45.0,50,0.339,17.6,45.9,18.52,3.2,121.6,Eco,1,857.2,390.2,35.0,30.28,96.71,146.3,Healthy
NMC,64.0,622,0.706,23.8,85.5,30.13,16.7,75.2,Eco,2,462.5,359.6,35.6,16.64,83.41,320.0,Normal Wear
NMC,75.0,459,0.351,28.6,55.1,26.52,26.1,103.5,Moderate,2,833.8,271.6,28.0,25.57,88.22,262.5,Healthy
NMC,45.0,1004,0.722,20.1,80.0,40.22,21.9,87.5,Moderate,2,38.9,128.6,33.9,16.64,77.01,209.4,Degradation Warning
NMC,100.0,1392,0.822,28.2,57.9,47.52,16.6,86.7,Moderate,1,468.4,183.2,35.2,19.69,70.9,358.7,Replacement Required
LFP,45.0,431,0.398,32.2,43.1,28.0,31.0,103.9,Eco,0,1155.7,236.6,35.2,22.15,89.77,190.8,Healthy
LFP,45.0,547,0.497,19.1,51.5,30.17,14.5,31.5,Moderate,0,687.4,217.2,39.8,18.58,90.98,218.8,Healthy
NMC,45.0,329,0.553,28.2,62.5,24.32,7.3,64.2,Moderate,1,599.2,92.5,37.5,19.91,89.59,203.0,Healthy
NMC,64.0,968,0.798,30.2,80.8,38.88,27.4,122.0,Moderate,2,296.9,195.4,36.0,27.02,78.02,187.6,Degradation Warning
NMC,82.0,1381,0.255,25.8,45.5,42.67,38.7,30.5,Aggressive,0,589.8,135.7,37.3,23.6,78.25,268.9,Degradation Warning
NMC,82.0,693,0.539,26.5,84.7,30.06,21.3,51.3,Eco,1,988.1,271.2,35.4,17.58,84.01,387.5,Normal Wear
NMC,45.0,456,0.31,18.5,94.8,24.93,4.5,92.2,Eco,2,406.1,395.7,36.3,22.71,87.49,174.4,Normal Wear
NMC,64.0,723,0.224,29.6,83.4,29.96,29.7,35.0,Moderate,1,677.9,118.9,38.0,17.82,84.44,304.5,Normal Wear
NMC,64.0,682,0.118,27.4,66.1,30.94,29.6,78.7,Moderate,1,808.3,371.4,31.0,21.01,85.66,258.9,Normal Wear
NMC,45.0,384,0.547,27.9,71.2,24.31,3.9,96.3,Eco,1,481.0,161.7,39.8,21.42,88.37,187.0,Healthy
NMC,100.0,942,0.756,39.4,40.3,38.49,10.0,100.7,Aggressive,1,339.6,311.1,34.4,30.79,73.82,241.9,Replacement Required
NMC,100.0,132,0.331,25.8,51.5,19.88,-2.7,81.1,Moderate,2,186.7,282.6,37.4,26.33,94.61,356.1,Healthy
LFP,58.0,195,0.492,28.9,89.4,21.0,-5.9,75.1,Moderate,2,121.4,146.4,36.2,25.03,95.68,225.1,Healthy
NMC,45.0,1192,0.564,34.7,41.2,43.45,32.0,96.4,Aggressive,2,289.3,199.3,36.0,25.23,74.13,128.7,Replacement Required
LFP,58.0,1221,0.382,26.7,89.8,41.34,9.4,39.5,Moderate,1,23.4,261.4,38.0,18.7,84.78,265.6,Normal Wear
NMC,100.0,955,0.773,22.7,46.2,38.02,4.6,93.1,Moderate,0,912.2,389.2,35.5,26.42,78.81,304.1,Degradation Warning
NMC,100.0,401,0.34,29.4,47.3,27.03,3.3,116.9,Moderate,0,134.1,134.5,37.7,28.41,88.39,312.4,Healthy
LFP,45.0,1266,0.15,22.9,49.6,40.21,-6.1,93.3,Eco,0,1078.8,190.3,35.7,23.69,87.97,165.0,Normal Wear
LFP,58.0,1302,0.165,34.2,84.0,42.97,41.2,29.7,Aggressive,1,612.8,418.0,32.7,27.42,81.97,177.4,Normal Wear
LFP,58.0,1232,0.763,30.1,66.3,43.53,9.1,75.6,Eco,1,548.3,346.4,32.2,19.14,77.13,233.9,Degradation Warning
NMC,45.0,325,0.84,21.8,48.0,25.08,-1.5,97.6,Aggressive,2,77.7,204.5,36.2,32.79,89.01,122.8,Healthy
NMC,58.0,621,0.281,19.5,77.8,28.71,34.9,29.3,Moderate,0,160.0,119.8,33.1,16.99,86.54,299.5,Normal Wear
LFP,75.0,362,0.165,27.9,91.7,26.06,27.6,101.2,Eco,0,1028.1,245.3,36.3,21.33,93.44,336.3,Healthy
NMC,100.0,175,0.436,28.5,71.5,19.38,24.5,53.2,Eco,1,807.3,274.3,32.7,17.71,93.56,530.9,Healthy
NMC,82.0,731,0.618,19.5,45.4,32.49,5.5,83.9,Moderate,2,113.4,160.4,38.0,22.03,83.63,313.0,Normal Wear
NMC,64.0,1098,0.54,31.7,43.0,41.67,11.6,121.6,Moderate,0,817.4,319.2,38.8,31.01,76.42,155.3,Degradation Warning
NMC,58.0,1243,0.811,31.0,83.8,43.6,33.7,124.5,Aggressive,0,157.1,259.4,36.7,34.89,71.19,118.9,Replacement Required
LFP,58.0,422,0.704,29.0,74.4,26.94,23.3,88.4,Eco,1,879.1,198.5,34.7,17.91,90.47,296.4,Healthy
NMC,64.0,633,0.745,31.5,90.7,32.29,8.0,74.1,Moderate,1,1133.5,171.4,34.7,22.56,81.84,232.8,Normal Wear
NMC,58.0,816,0.483,21.1,70.1,33.95,-4.3,42.8,Aggressive,2,910.0,169.7,35.9,33.36,82.71,149.8,Normal Wear
NMC,64.0,642,0.312,21.4,43.4,30.32,36.8,45.8,Moderate,1,988.6,346.4,39.8,22.04,86.22,257.3,Normal Wear
NMC,45.0,622,0.611,25.4,62.2,30.79,39.7,67.9,Moderate,2,744.7,244.4,35.6,21.37,85.14,184.9,Normal Wear
NMC,75.0,196,0.401,23.2,76.2,21.33,27.4,95.2,Eco,2,4.5,169.0,37.2,16.48,92.83,425.3,Healthy
NMC,75.0,468,0.28,30.0,61.2,25.88,26.0,101.9,Aggressive,1,942.2,346.0,33.0,30.71,87.73,211.5,Normal Wear
NMC,100.0,762,0.172,31.8,95.0,30.29,18.0,47.2,Moderate,1,484.9,77.6,35.0,17.23,83.43,482.0,Normal Wear
LFP,82.0,320,0.472,22.8,62.3,22.01,40.5,78.5,Moderate,1,1047.7,418.4,38.9,24.16,93.37,316.5,Healthy
NMC,58.0,726,0.525,21.8,70.0,34.98,26.1,84.2,Eco,1,687.4,381.0,39.5,17.76,83.16,267.9,Normal Wear
NMC,82.0,326,0.505,32.1,52.4,23.56,-6.0,114.3,Moderate,0,229.9,330.0,32.3,31.51,89.08,231.7,Healthy
LFP,45.0,770,0.143,21.1,48.4,30.34,-5.2,112.6,Aggressive,2,65.8,163.2,35.0,36.0,90.04,110.8,Healthy
LFP,75.0,888,0.506,25.3,75.5,36.03,40.1,106.7,Moderate,0,666.1,381.5,37.8,27.28,86.51,239.4,Normal Wear
NMC,45.0,1310,0.185,20.9,72.4,41.07,39.1,76.7,Eco,2,680.2,355.8,38.0,19.21,79.56,185.2,Degradation Warning
NMC,45.0,233,0.581,23.4,40.2,24.24,19.0,31.5,Moderate,1,1032.1,350.5,34.6,20.01,91.93,209.2,Healthy
NMC,58.0,502,0.394,18.0,55.7,27.71,1.1,58.4,Moderate,1,46.5,131.4,35.0,20.41,87.29,244.3,Normal Wear
LFP,45.0,1305,0.729,34.7,75.4,45.15,20.3,87.2,Moderate,1,985.5,285.4,33.7,21.02,74.85,155.3,Replacement Required
LFP,75.0,1110,0.673,33.1,84.7,40.64,29.7,88.8,Aggressive,2,486.8,385.0,31.2,26.55,78.11,219.7,Degradation Warning
LFP,82.0,152,0.63,22.2,57.2,20.38,-9.6,109.9,Moderate,1,634.0,246.6,34.5,33.89,95.18,233.5,Healthy
NMC,75.0,531,0.611,29.8,75.6,29.66,32.8,62.9,Moderate,1,640.1,263.1,36.2,19.59,85.66,329.5,Normal Wear
LFP,58.0,230,0.498,18.4,54.6,22.75,14.2,118.7,Moderate,1,458.8,212.7,31.2,28.41,94.29,192.7,Healthy
NMC,75.0,1007,0.099,30.7,78.0,34.96,14.1,41.3,Eco,1,223.2,304.5,40.0,16.36,81.4,376.5,Normal Wear
NMC,64.0,1006,0.574,21.7,78.4,39.2,12.6,30.0,Aggressive,0,94.6,371.1,35.0,22.42,77.64,223.9,Degradation Warning
NMC,82.0,736,0.424,34.3,47.2,34.16,26.0,42.7,Moderate,1,248.4,248.7,39.3,17.22,82.07,396.3,Normal Wear
LFP,64.0,272,0.426,30.1,76.6,23.01,0.9,71.2,Moderate,1,857.1,409.1,36.6,25.39,92.85,233.2,Healthy
NMC,64.0,57,0.353,24.8,58.3,17.96,21.5,107.3,Eco,1,818.7,211.2,38.1,21.66,96.32,286.7,Healthy
LFP,100.0,1086,0.793,24.6,49.5,40.33,-7.7,40.4,Moderate,0,810.5,112.5,32.1,24.78,81.42,332.2,Normal Wear
NMC,58.0,648,0.25,27.9,67.5,29.27,32.2,79.8,Eco,2,1089.2,75.1,36.9,17.6,86.98,285.0,Normal Wear
NMC,45.0,1006,0.303,21.5,64.9,36.44,32.4,102.7,Moderate,1,548.2,272.7,33.4,23.75,81.95,157.3,Normal Wear
NMC,64.0,65,0.82,33.7,82.6,19.97,6.2,28.5,Moderate,1,911.0,354.7,35.2,23.56,95.77,264.2,Healthy
NMC,75.0,324,0.698,28.8,44.6,26.21,-4.5,29.2,Moderate,0,801.9,367.0,36.7,24.8,90.84,276.3,Healthy
LFP,45.0,252,0.061,32.8,83.4,20.74,28.9,74.1,Eco,2,1124.4,407.3,35.5,18.39,94.46,226.5,Healthy
NMC,75.0,264,0.775,12.3,45.8,25.02,14.5,43.3,Eco,1,803.8,254.2,34.0,17.89,90.04,380.4,Healthy
LFP,75.0,779,0.231,27.1,51.4,31.53,38.1,70.1,Eco,2,216.3,143.6,35.3,16.71,89.03,402.7,Healthy
LFP,45.0,1338,0.615,28.5,68.4,46.55,8.4,29.4,Moderate,1,893.1,307.4,37.1,22.12,81.08,159.3,Normal Wear
LFP,45.0,858,0.492,27.0,65.5,33.01,33.8,122.7,Moderate,0,429.6,382.5,34.5,29.66,85.68,130.9,Normal Wear
NMC,75.0,177,0.479,27.1,94.4,19.37,-8.7,90.4,Moderate,1,306.0,135.0,35.9,26.77,92.61,261.9,Healthy
NMC,58.0,1044,0.624,25.1,72.4,39.9,30.2,93.7,Moderate,1,333.8,191.8,34.8,19.87,78.35,232.4,Degradation Warning
NMC,82.0,236,0.216,40.5,58.0,22.53,25.3,76.0,Eco,1,990.1,344.1,32.1,18.52,90.43,399.6,Healthy
LFP,100.0,947,0.177,28.5,89.5,35.15,17.4,107.5,Eco,2,543.4,152.1,39.0,21.35,87.85,412.3,Normal Wear
LFP,82.0,526,0.572,27.7,57.2,29.1,37.3,108.3,Moderate,1,562.9,384.5,37.0,27.6,90.63,262.7,Healthy
NMC,58.0,780,0.282,32.6,55.1,31.04,39.0,40.9,Moderate,0,12.8,364.8,34.0,18.67,83.05,261.6,Normal Wear
LFP,100.0,923,0.829,23.6,67.2,35.86,38.3,101.8,Moderate,0,324.2,246.8,32.8,24.5,83.79,339.7,Normal Wear
NMC,45.0,600,0.411,19.3,90.2,28.3,21.1,81.7,Eco,2,1060.1,419.2,33.6,18.81,85.25,206.0,Normal Wear
NMC,100.0,1073,0.139,32.4,79.0,38.07,17.0,101.2,Moderate,1,597.7,173.3,36.4,23.04,80.41,345.1,Normal Wear
NMC,75.0,646,0.599,25.0,77.3,29.62,4.0,116.9,Eco,1,499.7,396.0,35.4,28.23,82.15,220.1,Normal Wear
LFP,82.0,539,0.295,35.2,79.9,26.53,-1.6,58.5,Moderate,0,88.8,171.8,37.4,20.43,89.53,360.0,Healthy
NMC,100.0,294,0.169,34.8,76.3,20.01,19.0,82.1,Aggressive,1,352.1,313.1,32.3,23.86,91.37,382.3,Healthy
LFP,75.0,511,0.388,13.1,81.8,26.46,-2.3,103.7,Moderate,1,157.4,334.3,35.7,28.7,91.09,227.8,Healthy
LFP,58.0,846,0.821,27.4,50.6,38.22,-1.0,123.7,Moderate,1,197.3,297.7,34.6,33.77,83.88,140.6,Normal Wear
LFP,100.0,970,0.379,33.5,49.7,35.95,8.6,86.3,Eco,2,406.6,257.8,33.6,20.68,83.09,402.7,Normal Wear
NMC,75.0,945,0.328,16.5,59.9,36.96,-0.3,97.1,Eco,1,80.5,298.4,38.9,22.84,82.73,267.5,Normal Wear
NMC,58.0,866,0.406,29.2,86.8,34.06,16.1,109.6,Moderate,2,933.9,78.1,34.1,25.54,80.65,182.7,Normal Wear
NMC,45.0,1079,0.06,30.9,79.3,38.67,24.5,100.1,Moderate,0,746.2,378.4,35.0,23.33,80.63,153.3,Normal Wear
NMC,58.0,1354,0.156,26.7,71.2,43.44,26.3,119.2,Moderate,2,959.7,256.5,30.4,29.62,78.87,158.3,Degradation Warning
NMC,58.0,1087,0.73,26.7,41.1,40.57,17.7,48.0,Moderate,1,417.4,239.5,38.4,17.36,77.35,252.4,Degradation Warning
LFP,82.0,1198,0.832,34.2,53.0,43.76,17.1,115.8,Aggressive,1,266.6,271.1,32.8,32.41,77.03,193.2,Degradation Warning
NMC,75.0,1120,0.176,18.0,84.2,36.73,14.7,45.7,Aggressive,2,708.0,269.7,31.1,25.45,82.16,241.5,Normal Wear
NMC,100.0,58,0.478,32.0,53.3,18.42,2.8,81.5,Aggressive,1,26.3,325.1,37.3,27.61,96.26,353.0,Healthy
NMC,82.0,258,0.823,29.8,80.2,26.8,24.0,77.3,Moderate,1,106.8,100.6,37.8,15.82,90.37,470.1,Healthy
NMC,64.0,1056,0.175,34.8,50.2,37.6,24.2,108.1,Moderate,0,889.8,399.3,36.7,26.41,79.7,196.5,Degradation Warning
NMC,58.0,141,0.199,21.3,73.4,16.51,3.3,64.9,Aggressive,1,1064.9,399.2,30.6,31.69,93.83,170.4,Healthy
NMC,64.0,163,0.791,35.9,74.6,22.8,26.4,39.3,Moderate,1,246.6,74.4,36.0,15.64,92.77,379.4,Healthy
LFP,82.0,703,0.615,18.7,81.4,32.95,34.6,95.7,Moderate,1,949.2,253.5,27.9,25.57,86.51,277.1,Normal Wear
NMC,75.0,474,0.172,25.0,64.1,26.41,20.9,85.7,Eco,2,460.4,326.5,31.9,17.72,89.5,379.4,Healthy
LFP,82.0,387,0.365,20.0,74.8,24.48,-3.9,107.7,Aggressive,0,499.1,167.9,34.1,34.95,91.58,217.8,Healthy
LFP,75.0,778,0.095,31.3,66.8,30.99,7.0,100.9,Aggressive,2,1060.8,293.7,37.6,35.33,89.41,191.9,Healthy
NMC,75.0,266,0.396,22.4,92.1,23.94,-5.2,114.5,Moderate,1,745.2,299.6,35.7,34.38,91.75,206.4,Healthy
LFP,45.0,942,0.672,33.8,68.7,37.58,5.7,108.9,Moderate,0,974.3,146.0,38.3,27.47,80.33,135.0,Normal Wear
NMC,58.0,1088,0.493,16.9,51.5,38.84,1.0,93.6,Aggressive,2,930.9,143.7,33.5,34.28,79.16,134.3,Degradation Warning
LFP,82.0,784,0.568,24.3,76.7,35.09,18.8,71.6,Aggressive,1,688.9,333.3,32.1,24.26,87.39,292.8,Normal Wear
NMC,75.0,394,0.311,37.7,70.2,25.77,12.0,27.0,Moderate,1,897.4,318.3,34.9,21.71,87.86,305.6,Normal Wear
LFP,82.0,1334,0.179,22.4,84.2,40.16,27.6,55.8,Moderate,1,849.8,372.1,34.0,20.37,84.37,333.5,Normal Wear
LFP,82.0,226,0.06,33.4,49.7,20.19,8.9,97.8,Moderate,1,576.3,379.4,35.4,25.72,94.39,298.5,Healthy
LFP,75.0,538,0.707,31.2,54.4,28.79,-2.0,31.0,Eco,0,182.2,125.3,36.5,17.93,88.74,371.7,Healthy
LFP,100.0,261,0.559,19.2,90.7,24.06,2.3,100.7,Moderate,2,319.7,351.1,37.6,29.09,93.16,324.3,Healthy
NMC,64.0,1157,0.233,28.3,91.2,40.68,18.4,76.6,Moderate,1,451.6,302.4,35.5,18.03,79.81,282.5,Degradation Warning
NMC,58.0,838,0.385,36.2,64.3,34.81,13.4,111.8,Aggressive,2,704.0,295.7,35.6,33.87,80.41,138.9,Normal Wear
NMC,58.0,321,0.691,24.5,42.6,26.43,-7.8,91.0,Eco,2,357.3,164.6,34.2,25.57,89.84,201.9,Healthy
NMC,100.0,1319,0.481,22.9,56.9,43.47,0.9,104.8,Eco,2,246.4,360.2,35.7,26.83,76.86,293.9,Degradation Warning
LFP,45.0,1139,0.29,29.0,53.6,38.97,5.4,42.2,Moderate,0,42.7,416.5,39.7,19.7,85.46,198.6,Normal Wear
NMC,100.0,1337,0.264,25.7,62.8,44.03,27.7,42.3,Eco,1,255.0,127.0,34.0,14.91,78.01,524.2,Degradation Warning
LFP,45.0,720,0.224,18.0,57.5,30.83,28.0,46.1,Moderate,1,646.9,328.9,34.7,18.49,88.42,218.0,Healthy
NMC,45.0,307,0.709,25.7,85.6,23.54,26.3,58.3,Eco,2,167.5,202.9,37.9,13.98,89.21,285.6,Healthy
LFP,100.0,173,0.515,24.1,40.2,22.62,32.6,115.4,Moderate,0,35.2,135.8,39.9,25.12,95.11,377.3,Healthy
NMC,58.0,442,0.617,26.2,75.5,25.79,35.4,102.4,Eco,2,89.6,118.5,32.5,19.8,87.68,260.3,Normal Wear
LFP,64.0,869,0.738,12.6,76.5,37.2,-6.3,61.5,Moderate,0,1142.5,143.1,32.6,25.03,82.64,213.9,Normal Wear
LFP,58.0,69,0.839,29.2,76.3,21.67,15.6,116.8,Moderate,1,42.6,368.1,32.7,26.76,95.68,209.4,Healthy
NMC,58.0,1250,0.25,17.2,68.6,42.92,-2.3,102.9,Eco,0,566.8,261.8,30.1,24.77,77.8,177.8,Degradation Warning
NMC,58.0,583,0.195,31.5,73.6,27.55,8.4,90.6,Moderate,0,825.9,382.2,35.2,23.91,86.16,211.4,Normal Wear
LFP,100.0,873,0.42,33.4,84.6,32.54,24.5,68.7,Eco,2,267.7,388.1,39.3,16.39,83.32,511.4,Normal Wear
NMC,100.0,902,0.078,15.1,83.1,33.68,21.3,90.2,Aggressive,0,1157.0,122.7,37.4,26.71,84.29,318.3,Normal Wear
NMC,100.0,681,0.683,34.8,41.9,33.12,-3.3,84.3,Moderate,1,27.2,290.0,34.9,24.68,81.2,332.4,Normal Wear
NMC,58.0,584,0.757,26.3,41.7,32.51,29.4,103.2,Aggressive,0,1056.1,87.9,38.0,28.8,83.48,169.4,Normal Wear
NMC,64.0,232,0.599,33.5,86.1,22.6,30.9,47.6,Eco,2,469.8,165.8,39.9,15.71,91.63,378.6,Healthy
NMC,45.0,1109,0.264,32.6,71.6,39.61,-2.8,113.6,Eco,2,460.6,130.7,35.1,28.52,78.25,128.0,Degradation Warning
NMC,82.0,1275,0.149,18.3,92.7,42.47,22.0,84.2,Moderate,2,566.7,363.6,35.0,20.12,80.0,326.6,Degradation Warning
NMC,45.0,830,0.356,21.9,63.7,32.86,39.2,105.7,Moderate,2,1165.7,197.7,33.3,28.27,83.1,128.7,Normal Wear
NMC,45.0,869,0.717,36.7,49.7,37.06,-5.1,59.7,Eco,1,753.7,417.7,37.1,23.37,78.01,151.4,Degradation Warning
LFP,82.0,1363,0.328,19.6,66.0,42.46,-1.4,64.2,Moderate,1,1054.3,119.4,38.9,25.13,83.36,271.8,Normal Wear
NMC,58.0,1180,0.077,29.2,64.0,39.74,29.8,118.7,Moderate,1,33.4,149.9,37.6,25.04,80.3,189.9,Normal Wear
LFP,64.0,900,0.269,22.5,68.4,34.88,7.5,87.2,Eco,1,1076.3,295.7,32.5,22.21,87.15,248.7,Normal Wear
NMC,64.0,1108,0.842,21.6,84.4,40.73,39.7,56.8,Moderate,1,256.2,409.1,37.0,20.54,73.82,225.2,Replacement Required
NMC,45.0,1175,0.591,26.9,76.1,41.57,22.5,33.2,Aggressive,0,378.0,326.7,33.1,21.76,74.5,147.2,Replacement Required
NMC,82.0,353,0.771,40.1,50.2,27.99,15.1,68.4,Moderate,0,88.3,114.0,29.7,17.31,87.54,419.1,Normal Wear
NMC,75.0,51,0.67,31.6,80.4,20.28,7.6,109.9,Aggressive,1,1098.1,215.1,35.1,36.0,96.66,206.1,Healthy
NMC,58.0,887,0.482,20.7,72.6,34.81,2.4,50.1,Eco,1,631.3,418.6,38.0,21.18,82.17,232.2,Normal Wear
NMC,45.0,917,0.169,28.2,71.8,33.43,23.8,111.0,Eco,2,108.1,94.3,33.4,19.58,82.14,196.1,Normal Wear
NMC,64.0,1286,0.329,15.8,77.3,43.9,20.8,41.2,Eco,1,476.9,169.9,33.5,15.29,76.76,327.1,Degradation Warning
NMC,100.0,1235,0.517,13.5,71.0,42.21,8.6,38.0,Moderate,0,457.4,113.5,36.9,19.44,75.56,391.6,Degradation Warning
LFP,100.0,1185,0.747,28.0,65.2,43.44,37.7,85.6,Moderate,1,61.0,357.2,35.2,20.98,81.08,385.0,Normal Wear
NMC,82.0,620,0.265,31.3,75.2,28.49,29.6,105.5,Eco,1,417.1,361.8,34.7,21.6,86.32,325.6,Normal Wear
NMC,82.0,1007,0.147,36.4,79.8,33.37,3.5,103.0,Moderate,1,351.5,190.3,33.2,26.86,77.96,238.2,Degradation Warning
LFP,45.0,1234,0.497,29.2,52.4,41.88,39.1,79.4,Moderate,1,1103.4,187.6,37.2,21.77,82.23,173.6,Normal Wear
NMC,75.0,1192,0.191,27.0,67.3,41.35,29.3,88.9,Aggressive,0,968.1,354.7,34.4,27.37,80.85,218.1,Normal Wear
NMC,64.0,618,0.538,25.0,65.2,33.16,36.6,50.8,Moderate,2,192.1,125.2,33.9,18.36,84.75,291.8,Normal Wear
LFP,45.0,539,0.261,30.2,42.2,26.42,-2.9,80.1,Eco,2,1117.9,357.7,35.8,25.51,92.33,164.9,Healthy
NMC,75.0,888,0.235,19.7,85.9,34.57,-8.3,45.8,Moderate,0,891.8,103.8,31.9,24.67,81.08,243.0,Normal Wear
LFP,82.0,35,0.369,22.9,60.8,20.71,15.6,117.8,Eco,1,589.0,173.2,34.5,24.44,96.79,319.1,Healthy
LFP,100.0,1149,0.525,19.9,44.0,42.57,13.3,92.8,Moderate,0,519.2,246.3,35.7,22.09,83.49,377.5,Normal Wear
NMC,58.0,302,0.486,23.9,65.2,22.5,35.2,81.5,Moderate,0,1112.2,112.3,36.3,20.55,89.56,255.5,Healthy
NMC,100.0,1147,0.246,22.7,48.9,39.1,-1.0,49.7,Aggressive,0,366.6,96.1,35.9,25.77,81.47,313.6,Normal Wear
NMC,64.0,380,0.763,22.2,78.7,27.49,-8.8,65.9,Aggressive,1,444.7,164.5,32.2,31.37,86.78,172.8,Normal Wear
NMC,64.0,1078,0.138,23.2,71.4,38.91,17.5,103.0,Aggressive,2,829.4,275.2,30.8,30.41,82.4,169.1,Normal Wear
NMC,100.0,132,0.082,28.3,54.9,16.69,-0.8,48.9,Moderate,2,911.1,354.7,34.5,28.17,94.57,336.1,Healthy
LFP,100.0,327,0.532,34.6,92.3,25.66,-7.4,37.9,Aggressive,0,392.6,326.3,31.6,30.3,92.79,305.8,Healthy
NMC,75.0,978,0.149,28.7,56.0,36.3,-8.8,55.7,Moderate,1,1106.4,261.6,40.0,28.45,82.39,215.2,Normal Wear
NMC,45.0,1096,0.454,23.6,70.5,39.28,-2.6,104.4,Moderate,0,307.3,301.4,30.6,27.65,79.81,128.6,Degradation Warning
LFP,82.0,1124,0.811,29.6,84.1,44.92,9.5,113.3,Moderate,1,417.0,258.1,36.3,28.2,79.38,232.1,Degradation Warning
LFP,75.0,853,0.609,27.7,68.3,34.62,36.0,66.4,Moderate,1,235.9,259.4,33.7,19.08,84.65,332.9,Normal Wear
NMC,58.0,261,0.544,28.0,92.8,23.92,29.5,103.1,Eco,2,644.5,75.6,39.1,19.6,90.22,264.8,Healthy
NMC,100.0,50,0.51,26.9,86.4,19.3,17.6,58.2,Moderate,2,1199.1,204.1,36.0,20.77,97.29,472.4,Healthy
NMC,58.0,723,0.194,37.4,90.7,31.07,12.4,75.9,Aggressive,0,861.7,265.6,38.0,24.74,82.28,197.4,Normal Wear
NMC,58.0,888,0.396,27.6,60.5,36.52,13.7,27.0,Eco,1,565.6,278.0,33.1,17.35,81.98,270.9,Normal Wear
NMC,75.0,252,0.324,23.6,70.2,20.37,36.0,96.2,Moderate,1,1179.5,247.7,32.0,25.88,92.93,265.0,Healthy
NMC,82.0,1077,0.812,22.3,86.2,41.6,27.7,96.9,Moderate,1,59.0,314.4,32.7,20.85,75.56,296.9,Degradation Warning
LFP,64.0,1286,0.244,32.4,89.7,44.55,-1.1,35.0,Aggressive,0,343.1,198.9,31.6,26.42,80.8,197.4,Normal Wear
NMC,45.0,970,0.427,19.9,91.9,37.92,38.9,60.9,Moderate,0,1005.7,120.0,34.8,20.02,79.6,179.0,Degradation Warning
NMC,64.0,78,0.8,35.1,88.4,20.57,30.2,73.4,Moderate,2,629.2,81.2,31.8,18.2,95.38,343.1,Healthy
NMC,82.0,790,0.681,15.5,80.2,33.93,-8.2,102.4,Moderate,0,5.6,269.5,34.6,27.1,81.07,246.0,Normal Wear
NMC,64.0,1121,0.822,34.4,41.3,42.97,16.1,107.4,Aggressive,2,548.1,244.0,33.9,30.32,73.01,154.8,Replacement Required
LFP,100.0,737,0.537,31.8,57.3,32.37,23.9,96.9,Eco,0,26.2,152.6,38.7,17.22,86.86,506.4,Normal Wear
LFP,100.0,321,0.317,24.4,47.1,23.15,-6.8,46.6,Moderate,1,688.2,147.5,34.0,26.25,94.56,360.9,Healthy
LFP,75.0,822,0.711,22.5,48.5,34.82,8.4,60.6,Eco,2,759.3,273.5,35.9,20.12,85.06,317.7,Normal Wear
NMC,58.0,916,0.283,34.4,56.0,37.51,23.7,49.7,Moderate,1,241.7,107.4,36.2,15.73,81.97,297.2,Normal Wear
NMC,82.0,131,0.182,37.8,44.1,19.13,32.4,88.7,Eco,2,1183.8,117.6,35.6,19.82,94.62,390.1,Healthy
NMC,82.0,336,0.615,23.3,53.4,25.47,40.8,89.7,Aggressive,1,1000.6,157.1,33.5,29.51,89.63,248.2,Healthy
NMC,64.0,1188,0.561,30.5,92.6,40.17,-3.7,26.6,Aggressive,0,556.6,379.6,35.2,28.83,74.33,167.0,Replacement Required
NMC,75.0,687,0.753,32.9,57.2,32.27,22.9,98.2,Moderate,2,371.5,316.8,37.9,21.71,81.42,286.0,Normal Wear
LFP,64.0,709,0.82,30.6,48.8,34.02,36.4,48.0,Moderate,2,14.8,265.1,36.9,18.45,84.08,292.5,Normal Wear
NMC,64.0,37,0.736,27.3,79.5,20.08,27.3,105.1,Aggressive,0,831.9,199.2,37.7,29.29,96.88,209.8,Healthy
NMC,82.0,1394,0.098,24.7,85.6,45.46,22.9,108.3,Moderate,2,315.5,216.2,33.2,23.85,79.83,269.4,Degradation Warning
NMC,64.0,1198,0.582,28.7,57.3,42.6,1.1,104.7,Moderate,2,473.6,130.2,38.2,28.83,75.78,174.4,Degradation Warning
NMC,58.0,797,0.678,14.5,55.3,36.25,32.4,65.8,Aggressive,0,514.3,364.2,34.3,23.56,79.97,195.5,Degradation Warning
NMC,64.0,379,0.836,35.0,53.3,27.81,19.2,59.8,Moderate,0,1024.6,133.7,37.7,18.78,85.84,295.8,Normal Wear
LFP,58.0,351,0.35,16.8,61.6,25.15,-4.2,68.5,Eco,2,1021.7,336.2,38.2,25.4,92.65,212.8,Healthy
LFP,82.0,547,0.186,22.0,44.8,25.05,38.7,77.7,Aggressive,2,931.5,153.8,31.1,27.72,91.85,275.9,Healthy
LFP,75.0,31,0.732,25.0,76.8,18.51,41.4,50.0,Eco,1,920.2,334.8,35.3,20.18,97.52,356.7,Healthy
NMC,100.0,1118,0.304,21.0,85.2,40.29,18.0,118.2,Aggressive,1,593.7,176.4,32.2,34.13,78.49,226.1,Degradation Warning
NMC,58.0,231,0.529,20.2,76.5,24.59,30.4,75.4,Aggressive,0,949.3,413.4,34.3,25.45,91.1,204.7,Healthy
NMC,75.0,660,0.362,35.5,63.2,28.32,20.3,32.3,Moderate,2,1029.8,392.0,38.0,20.82,84.52,312.0,Normal Wear
NMC,75.0,302,0.372,37.8,55.9,23.29,12.0,124.7,Eco,0,598.1,376.7,31.9,28.47,91.35,237.1,Healthy
LFP,58.0,1238,0.636,36.3,62.5,41.78,11.3,73.4,Aggressive,0,1080.5,133.4,35.2,24.8,76.73,177.6,Degradation Warning
NMC,82.0,799,0.339,32.0,63.3,32.22,40.1,119.7,Aggressive,1,1188.5,99.4,36.1,36.0,82.39,186.3,Normal Wear
NMC,45.0,1073,0.604,41.8,76.6,37.81,9.2,64.0,Eco,1,210.3,407.5,39.1,17.76,71.93,185.5,Replacement Required
NMC,75.0,1052,0.061,25.4,91.0,36.27,15.5,47.5,Moderate,0,1174.8,222.5,31.3,21.37,81.41,293.7,Normal Wear
NMC,75.0,1352,0.31,24.8,43.9,43.68,2.9,98.7,Moderate,0,294.9,376.5,35.7,25.3,77.77,233.9,Degradation Warning
LFP,82.0,1353,0.305,27.1,92.4,43.66,3.2,68.2,Moderate,0,1120.8,240.4,34.4,23.59,80.84,280.7,Normal Wear
NMC,82.0,696,0.649,35.6,90.1,32.46,8.5,113.1,Moderate,0,1021.3,297.2,36.6,30.02,80.58,214.3,Normal Wear
NMC,64.0,724,0.302,30.5,46.5,32.05,38.1,71.4,Moderate,2,1099.3,334.4,34.7,23.23,84.27,235.0,Normal Wear
NMC,82.0,445,0.557,37.4,50.1,29.3,10.6,58.8,Eco,0,553.2,257.1,35.7,17.58,85.42,399.7,Normal Wear
NMC,75.0,610,0.601,27.4,57.1,29.35,18.7,121.7,Eco,2,181.3,398.0,35.3,24.78,86.05,261.5,Normal Wear
LFP,58.0,110,0.577,18.0,70.8,19.65,18.4,108.0,Aggressive,2,267.1,86.8,37.3,26.72,97.03,211.5,Healthy
LFP,45.0,475,0.533,23.0,47.4,27.85,20.3,45.6,Moderate,2,365.6,362.2,37.6,17.69,90.75,232.4,Healthy
LFP,64.0,463,0.381,33.1,51.0,26.22,32.6,73.9,Moderate,1,299.7,310.7,33.6,18.73,89.96,313.3,Healthy
LFP,58.0,98,0.349,24.0,89.6,18.67,36.9,36.3,Aggressive,1,1160.9,185.7,31.1,26.97,96.79,202.4,Healthy
NMC,45.0,946,0.502,27.6,46.0,35.36,0.9,35.8,Eco,1,187.3,234.6,36.0,18.88,80.84,195.0,Normal Wear
LFP,45.0,122,0.101,28.5,61.9,17.5,34.7,110.3,Moderate,2,823.0,235.2,34.0,27.28,96.08,159.9,Healthy
NMC,45.0,642,0.751,37.8,82.0,31.81,18.5,118.2,Moderate,2,613.9,85.1,33.7,26.04,79.59,139.3,Degradation Warning
NMC,100.0,1009,0.71,32.3,88.9,39.7,38.1,98.9,Moderate,0,41.0,257.3,36.4,22.42,75.32,332.0,Degradation Warning
LFP,58.0,1357,0.327,31.1,58.5,43.01,37.6,123.9,Moderate,0,253.9,93.1,40.0,28.21,81.59,163.9,Normal Wear
NMC,64.0,1290,0.503,27.9,49.0,44.89,10.3,29.5,Moderate,1,1120.3,250.6,33.2,22.64,75.61,213.0,Degradation Warning
LFP,64.0,253,0.796,22.0,80.5,23.32,23.9,58.2,Aggressive,0,980.2,145.3,33.8,23.08,91.64,255.7,Healthy
NMC,45.0,663,0.267,28.5,82.5,31.73,35.3,38.2,Moderate,2,703.1,361.8,32.5,21.31,85.05,182.0,Normal Wear
NMC,58.0,1278,0.644,40.1,93.9,43.44,10.0,103.2,Moderate,1,92.1,94.3,33.9,22.72,68.0,175.6,Replacement Required
LFP,100.0,809,0.116,30.1,47.7,33.61,-7.7,114.0,Eco,0,166.2,173.3,27.9,27.83,88.58,323.4,Healthy
LFP,45.0,406,0.469,23.7,79.0,25.03,8.7,69.7,Moderate,1,876.7,213.0,35.7,21.3,91.18,193.9,Healthy
NMC,82.0,866,0.757,24.5,63.0,37.86,9.0,107.9,Aggressive,1,908.5,280.8,30.9,35.95,79.77,180.8,Degradation Warning
NMC,64.0,57,0.491,35.5,90.3,18.65,32.0,109.8,Moderate,0,1149.7,415.6,34.1,28.68,95.65,221.9,Healthy
NMC,75.0,1204,0.543,23.8,62.4,42.43,6.1,39.0,Aggressive,0,246.7,115.3,35.4,22.89,76.76,252.5,Degradation Warning
NMC,45.0,1160,0.776,25.8,64.5,43.58,36.5,62.7,Moderate,0,778.9,200.5,32.9,19.74,74.01,169.8,Replacement Required
NMC,82.0,260,0.622,20.1,47.0,23.53,18.5,43.8,Aggressive,1,517.0,308.4,38.2,22.67,91.2,328.2,Healthy
LFP,64.0,1069,0.607,25.3,57.7,37.74,20.5,92.0,Moderate,2,136.6,200.8,34.6,18.59,82.79,284.6,Normal Wear
NMC,100.0,581,0.519,29.8,62.0,28.97,32.0,63.7,Moderate,2,403.4,154.3,33.0,18.91,85.27,450.7,Normal Wear
LFP,58.0,825,0.556,25.2,41.0,34.23,-3.0,91.8,Aggressive,1,440.9,355.2,34.9,32.91,87.51,157.9,Normal Wear
NMC,64.0,317,0.693,27.1,64.1,27.57,-9.1,112.6,Moderate,1,544.1,135.6,40.0,32.95,89.36,174.5,Healthy
NMC,58.0,824,0.833,20.1,58.5,36.42,-7.1,66.3,Eco,0,351.6,187.8,33.6,19.75,79.56,235.6,Degradation Warning
LFP,58.0,173,0.686,23.7,84.2,22.78,-8.4,122.2,Moderate,1,663.2,154.2,31.2,36.0,95.02,149.6,Healthy
NMC,100.0,751,0.616,39.8,45.9,33.58,26.4,65.9,Aggressive,1,727.7,406.2,35.2,24.85,79.29,318.4,Degradation Warning
NMC,100.0,487,0.158,26.2,81.8,25.95,2.7,46.4,Eco,2,495.4,362.7,35.6,22.26,86.68,395.6,Normal Wear
NMC,45.0,68,0.704,29.2,79.3,19.1,34.6,77.9,Aggressive,1,448.1,231.3,36.4,22.78,94.88,189.2,Healthy
LFP,45.0,65,0.639,22.2,53.3,19.31,35.9,64.9,Moderate,0,786.6,364.0,29.4,21.44,97.35,203.4,Healthy
LFP,64.0,1328,0.666,27.3,44.6,46.35,8.5,37.5,Moderate,2,65.0,308.9,40.0,20.4,81.0,253.6,Normal Wear
NMC,100.0,799,0.235,25.4,86.3,32.12,0.1,27.3,Eco,1,1039.7,194.9,33.2,22.71,82.78,358.3,Normal Wear
NMC,82.0,101,0.773,33.6,53.7,21.53,15.9,99.4,Eco,0,1169.6,143.3,40.0,21.27,94.0,361.5,Healthy
NMC,64.0,1087,0.128,33.3,48.0,37.48,32.4,118.3,Aggressive,1,66.4,196.2,32.7,32.25,80.33,163.4,Normal Wear
LFP,75.0,974,0.253,34.0,59.7,36.82,25.6,69.0,Eco,1,851.0,251.4,31.1,17.53,84.06,355.4,Normal Wear
LFP,58.0,292,0.58,27.5,62.0,23.55,-8.7,31.5,Moderate,2,302.7,140.0,36.5,26.73,93.39,205.6,Healthy
NMC,58.0,413,0.589,39.2,57.9,26.91,-9.6,99.1,Eco,2,516.0,165.7,33.2,28.41,86.62,180.0,Normal Wear
NMC,45.0,809,0.301,31.8,93.7,30.4,-4.1,111.7,Moderate,0,324.8,296.4,36.5,29.19,82.08,126.2,Normal Wear
NMC,82.0,614,0.611,18.4,88.4,29.01,7.5,57.4,Eco,1,257.1,323.5,37.0,18.49,84.22,374.3,Normal Wear
LFP,100.0,77,0.36,36.3,88.0,18.4,17.9,47.2,Moderate,1,529.2,229.6,31.3,19.12,96.03,507.1,Healthy
LFP,100.0,584,0.05,27.0,61.9,25.65,32.5,58.7,Eco,1,445.9,409.4,34.5,18.01,91.53,503.4,Healthy
NMC,45.0,20,0.18,33.8,93.0,17.66,-2.6,115.8,Aggressive,0,510.9,176.8,36.5,36.0,98.75,125.9,Healthy
NMC,75.0,235,0.756,20.7,77.6,22.95,-2.1,66.8,Moderate,1,969.7,389.1,38.2,26.77,91.29,251.9,Healthy
NMC,64.0,1360,0.228,26.6,85.8,43.42,34.9,90.4,Moderate,1,1174.4,166.0,32.9,23.46,75.98,210.4,Degradation Warning
LFP,64.0,1271,0.14,31.5,67.5,42.22,38.0,32.4,Moderate,0,172.0,327.5,33.5,19.02,84.48,280.6,Normal Wear
NMC,82.0,785,0.596,28.5,48.8,34.87,18.7,53.2,Aggressive,1,892.9,419.4,35.7,25.23,82.33,272.1,Normal Wear
LFP,45.0,690,0.403,26.1,88.8,30.56,30.8,47.8,Aggressive,0,658.9,361.8,32.8,23.85,88.0,164.7,Healthy
NMC,45.0,1330,0.687,12.2,66.8,45.26,7.8,31.3,Aggressive,0,447.6,236.3,33.9,23.83,72.93,132.0,Replacement Required
NMC,75.0,530,0.739,22.6,93.3,30.6,39.2,37.1,Moderate,2,792.7,113.6,32.2,21.6,84.41,292.3,Normal Wear
NMC,64.0,934,0.727,21.1,54.0,39.01,37.1,66.7,Aggressive,1,1057.8,408.2,33.6,28.09,78.89,176.5,Degradation Warning
NMC,45.0,114,0.3,15.8,94.6,20.88,34.2,80.8,Eco,1,769.8,322.2,37.2,18.18,94.61,237.8,Healthy
NMC,100.0,512,0.454,22.7,52.2,28.93,-9.3,56.2,Eco,1,844.4,363.3,37.3,25.42,86.86,346.8,Normal Wear
LFP,82.0,784,0.57,38.2,60.2,34.92,17.2,67.0,Moderate,0,177.9,270.5,32.5,17.75,83.44,383.4,Normal Wear
NMC,64.0,1041,0.308,33.9,72.7,38.08,-8.6,100.9,Aggressive,0,855.5,237.4,40.0,35.56,77.99,141.8,Degradation Warning
NMC,75.0,169,0.083,22.0,78.1,19.02,25.2,49.7,Eco,0,1183.4,97.4,37.2,16.98,94.39,418.2,Healthy
NMC,82.0,1066,0.447,23.5,79.6,38.55,-0.5,28.4,Aggressive,1,1151.5,91.7,34.0,30.68,79.43,210.5,Degradation Warning
LFP,58.0,775,0.06,23.5,66.2,31.46,23.3,50.7,Eco,1,491.0,273.7,33.3,15.91,89.17,324.9,Healthy
LFP,100.0,1258,0.811,31.5,44.2,44.74,-4.9,117.1,Moderate,1,1058.7,136.1,35.8,35.54,77.43,216.2,Degradation Warning
NMC,75.0,418,0.687,29.4,67.3,28.32,29.3,26.8,Aggressive,0,709.6,306.2,34.8,23.61,87.05,274.7,Normal Wear
LFP,82.0,429,0.204,22.7,58.4,25.67,27.8,37.9,Aggressive,0,142.0,405.0,33.5,22.23,91.83,341.7,Healthy
NMC,45.0,150,0.28,23.4,76.2,20.24,-9.8,31.5,Moderate,1,1173.8,194.5,32.8,28.3,94.05,149.6,Healthy
NMC,58.0,874,0.836,33.5,50.0,36.75,31.2,62.7,Moderate,2,735.8,327.9,33.9,20.08,77.28,226.2,Degradation Warning
LFP,75.0,167,0.349,36.1,61.7,20.33,-1.5,89.8,Eco,2,127.0,389.0,37.6,24.02,96.8,307.7,Healthy
LFP,45.0,400,0.677,21.6,93.1,28.36,-4.3,116.0,Eco,1,686.7,365.3,37.6,30.12,89.2,134.0,Healthy
LFP,100.0,1152,0.407,26.3,44.9,38.44,16.0,104.4,Aggressive,1,865.7,99.4,39.5,29.97,84.19,277.4,Normal Wear
NMC,58.0,571,0.741,27.8,73.1,31.1,20.7,50.1,Eco,0,284.7,307.1,37.3,15.21,86.12,329.8,Normal Wear
NMC,64.0,1164,0.613,25.9,45.0,42.87,-4.6,88.5,Eco,1,818.9,175.9,36.3,23.78,76.35,206.6,Degradation Warning
LFP,45.0,314,0.068,33.8,48.6,22.21,5.8,91.4,Moderate,1,1159.1,386.0,36.8,26.63,93.73,157.0,Healthy
NMC,82.0,1163,0.286,26.1,73.3,42.46,11.2,34.1,Moderate,0,278.0,129.8,34.0,18.16,79.62,362.0,Degradation Warning
NMC,75.0,475,0.496,38.4,64.4,25.54,39.1,67.7,Moderate,1,589.0,147.9,35.8,19.96,85.28,319.1,Normal Wear
NMC,58.0,188,0.791,34.2,70.2,22.09,3.1,56.1,Moderate,1,376.8,242.2,35.1,21.75,91.27,242.2,Healthy
NMC,45.0,729,0.132,22.9,88.4,30.59,3.5,40.7,Eco,1,465.5,185.7,34.4,18.79,84.99,201.4,Normal Wear
NMC,64.0,1186,0.531,27.4,84.9,43.02,24.3,30.9,Aggressive,1,1004.5,195.8,33.1,23.78,76.47,206.5,Degradation Warning
LFP,75.0,56,0.292,21.1,88.8,17.94,27.8,27.7,Eco,0,988.2,218.6,34.6,17.2,97.4,425.6,Healthy
NMC,75.0,1304,0.761,24.7,73.9,47.23,-9.4,110.9,Moderate,2,10.0,120.3,34.7,33.28,72.55,164.5,Replacement Required
NMC,45.0,250,0.662,32.2,66.9,23.28,-3.0,58.1,Eco,1,146.5,103.6,34.1,19.15,90.86,216.1,Healthy
NMC,64.0,273,0.346,28.5,65.3,22.21,8.6,74.3,Moderate,0,418.8,137.5,37.2,18.75,91.89,314.5,Healthy
LFP,100.0,348,0.184,39.7,80.7,23.98,22.9,54.2,Eco,2,363.6,256.9,34.2,16.01,92.3,574.3,Healthy
NMC,100.0,1340,0.059,19.7,68.7,41.73,-3.0,41.6,Moderate,1,112.3,210.5,32.5,23.77,80.57,339.2,Normal Wear
NMC,58.0,999,0.547,26.8,45.8,39.39,8.6,51.1,Aggressive,2,825.2,302.4,32.7,28.42,78.9,157.2,Degradation Warning
LFP,45.0,29,0.375,24.0,47.8,18.66,-5.8,42.0,Eco,0,771.2,312.6,34.2,21.24,99.18,214.8,Healthy
LFP,58.0,465,0.302,25.1,59.6,25.61,19.7,100.8,Aggressive,0,297.7,290.7,32.6,26.82,91.96,193.2,Healthy
LFP,100.0,941,0.838,27.3,43.7,39.21,12.2,115.8,Eco,2,434.0,149.5,35.2,24.89,83.46,335.5,Normal Wear
LFP,75.0,855,0.423,22.9,53.2,34.06,31.0,68.5,Eco,2,585.6,287.8,36.6,17.03,87.36,385.7,Normal Wear
NMC,58.0,1273,0.65,32.7,76.1,43.29,19.8,107.3,Moderate,0,54.3,267.0,32.8,22.61,71.35,186.8,Replacement Required
LFP,64.0,97,0.192,37.5,40.7,17.62,24.3,67.6,Moderate,2,185.8,293.2,37.5,16.96,96.25,361.0,Healthy
NMC,82.0,212,0.061,13.0,73.2,19.39,24.9,69.7,Moderate,0,776.2,157.2,31.6,19.04,94.07,406.6,Healthy
LFP,100.0,420,0.384,35.4,82.5,25.84,20.7,73.5,Eco,2,582.8,416.0,35.4,17.54,90.46,509.7,Healthy
LFP,100.0,128,0.583,42.1,49.4,20.92,-9.2,107.0,Eco,1,720.6,415.6,31.3,31.13,95.1,307.5,Healthy
LFP,64.0,811,0.455,28.1,50.0,31.85,33.3,118.6,Eco,2,1168.0,377.6,38.7,27.92,86.72,199.5,Normal Wear
LFP,58.0,282,0.762,23.3,41.6,26.4,37.7,99.4,Aggressive,1,906.6,153.4,35.7,29.88,92.68,177.4,Healthy
NMC,45.0,348,0.397,23.6,68.2,22.3,17.8,113.8,Moderate,2,1161.9,333.4,37.5,28.23,90.46,143.0,Healthy
NMC,75.0,382,0.299,25.2,76.0,24.66,-4.2,89.3,Moderate,1,709.1,113.9,36.9,26.42,89.5,255.2,Healthy
LFP,82.0,1384,0.783,29.6,65.1,46.49,24.0,108.9,Moderate,1,1.8,390.9,39.8,23.82,77.08,265.5,Degradation Warning
LFP,45.0,278,0.375,24.4,61.4,22.99,8.9,80.7,Moderate,2,112.5,148.4,34.6,19.46,94.02,218.0,Healthy
NMC,45.0,1378,0.266,26.5,65.0,43.89,-6.2,102.3,Aggressive,0,836.4,224.4,37.1,34.66,77.81,101.1,Degradation Warning
NMC,64.0,104,0.128,21.3,83.0,18.27,34.4,95.5,Eco,1,366.1,295.3,34.1,19.6,94.79,309.8,Healthy
NMC,58.0,327,0.685,24.3,41.8,26.27,27.0,99.9,Moderate,1,496.5,198.2,32.8,21.8,89.57,242.4,Healthy
LFP,100.0,281,0.71,24.5,83.1,26.13,31.9,48.4,Moderate,0,810.5,153.5,35.4,19.5,92.14,475.1,Healthy
LFP,100.0,816,0.077,26.8,76.6,32.71,31.4,40.4,Eco,1,400.1,347.5,38.3,17.2,89.95,524.0,Healthy
NMC,64.0,650,0.337,18.3,53.3,30.07,8.6,90.3,Eco,1,1048.4,354.4,34.1,22.44,85.66,245.1,Normal Wear
NMC,58.0,699,0.65,25.0,68.9,34.01,15.1,73.3,Moderate,2,464.9,237.0,33.3,18.89,82.64,252.8,Normal Wear
LFP,64.0,884,0.807,25.7,42.7,36.91,2.2,101.5,Eco,1,53.2,174.6,33.6,22.27,83.76,246.3,Normal Wear
LFP,100.0,1294,0.352,28.1,60.9,45.01,29.3,39.7,Eco,1,1181.1,318.3,32.2,19.46,83.81,428.5,Normal Wear
NMC,45.0,343,0.748,35.4,49.6,25.63,17.2,119.8,Moderate,1,587.7,385.0,33.9,28.72,87.46,131.9,Normal Wear
NMC,75.0,944,0.365,26.4,41.2,35.51,23.8,95.4,Moderate,1,420.7,351.3,32.4,21.97,82.82,279.0,Normal Wear
NMC,58.0,1272,0.194,19.7,59.6,39.42,8.5,27.3,Eco,1,1079.0,266.5,35.7,19.97,79.51,224.4,Degradation Warning
NMC,82.0,1340,0.053,27.8,79.9,41.32,25.3,82.7,Eco,2,1033.0,90.9,36.5,17.26,80.61,386.0,Normal Wear
NMC,82.0,746,0.314,22.7,90.7,31.48,24.9,56.3,Aggressive,1,45.4,391.7,39.0,21.37,83.56,315.5,Normal Wear
LFP,45.0,1280,0.353,22.6,76.4,42.39,30.0,52.5,Aggressive,0,970.1,388.0,36.3,24.78,82.58,154.0,Normal Wear
LFP,64.0,997,0.806,25.2,62.1,41.8,-1.9,115.2,Moderate,2,588.0,159.6,34.1,33.75,83.0,155.5,Normal Wear
NMC,64.0,236,0.215,23.9,95.0,21.71,22.4,108.6,Aggressive,0,808.1,310.3,32.4,31.85,92.55,180.7,Healthy
LFP,100.0,1289,0.356,20.6,55.6,44.04,35.7,26.0,Aggressive,2,175.1,200.8,35.4,23.3,83.62,358.4,Normal Wear
NMC,45.0,467,0.07,24.1,50.3,24.76,-5.1,43.2,Moderate,1,801.0,147.0,32.6,25.26,88.37,163.3,Healthy
NMC,100.0,338,0.661,29.7,65.5,24.88,40.0,97.0,Moderate,0,276.1,73.7,37.8,21.81,89.21,407.7,Healthy
NMC,100.0,1013,0.782,27.2,67.8,42.57,0.8,109.8,Aggressive,0,140.8,197.8,33.8,33.64,77.51,238.2,Degradation Warning
NMC,82.0,56,0.24,21.0,59.5,17.44,38.7,96.8,Moderate,1,161.6,143.9,38.5,21.9,96.57,356.6,Healthy
LFP,100.0,750,0.393,21.8,78.3,33.13,35.1,77.5,Moderate,2,359.9,78.3,35.5,18.87,87.85,466.3,Normal Wear
LFP,100.0,1385,0.148,27.7,50.1,42.45,30.0,123.5,Eco,2,1190.0,254.3,33.4,28.7,85.63,300.0,Normal Wear
NMC,82.0,1030,0.415,21.1,68.1,36.69,0.9,104.7,Moderate,0,65.1,151.4,35.9,25.01,80.22,266.0,Normal Wear
NMC,64.0,1077,0.157,21.6,67.5,39.28,1.3,71.8,Aggressive,1,397.1,276.1,34.6,27.82,81.45,190.5,Normal Wear
LFP,58.0,58,0.469,23.6,85.3,19.49,3.5,83.3,Moderate,2,630.1,216.4,33.8,24.66,97.4,229.2,Healthy
NMC,75.0,228,0.638,21.2,91.0,23.12,32.1,29.5,Moderate,2,248.3,189.5,37.6,17.8,91.46,389.7,Healthy
NMC,100.0,849,0.493,27.6,76.5,34.71,-0.2,121.5,Eco,1,1153.9,201.6,35.1,31.9,82.13,255.3,Normal Wear
LFP,58.0,875,0.246,25.2,56.8,32.73,20.2,61.3,Aggressive,0,552.7,270.9,33.9,22.16,86.64,224.8,Normal Wear
NMC,82.0,1195,0.333,35.4,77.9,40.22,30.4,91.2,Moderate,2,831.3,361.9,38.4,22.92,75.46,269.1,Degradation Warning
NMC,58.0,918,0.561,20.0,53.8,37.24,14.0,91.7,Moderate,2,432.0,304.3,37.7,21.69,79.39,211.3,Degradation Warning
NMC,75.0,1242,0.522,33.9,93.2,43.03,33.7,30.7,Moderate,1,233.0,108.7,32.7,17.7,71.82,305.0,Replacement Required
LFP,58.0,620,0.159,28.4,85.2,29.26,19.2,51.6,Moderate,1,364.3,268.4,34.0,17.46,90.36,302.4,Healthy
NMC,58.0,779,0.726,35.9,63.7,31.65,20.9,90.6,Moderate,0,335.6,339.1,33.5,20.05,79.0,228.1,Degradation Warning
NMC,58.0,1122,0.43,35.1,83.1,40.23,25.2,116.2,Moderate,1,1017.1,178.9,40.0,27.52,75.63,157.3,Degradation Warning
LFP,58.0,453,0.18,24.4,62.5,26.08,34.0,102.9,Moderate,0,17.7,289.8,35.0,22.04,91.85,244.2,Healthy
NMC,45.0,861,0.148,18.5,44.1,30.46,-9.8,83.0,Aggressive,2,1072.4,70.2,35.1,36.0,85.1,108.3,Normal Wear
LFP,100.0,51,0.822,26.1,78.9,19.71,10.4,48.2,Eco,2,471.5,398.9,33.8,19.92,96.84,483.5,Healthy
NMC,82.0,1130,0.275,15.1,62.3,37.52,40.1,119.9,Eco,1,740.2,163.7,32.2,27.42,79.48,232.6,Degradation Warning
LFP,75.0,412,0.777,31.0,91.2,29.46,-4.9,65.4,Eco,2,966.7,387.1,38.1,26.07,90.81,264.4,Healthy
NMC,82.0,1287,0.378,27.9,56.9,43.1,2.1,40.0,Moderate,1,553.2,145.8,35.3,22.46,78.66,288.3,Degradation Warning
NMC,45.0,1275,0.359,23.4,86.4,42.82,19.7,27.2,Moderate,2,111.1,383.7,38.6,16.95,76.77,198.5,Degradation Warning
NMC,45.0,929,0.611,24.3,77.4,38.61,34.6,120.0,Moderate,0,650.0,264.1,34.8,28.84,78.34,124.6,Degradation Warning
NMC,45.0,211,0.058,20.9,86.9,19.43,-4.9,102.8,Moderate,1,145.9,133.9,34.1,27.4,92.1,151.5,Healthy
LFP,100.0,289,0.32,26.8,56.1,21.92,-9.8,46.6,Moderate,1,989.6,181.7,32.3,28.75,94.56,331.0,Healthy
LFP,45.0,757,0.292,21.0,65.4,32.1,25.7,39.2,Eco,1,777.5,360.5,33.9,17.0,88.98,234.7,Healthy
NMC,58.0,96,0.744,26.8,85.3,21.9,21.1,120.9,Moderate,0,710.6,403.5,35.0,29.48,93.99,182.4,Healthy
NMC,82.0,754,0.473,29.1,75.4,31.56,4.1,49.1,Aggressive,1,0.5,376.8,36.6,26.27,82.75,265.2,Normal Wear
LFP,64.0,903,0.342,30.9,59.8,36.99,39.8,71.2,Aggressive,0,1152.1,375.0,36.3,27.82,85.41,200.2,Normal Wear
LFP,75.0,1210,0.263,29.7,68.2,38.51,19.1,86.1,Aggressive,1,156.4,71.5,35.6,20.5,82.91,304.4,Normal Wear
NMC,45.0,303,0.522,25.2,94.8,24.59,24.5,31.2,Eco,1,220.2,226.9,34.8,14.32,89.27,279.4,Healthy
NMC,82.0,1132,0.171,29.7,80.8,40.68,9.7,59.4,Eco,0,1183.4,363.0,36.9,20.35,80.73,330.5,Normal Wear
NMC,45.0,563,0.247,27.8,73.8,27.89,37.9,119.4,Eco,2,107.4,82.3,36.3,23.82,85.83,171.4,Normal Wear
LFP,100.0,668,0.285,27.8,85.5,27.6,4.4,95.0,Aggressive,1,890.0,312.9,37.6,33.54,89.16,263.3,Healthy
NMC,45.0,1199,0.536,20.8,64.3,43.98,28.9,61.8,Aggressive,0,114.0,245.4,36.3,19.69,75.88,173.6,Degradation Warning
NMC,45.0,269,0.349,19.5,92.3,21.89,-3.9,104.2,Moderate,2,879.4,346.6,40.0,33.26,91.97,123.6,Healthy
NMC,45.0,114,0.455,28.5,70.4,20.94,18.0,108.7,Moderate,1,1067.3,161.3,33.9,25.35,94.36,168.0,Healthy
LFP,45.0,36,0.57,29.9,58.0,19.64,20.0,40.2,Moderate,2,419.6,378.8,35.7,18.0,98.69,255.1,Healthy
NMC,75.0,136,0.815,23.3,44.7,22.59,-0.2,83.7,Moderate,1,374.8,173.9,40.0,23.5,93.09,293.6,Healthy
NMC,82.0,1002,0.662,34.0,60.7,36.54,6.8,61.7,Moderate,2,1119.6,402.9,34.1,25.93,75.85,239.6,Degradation Warning
NMC,100.0,352,0.374,40.3,71.3,24.77,-0.7,75.7,Aggressive,1,89.6,294.2,38.8,28.22,87.46,304.7,Normal Wear
NMC,45.0,1123,0.649,37.5,78.7,42.24,33.9,71.9,Moderate,0,417.1,138.9,34.6,17.33,70.69,187.0,Replacement Required
NMC,45.0,665,0.81,25.4,88.1,31.24,24.2,75.4,Eco,0,783.5,341.6,34.8,16.76,81.45,215.1,Normal Wear
NMC,45.0,1246,0.45,24.4,91.9,44.63,13.2,77.2,Moderate,2,825.0,257.2,34.8,20.62,75.83,162.4,Degradation Warning
NMC,45.0,135,0.378,31.7,45.6,19.51,18.9,31.9,Moderate,2,543.6,212.8,34.7,17.32,93.03,241.9,Healthy
NMC,58.0,982,0.112,31.1,73.0,37.49,7.9,42.8,Moderate,0,1024.4,235.2,37.6,21.59,82.36,217.7,Normal Wear
NMC,58.0,1263,0.764,20.3,76.7,45.64,12.3,81.6,Eco,2,1018.8,209.8,37.0,19.39,72.24,217.1,Replacement Required
LFP,64.0,1296,0.247,25.5,49.5,42.43,22.2,118.6,Moderate,2,980.5,317.6,32.8,29.61,85.67,190.0,Normal Wear
LFP,45.0,1212,0.101,31.0,70.0,39.97,1.0,99.7,Eco,1,204.9,160.6,35.5,22.02,84.5,177.8,Normal Wear
NMC,64.0,866,0.48,21.6,58.4,36.38,-3.0,48.9,Aggressive,0,776.0,249.2,37.8,28.48,81.47,185.9,Normal Wear
LFP,75.0,335,0.727,22.5,44.3,27.89,39.1,61.2,Moderate,1,1021.2,334.4,30.4,23.61,91.5,291.4,Healthy
NMC,64.0,829,0.375,23.4,43.6,32.67,2.3,58.5,Moderate,2,113.1,120.3,35.3,21.7,83.3,247.6,Normal Wear
NMC,82.0,391,0.676,24.6,81.8,26.16,15.8,102.0,Eco,1,293.5,172.1,35.6,19.51,87.34,360.4,Normal Wear
NMC,58.0,779,0.719,17.6,73.9,36.88,29.6,122.2,Eco,2,1173.6,144.7,37.2,26.52,80.29,170.0,Normal Wear
NMC,58.0,896,0.414,31.2,79.3,34.34,18.9,60.5,Aggressive,0,554.3,270.2,36.0,21.92,81.23,216.4,Normal Wear
LFP,45.0,996,0.523,22.6,77.7,38.08,23.0,26.5,Moderate,2,636.2,214.2,35.7,17.6,84.92,212.3,Normal Wear
LFP,45.0,175,0.477,28.2,47.4,20.54,-1.5,118.7,Eco,1,420.3,183.4,34.2,28.26,96.53,149.3,Healthy
LFP,75.0,633,0.801,27.6,48.3,33.36,10.5,100.3,Aggressive,0,470.6,195.2,35.6,28.5,87.2,228.1,Normal Wear
NMC,100.0,1056,0.63,20.9,53.9,36.95,25.9,108.4,Aggressive,1,1073.4,234.3,35.7,32.58,76.61,238.8,Degradation Warning
NMC,75.0,527,0.79,16.4,62.0,31.16,0.9,45.9,Moderate,2,251.1,216.4,39.2,23.64,85.03,264.7,Normal Wear
NMC,82.0,484,0.226,27.5,91.7,27.43,15.1,89.6,Moderate,0,335.0,317.2,33.0,20.89,87.45,348.3,Normal Wear
NMC,45.0,802,0.298,24.4,77.1,33.62,20.6,48.3,Eco,1,600.8,312.4,32.3,16.42,83.19,224.7,Normal Wear
NMC,45.0,823,0.107,29.7,54.0,31.1,31.0,26.2,Moderate,1,372.7,79.3,33.4,16.67,84.53,224.8,Normal Wear
NMC,75.0,239,0.45,31.9,43.1,18.23,1.2,40.7,Eco,1,1071.2,318.4,34.1,22.68,92.63,309.5,Healthy
NMC,75.0,34,0.749,14.8,77.6,19.36,40.9,117.3,Aggressive,1,759.6,147.7,35.6,36.0,97.15,200.2,Healthy
NMC,75.0,136,0.311,25.6,74.4,20.37,40.3,46.5,Moderate,2,604.5,216.9,37.8,21.46,95.56,337.1,Healthy
LFP,58.0,350,0.153,33.3,77.2,22.89,-9.4,83.5,Eco,2,724.9,147.9,35.5,25.88,92.11,201.4,Healthy
LFP,64.0,75,0.105,35.6,54.4,18.18,9.1,121.8,Eco,1,23.8,111.6,33.7,24.99,98.09,252.1,Healthy
LFP,64.0,1394,0.408,16.0,68.4,45.06,-6.5,32.6,Moderate,2,890.1,274.4,31.7,29.58,81.63,170.7,Normal Wear
NMC,45.0,1175,0.181,33.9,59.9,39.26,6.5,105.8,Eco,1,402.5,402.7,35.0,23.99,76.5,138.2,Degradation Warning
NMC,58.0,1269,0.327,20.9,85.0,44.26,21.6,84.8,Aggressive,1,729.8,200.2,38.3,23.37,77.59,194.0,Degradation Warning
NMC,75.0,327,0.706,31.2,43.8,24.95,21.7,57.3,Eco,2,998.6,307.4,34.0,17.86,89.47,379.3,Healthy
LFP,45.0,241,0.357,23.7,55.1,22.74,-5.0,61.4,Moderate,0,414.6,228.6,35.1,21.98,93.21,191.7,Healthy
NMC,58.0,1216,0.538,31.5,73.2,43.49,25.2,27.7,Moderate,0,44.4,133.4,37.8,15.22,74.18,284.3,Replacement Required
NMC,82.0,1383,0.452,24.8,51.3,48.22,34.0,50.6,Moderate,1,1.2,392.3,31.0,19.38,75.46,318.6,Degradation Warning
LFP,100.0,816,0.625,18.4,77.0,37.06,22.8,67.3,Moderate,0,1031.8,227.4,34.7,20.22,86.12,424.3,Normal Wear
NMC,58.0,1200,0.175,23.5,47.5,40.71,6.1,96.7,Eco,1,655.8,72.9,36.3,21.1,80.75,220.9,Normal Wear
NMC,45.0,170,0.786,30.2,41.3,23.97,-9.9,52.5,Moderate,2,780.5,229.8,34.2,29.4,92.32,144.0,Healthy
NMC,64.0,1221,0.565,24.5,87.5,44.32,23.7,83.0,Moderate,0,716.2,72.1,35.3,18.07,74.71,263.6,Replacement Required
NMC,75.0,131,0.267,20.6,58.3,18.45,25.2,98.2,Eco,1,202.8,347.9,35.9,18.78,93.67,373.1,Healthy
NMC,100.0,702,0.149,19.4,48.6,32.05,26.9,94.9,Moderate,2,45.9,198.7,36.0,19.5,85.57,434.8,Normal Wear
NMC,82.0,1181,0.17,22.1,49.5,39.6,-8.0,84.0,Moderate,1,291.8,285.1,38.9,26.58,80.39,252.1,Normal Wear
NMC,100.0,1276,0.676,22.1,88.7,45.39,16.9,83.0,Eco,2,1189.1,338.4,34.5,20.11,72.38,361.5,Replacement Required
NMC,100.0,351,0.52,30.4,76.0,25.58,11.5,97.1,Eco,2,501.3,79.7,35.9,20.54,89.93,441.5,Healthy
LFP,58.0,912,0.355,24.6,92.6,34.46,29.9,58.6,Eco,2,1110.1,251.3,35.0,17.86,87.06,281.6,Normal Wear
NMC,45.0,1350,0.316,25.2,84.0,43.44,27.6,70.0,Eco,1,312.3,293.3,39.6,14.98,77.51,237.2,Degradation Warning
NMC,45.0,180,0.735,25.9,82.2,22.05,39.4,121.6,Aggressive,1,858.5,234.9,35.6,36.0,92.44,110.9,Healthy
NMC,100.0,297,0.75,30.2,67.5,25.7,36.7,91.9,Aggressive,2,31.3,177.2,36.5,25.66,89.15,343.5,Healthy
LFP,75.0,1363,0.515,30.8,85.1,43.51,19.0,77.0,Eco,1,15.7,232.1,36.5,14.31,78.66,411.2,Degradation Warning
NMC,45.0,916,0.47,23.8,62.7,34.95,41.0,82.8,Moderate,1,559.1,207.6,33.4,21.15,82.06,173.6,Normal Wear
NMC,100.0,516,0.703,25.4,85.5,29.01,-2.2,35.4,Aggressive,1,778.9,284.0,36.0,31.61,85.54,272.8,Normal Wear
LFP,45.0,674,0.649,30.9,81.7,32.19,-9.6,84.2,Moderate,1,1154.7,234.2,37.6,29.04,85.97,134.8,Normal Wear
LFP,75.0,1079,0.37,22.8,77.3,40.55,-4.4,108.6,Moderate,1,35.6,115.6,29.2,29.73,85.06,209.0,Normal Wear
NMC,82.0,322,0.116,23.7,58.1,23.33,8.5,77.4,Aggressive,1,1185.4,99.4,33.0,27.92,93.45,274.2,Healthy
LFP,100.0,457,0.665,30.8,74.7,27.99,29.3,42.7,Moderate,1,566.2,127.1,38.9,18.12,89.04,495.6,Healthy
NMC,64.0,745,0.185,23.6,67.9,33.19,9.9,69.8,Aggressive,1,919.7,93.0,29.8,26.28,84.45,205.2,Normal Wear
NMC,64.0,1075,0.063,28.5,65.4,37.28,30.6,52.8,Eco,1,775.5,158.7,38.9,16.4,83.47,322.2,Normal Wear
NMC,100.0,205,0.725,17.5,94.5,24.26,28.6,61.0,Aggressive,1,297.3,94.5,33.9,20.75,92.45,442.2,Healthy
NMC,58.0,1217,0.513,30.5,67.7,40.15,31.3,47.5,Aggressive,1,399.0,281.3,35.5,22.22,74.57,194.1,Replacement Required
LFP,82.0,692,0.763,25.8,41.8,32.29,-0.3,58.4,Aggressive,1,709.3,225.6,37.0,29.65,87.03,242.5,Normal Wear
NMC,58.0,1293,0.438,29.4,74.5,44.74,16.8,107.2,Eco,1,115.6,159.4,36.3,19.36,75.23,232.3,Degradation Warning
NMC,64.0,1020,0.791,33.7,80.0,40.93,27.1,100.8,Moderate,1,929.7,74.4,35.1,22.37,72.96,205.3,Replacement Required
LFP,75.0,298,0.333,25.0,88.7,25.11,4.8,74.1,Moderate,0,959.5,121.2,34.2,21.73,92.54,317.9,Healthy
LFP,100.0,702,0.63,17.8,74.8,34.88,33.6,103.3,Moderate,1,984.8,303.4,33.9,26.9,86.52,326.7,Normal Wear
NMC,45.0,1045,0.291,24.8,41.1,37.01,30.5,122.6,Eco,1,1018.3,157.3,31.1,26.7,81.73,137.9,Normal Wear
NMC,64.0,1237,0.051,34.3,46.6,41.43,-3.8,65.6,Eco,1,826.9,186.5,37.1,22.14,79.38,237.5,Degradation Warning
NMC,82.0,1209,0.354,28.0,48.9,40.12,1.3,123.0,Moderate,0,892.7,96.7,36.8,32.78,78.7,196.9,Degradation Warning
LFP,64.0,1030,0.64,20.6,51.6,37.54,2.3,49.6,Moderate,2,706.4,261.9,33.0,25.13,83.12,214.5,Normal Wear
LFP,82.0,944,0.17,25.8,84.0,35.28,35.7,120.5,Moderate,1,272.0,351.5,34.5,29.66,87.94,240.5,Normal Wear
LFP,82.0,1153,0.454,29.9,57.0,41.7,-0.3,111.4,Eco,0,99.7,193.7,31.2,24.81,82.53,260.8,Normal Wear
NMC,100.0,399,0.22,26.2,57.2,24.7,22.3,44.9,Moderate,2,214.3,110.1,36.9,16.5,89.45,542.3,Healthy
NMC,82.0,854,0.11,26.1,81.6,33.89,-6.6,60.0,Aggressive,2,231.7,403.9,34.1,34.36,85.03,199.3,Normal Wear
NMC,58.0,1018,0.544,22.7,62.7,37.93,18.7,95.8,Eco,0,909.5,248.9,33.2,19.86,78.75,226.0,Degradation Warning
NMC,75.0,304,0.812,23.2,43.6,27.17,-2.7,44.2,Eco,2,1137.3,101.3,37.1,24.06,89.16,279.5,Healthy
NMC,64.0,440,0.299,28.3,72.2,24.97,19.9,84.1,Moderate,1,977.3,244.1,35.4,20.34,88.08,276.9,Healthy
LFP,75.0,132,0.515,30.0,47.2,23.59,9.1,78.5,Eco,1,1190.6,85.7,36.7,19.55,95.64,367.7,Healthy
NMC,45.0,1037,0.813,26.0,71.4,41.64,21.5,54.2,Eco,1,52.4,89.4,33.2,13.21,76.91,256.2,Degradation Warning
NMC,64.0,247,0.57,24.0,82.9,25.26,10.5,55.1,Moderate,1,38.5,181.5,30.9,18.7,91.44,311.2,Healthy
LFP,75.0,547,0.588,31.5,91.1,27.98,34.4,76.6,Moderate,2,820.3,307.0,33.2,21.65,88.09,310.3,Healthy
NMC,75.0,515,0.193,24.5,43.7,25.95,29.4,55.0,Moderate,2,30.7,316.8,34.6,17.24,88.24,379.6,Healthy
LFP,100.0,50,0.444,28.7,56.7,18.56,33.9,43.0,Moderate,1,1068.9,385.5,35.1,22.69,98.18,429.3,Healthy
NMC,100.0,181,0.344,30.2,75.9,19.29,1.5,102.3,Eco,1,566.6,107.8,33.2,24.49,92.79,382.3,Healthy
NMC,45.0,724,0.427,19.4,57.3,33.98,-2.3,83.2,Moderate,0,1109.3,232.4,33.5,24.94,83.95,152.2,Normal Wear
NMC,82.0,741,0.691,27.8,64.8,34.03,19.0,68.8,Moderate,0,299.8,236.7,37.5,17.32,82.14,389.0,Normal Wear
NMC,64.0,465,0.419,12.0,41.1,25.0,35.4,43.1,Aggressive,0,770.9,231.3,34.4,24.24,87.55,232.1,Normal Wear
LFP,100.0,763,0.1,26.4,78.1,30.27,-4.2,84.4,Moderate,0,838.9,364.5,40.0,26.37,91.07,341.8,Healthy
NMC,64.0,446,0.774,30.5,88.6,27.22,2.2,87.9,Aggressive,0,344.7,354.0,34.1,28.26,87.23,193.2,Normal Wear
NMC,45.0,523,0.486,29.0,93.7,29.27,28.8,73.0,Moderate,0,440.7,247.7,35.3,17.28,86.0,218.6,Normal Wear
NMC,100.0,740,0.79,31.8,85.7,35.27,14.2,62.3,Moderate,2,661.7,342.5,36.6,21.19,79.61,380.7,Degradation Warning
NMC,100.0,703,0.508,29.1,41.7,32.88,21.4,111.7,Moderate,1,460.4,90.7,34.0,24.66,83.16,331.7,Normal Wear
LFP,82.0,601,0.106,23.7,75.9,28.83,20.8,95.5,Eco,2,589.8,256.2,29.5,19.86,91.14,376.6,Healthy
NMC,64.0,1077,0.492,17.8,67.3,42.13,11.4,60.6,Moderate,0,547.2,103.2,38.5,18.34,77.9,270.0,Degradation Warning
LFP,64.0,755,0.511,27.7,91.6,35.34,26.7,84.3,Aggressive,2,799.2,373.4,34.6,25.28,86.61,223.2,Normal Wear
LFP,64.0,710,0.221,29.9,89.6,29.99,34.3,48.4,Moderate,0,97.6,246.1,34.2,17.47,89.12,326.5,Healthy
NMC,82.0,777,0.427,16.5,94.3,35.66,37.2,26.1,Aggressive,1,1147.9,76.1,34.7,25.87,83.31,259.6,Normal Wear
LFP,100.0,773,0.418,29.4,87.4,32.72,-7.6,111.9,Eco,1,123.4,262.4,37.2,28.53,87.79,308.6,Normal Wear
NMC,45.0,43,0.548,27.5,70.1,19.28,18.8,106.9,Moderate,0,405.7,328.2,36.1,23.5,97.08,186.9,Healthy
NMC,64.0,1259,0.258,24.8,79.3,41.81,-7.9,88.9,Moderate,0,10.4,117.2,32.1,23.11,77.93,212.9,Degradation Warning
NMC,75.0,74,0.515,29.6,93.1,20.37,36.8,106.1,Moderate,1,979.2,169.0,35.0,26.71,96.59,270.2,Healthy
LFP,82.0,1069,0.243,25.3,71.8,35.6,12.3,103.1,Moderate,0,135.0,226.9,35.0,22.84,86.8,314.9,Normal Wear
LFP,58.0,1324,0.407,25.0,86.2,43.95,36.8,111.0,Aggressive,2,334.2,215.1,33.0,32.48,81.29,149.8,Normal Wear
NMC,45.0,823,0.148,19.4,91.8,32.7,-0.2,114.2,Moderate,0,542.1,246.0,32.0,30.02,83.35,125.1,Normal Wear
LFP,75.0,346,0.08,29.4,71.4,20.38,-1.6,106.9,Moderate,2,1012.8,75.8,32.7,32.61,93.61,219.9,Healthy
NMC,64.0,989,0.306,19.2,48.8,34.57,37.2,110.2,Moderate,2,920.7,328.4,33.7,29.34,82.8,181.7,Normal Wear
NMC,58.0,205,0.27,22.9,48.6,19.73,38.8,75.2,Moderate,1,179.9,180.4,32.8,18.76,92.51,284.8,Healthy
NMC,45.0,514,0.376,29.7,46.3,26.64,29.9,95.8,Eco,0,536.0,315.6,36.8,18.87,87.19,208.5,Normal Wear
LFP,82.0,1055,0.82,26.0,66.2,41.07,1.5,58.3,Moderate,2,399.3,369.3,38.9,25.11,81.34,262.7,Normal Wear
NMC,58.0,453,0.468,37.3,66.4,26.71,-1.1,111.1,Moderate,1,1138.2,310.5,35.4,33.24,84.98,146.5,Normal Wear
NMC,100.0,227,0.493,30.6,74.0,23.9,28.9,110.9,Moderate,1,1026.9,305.2,34.3,28.02,91.11,328.3,Healthy
NMC,58.0,152,0.803,31.5,66.6,22.4,23.0,31.6,Aggressive,1,180.5,272.7,32.0,21.0,94.01,252.0,Healthy
NMC,75.0,1382,0.787,32.1,93.5,46.93,35.3,59.7,Aggressive,1,515.6,70.4,33.5,22.74,68.0,222.9,Replacement Required
NMC,45.0,1239,0.757,25.6,56.0,45.53,4.4,42.1,Moderate,1,533.6,386.3,36.2,22.64,74.77,148.8,Replacement Required
NMC,75.0,1305,0.128,23.8,88.1,39.59,5.4,38.6,Eco,1,1153.1,361.8,37.8,21.94,80.12,276.8,Normal Wear
LFP,75.0,1325,0.557,19.7,45.5,46.97,28.0,66.5,Moderate,2,954.3,138.1,32.6,19.22,81.45,316.9,Normal Wear
NMC,64.0,388,0.696,18.3,73.1,25.11,3.9,87.6,Eco,2,970.9,133.1,37.7,22.61,88.08,252.0,Healthy
NMC,82.0,1146,0.718,33.9,75.7,43.46,14.0,59.4,Moderate,2,441.7,82.9,32.9,18.69,71.17,312.8,Replacement Required
NMC,58.0,1226,0.512,23.3,82.5,43.61,17.0,55.9,Aggressive,2,834.6,202.8,37.3,23.0,76.33,187.9,Degradation Warning
LFP,45.0,442,0.064,32.4,67.7,26.1,24.8,34.4,Aggressive,2,384.3,414.8,32.3,22.7,91.72,180.1,Healthy
LFP,100.0,1052,0.829,18.2,50.8,40.16,7.9,63.3,Moderate,1,989.4,104.0,36.7,22.27,82.14,368.5,Normal Wear
NMC,82.0,263,0.428,25.9,60.3,22.88,34.6,72.1,Aggressive,0,1152.1,267.8,33.3,26.71,91.52,281.9,Healthy
LFP,82.0,801,0.365,34.6,55.0,31.83,10.9,64.9,Aggressive,1,732.2,162.7,40.0,25.01,84.67,276.2,Normal Wear
NMC,45.0,643,0.366,28.6,63.1,29.98,-7.8,93.0,Moderate,1,634.5,371.6,35.8,29.24,84.73,128.0,Normal Wear
NMC,82.0,586,0.389,28.8,69.1,28.93,-6.5,53.8,Moderate,1,1047.0,247.5,32.2,28.07,84.74,249.6,Normal Wear
NMC,64.0,546,0.244,23.5,74.4,29.25,40.5,96.6,Eco,0,1086.0,368.7,34.9,22.9,86.31,240.2,Normal Wear
NMC,82.0,56,0.312,21.6,86.5,18.64,22.3,113.3,Eco,2,108.2,395.4,36.0,22.41,96.95,355.9,Healthy
NMC,64.0,197,0.838,26.7,90.1,23.93,15.5,84.1,Moderate,0,836.8,291.8,34.4,20.84,91.57,283.1,Healthy
LFP,58.0,658,0.345,20.2,65.4,30.17,35.2,63.9,Moderate,2,754.2,169.0,35.6,19.92,88.84,263.6,Healthy
LFP,58.0,871,0.471,26.4,44.9,34.7,27.3,43.0,Moderate,2,252.2,226.9,32.0,17.15,86.65,294.5,Normal Wear
LFP,75.0,91,0.729,32.9,83.8,20.9,-0.6,118.2,Aggressive,2,149.8,291.0,34.5,36.0,95.96,202.0,Healthy
NMC,64.0,371,0.472,19.4,66.2,25.35,-9.6,100.2,Moderate,1,342.3,297.8,31.1,30.94,89.23,186.0,Healthy
NMC,100.0,642,0.31,30.9,70.1,32.02,41.1,49.6,Eco,1,202.8,93.5,34.3,16.97,86.38,509.3,Normal Wear
LFP,58.0,1192,0.469,33.0,72.8,42.14,22.7,40.1,Eco,2,291.1,192.7,40.0,14.52,80.16,316.0,Normal Wear
NMC,82.0,124,0.141,25.4,76.7,17.09,14.8,29.9,Eco,1,1101.1,256.3,35.6,18.7,95.37,416.8,Healthy
NMC,45.0,240,0.154,27.2,89.0,23.85,39.1,44.1,Moderate,1,1099.5,187.7,32.1,21.95,90.81,181.8,Healthy
NMC,45.0,882,0.605,24.1,92.4,37.51,9.2,98.2,Aggressive,2,304.2,272.3,34.1,29.55,79.47,118.0,Degradation Warning
LFP,64.0,537,0.784,25.1,91.7,31.61,27.6,88.0,Eco,1,242.5,131.6,33.9,15.69,87.29,354.4,Normal Wear
NMC,100.0,1303,0.631,31.9,84.5,44.58,24.8,121.7,Moderate,0,545.5,82.1,39.4,27.75,71.58,260.4,Replacement Required
NMC,75.0,318,0.11,31.3,88.9,22.98,25.2,57.2,Moderate,1,796.8,189.5,32.3,19.08,91.03,356.4,Healthy
LFP,82.0,880,0.372,29.4,42.7,35.2,25.2,103.7,Moderate,1,165.5,268.9,34.1,22.31,87.52,318.7,Normal Wear
NMC,64.0,61,0.052,30.6,86.7,14.9,-9.5,37.0,Aggressive,0,980.9,73.9,32.4,30.16,96.16,202.5,Healthy
NMC,45.0,790,0.459,28.2,44.0,34.1,32.9,81.3,Moderate,0,88.3,284.1,38.2,17.51,83.98,220.4,Normal Wear
NMC,64.0,916,0.205,19.6,81.0,33.04,38.0,71.7,Moderate,1,136.0,194.1,30.5,19.06,83.01,274.3,Normal Wear
NMC,82.0,511,0.745,33.4,49.3,30.04,13.4,108.8,Moderate,2,763.7,417.6,32.5,28.93,85.01,242.6,Normal Wear
LFP,100.0,1090,0.133,21.6,59.8,38.07,19.1,95.2,Moderate,0,245.1,344.0,35.6,21.28,87.03,410.9,Normal Wear
NMC,100.0,104,0.051,26.4,50.1,16.29,6.9,44.4,Aggressive,1,274.9,171.9,38.0,25.09,94.86,381.4,Healthy
NMC,58.0,1101,0.411,32.1,64.4,39.63,30.8,123.4,Moderate,1,1051.6,410.0,37.5,32.12,77.07,136.5,Degradation Warning
LFP,82.0,1010,0.174,18.6,62.6,36.96,28.3,107.3,Moderate,2,437.0,167.4,37.2,23.42,88.39,306.1,Healthy
LFP,58.0,730,0.64,30.7,42.6,32.83,28.4,60.5,Moderate,1,1105.5,107.9,35.6,18.85,85.92,261.0,Normal Wear
LFP,58.0,228,0.786,19.8,85.7,24.82,28.2,107.6,Eco,0,130.4,79.4,35.3,18.73,92.39,287.7,Healthy
NMC,58.0,1291,0.084,30.6,87.0,42.85,1.4,120.7,Eco,1,1118.0,344.2,38.2,31.27,78.45,145.6,Degradation Warning
NMC,64.0,1254,0.366,34.2,83.3,43.29,-4.1,114.0,Moderate,0,1097.7,181.7,38.3,32.16,73.58,142.8,Replacement Required
LFP,45.0,58,0.847,22.6,86.6,20.87,6.2,80.6,Eco,1,647.7,414.5,34.1,20.53,97.93,210.8,Healthy
LFP,100.0,1295,0.636,21.8,81.3,46.46,19.9,82.7,Moderate,2,910.0,286.4,34.2,21.07,79.46,374.8,Degradation Warning
NMC,64.0,945,0.813,27.5,91.6,39.68,10.8,35.7,Eco,1,524.6,127.5,31.6,17.45,77.35,281.9,Degradation Warning
NMC,45.0,781,0.181,21.6,71.7,31.5,3.0,41.5,Moderate,0,918.8,187.6,35.6,21.71,85.47,174.5,Normal Wear
NMC,100.0,965,0.227,13.9,72.0,34.92,-8.8,123.3,Moderate,1,291.7,249.3,35.7,36.0,82.48,229.0,Normal Wear
LFP,82.0,71,0.174,26.8,87.3,18.21,-3.7,102.0,Moderate,2,1083.8,322.6,32.0,34.44,96.58,229.6,Healthy
NMC,100.0,393,0.292,29.0,59.2,25.91,-4.5,27.6,Moderate,1,946.2,277.0,36.3,27.16,89.55,325.1,Healthy
NMC,100.0,950,0.63,25.0,42.8,39.14,39.7,79.8,Moderate,1,879.1,161.0,32.4,22.55,80.55,355.2,Normal Wear
NMC,100.0,175,0.182,27.7,81.2,20.33,30.5,59.5,Eco,1,965.8,236.6,34.5,18.16,93.4,517.5,Healthy
LFP,75.0,1133,0.469,33.3,54.0,40.07,-3.6,56.2,Moderate,1,413.8,145.8,37.8,23.6,81.35,259.8,Normal Wear
LFP,82.0,698,0.265,24.9,66.1,31.23,14.3,80.7,Eco,0,227.9,192.4,38.3,15.89,89.06,456.8,Healthy
NMC,64.0,370,0.713,25.6,53.2,25.65,24.0,57.0,Eco,2,425.8,170.0,32.4,15.32,88.61,372.3,Healthy
LFP,64.0,88,0.055,26.9,85.5,17.44,40.0,50.2,Eco,2,46.5,384.5,33.5,18.16,97.34,346.8,Healthy
LFP,45.0,1206,0.228,25.1,92.7,42.65,4.0,118.8,Eco,1,324.3,345.8,37.4,27.37,85.31,139.7,Normal Wear
NMC,64.0,1285,0.534,25.1,43.0,42.7,3.7,29.0,Eco,2,728.8,256.1,36.4,21.34,77.49,236.9,Degradation Warning
NMC,58.0,1095,0.127,37.3,52.8,37.0,19.5,68.6,Eco,1,1015.9,131.0,36.7,16.37,78.5,281.0,Degradation Warning
NMC,100.0,673,0.423,27.8,50.4,32.13,34.6,76.1,Eco,0,1116.4,277.8,27.8,20.43,85.95,422.7,Normal Wear
LFP,64.0,82,0.399,25.2,77.0,17.98,4.5,69.0,Moderate,1,866.6,194.1,32.1,23.32,97.14,264.5,Healthy
NMC,45.0,528,0.732,35.3,63.6,31.79,-3.5,90.7,Moderate,1,1070.2,83.0,36.3,26.93,84.14,134.6,Normal Wear
NMC,45.0,311,0.55,33.5,65.1,25.69,3.8,27.6,Moderate,0,349.6,311.2,38.8,20.39,91.1,196.6,Healthy
LFP,58.0,1134,0.562,30.7,48.6,42.27,13.4,113.5,Aggressive,1,813.3,159.5,33.4,33.64,81.64,135.6,Normal Wear
NMC,45.0,840,0.811,23.3,62.8,38.03,8.7,75.0,Aggressive,1,1172.1,152.0,35.0,26.73,78.69,135.2,Degradation Warning
LFP,75.0,169,0.836,43.4,56.7,21.84,34.8,80.4,Aggressive,0,732.9,302.3,32.2,25.85,95.15,274.8,Healthy
NMC,100.0,1314,0.573,17.6,73.6,43.42,39.0,71.3,Moderate,1,513.5,375.0,38.9,21.78,74.9,343.2,Replacement Required
NMC,100.0,900,0.468,16.3,51.9,37.39,9.7,69.5,Eco,2,315.2,168.7,32.4,18.5,80.7,441.7,Normal Wear
LFP,100.0,1159,0.536,29.3,73.8,41.03,32.8,43.7,Aggressive,1,377.7,342.1,37.2,24.07,81.52,333.4,Normal Wear
LFP,82.0,723,0.356,24.9,60.8,31.51,-6.4,75.4,Moderate,0,243.0,380.0,32.5,23.96,89.01,306.4,Healthy
NMC,64.0,535,0.84,12.1,59.0,31.59,18.8,67.1,Moderate,1,843.5,143.8,29.1,19.27,84.22,278.7,Normal Wear
LFP,75.0,1284,0.614,26.2,56.8,44.55,33.2,71.8,Aggressive,2,868.8,391.1,35.9,26.45,79.69,219.3,Degradation Warning
LFP,64.0,49,0.283,27.5,77.1,18.97,11.8,26.4,Moderate,1,935.5,169.1,34.8,20.67,98.31,305.2,Healthy
NMC,75.0,1186,0.096,26.0,70.9,39.99,-2.5,38.1,Moderate,0,560.9,146.2,36.5,21.98,80.02,269.1,Normal Wear
LFP,64.0,345,0.086,28.8,86.8,22.18,4.8,101.3,Eco,2,165.9,196.2,35.5,22.81,93.05,253.7,Healthy
NMC,58.0,968,0.214,24.2,53.3,35.53,15.6,66.9,Eco,1,506.3,149.9,32.4,15.99,82.43,291.5,Normal Wear
NMC,45.0,35,0.236,26.2,42.2,17.43,33.9,99.3,Moderate,2,898.3,270.4,34.3,24.61,96.53,173.5,Healthy
NMC,45.0,130,0.382,34.8,50.0,20.36,28.9,42.1,Moderate,1,1027.0,235.5,37.9,19.32,93.64,215.9,Healthy
LFP,58.0,891,0.222,32.8,58.9,35.12,-5.7,94.8,Aggressive,0,97.4,304.4,36.9,30.23,86.24,164.7,Normal Wear
LFP,75.0,732,0.555,25.7,49.9,33.17,18.4,53.9,Aggressive,1,292.7,323.5,36.4,21.67,85.37,287.8,Normal Wear
NMC,82.0,126,0.219,30.3,44.6,18.73,35.4,95.5,Aggressive,0,1154.4,98.6,40.0,28.84,94.63,266.6,Healthy
NMC,75.0,398,0.2,32.2,64.5,23.95,20.0,33.7,Aggressive,1,518.4,123.8,36.4,20.93,89.52,322.2,Healthy
NMC,45.0,181,0.427,21.4,77.2,20.66,-6.6,58.4,Moderate,2,84.8,346.4,37.4,26.35,93.92,161.4,Healthy
NMC,82.0,302,0.761,29.0,81.3,27.53,32.8,36.9,Moderate,1,244.4,93.2,31.2,17.85,89.32,406.2,Healthy
LFP,64.0,288,0.425,27.9,61.9,22.26,37.2,88.0,Moderate,1,993.1,300.6,37.5,23.41,91.97,256.3,Healthy
LFP,82.0,503,0.381,30.9,66.3,25.83,10.2,64.3,Eco,2,911.4,302.2,35.9,20.23,90.83,362.7,Healthy
NMC,75.0,686,0.512,21.3,81.6,32.86,6.1,32.4,Moderate,0,261.0,328.0,36.8,20.3,83.66,302.9,Normal Wear
LFP,58.0,1116,0.256,26.8,59.4,39.43,18.3,77.6,Moderate,1,121.9,146.5,35.6,15.75,86.48,318.9,Normal Wear
NMC,64.0,1240,0.333,22.5,83.2,44.27,41.2,27.5,Aggressive,1,95.3,122.9,37.1,22.32,77.87,220.0,Degradation Warning
LFP,75.0,1286,0.221,29.0,93.2,41.95,33.5,106.8,Aggressive,2,599.6,227.5,35.6,31.2,83.73,203.2,Normal Wear
LFP,64.0,617,0.507,22.0,88.4,30.35,32.2,118.8,Eco,0,834.7,85.0,35.5,24.48,87.88,226.2,Normal Wear
NMC,82.0,818,0.608,23.7,64.9,34.02,0.0,106.0,Eco,2,388.5,364.6,39.5,27.56,80.48,241.3,Normal Wear
NMC,45.0,1302,0.589,27.7,71.9,44.69,36.5,120.2,Eco,0,103.4,331.4,35.9,24.39,74.37,142.4,Replacement Required
LFP,75.0,817,0.254,21.4,79.4,30.78,18.9,114.7,Moderate,1,590.4,379.6,39.1,27.32,88.08,244.6,Healthy
NMC,58.0,1192,0.674,17.3,59.2,40.62,37.7,114.5,Eco,1,262.8,94.4,36.4,22.76,74.86,188.8,Replacement Required
NMC,82.0,409,0.255,33.2,84.0,24.06,23.9,49.5,Eco,2,217.1,392.3,38.6,15.95,87.63,448.5,Normal Wear
NMC,75.0,435,0.17,23.1,64.0,24.8,33.4,48.1,Moderate,1,929.6,334.8,35.3,21.23,88.65,310.9,Healthy
NMC,58.0,445,0.33,18.6,86.6,25.17,-1.4,105.9,Eco,1,725.3,109.5,33.6,25.81,89.01,201.4,Healthy
NMC,75.0,1016,0.528,20.3,54.0,37.79,26.7,74.1,Aggressive,0,378.1,106.6,33.6,20.49,78.74,286.3,Degradation Warning
LFP,82.0,1260,0.164,26.4,40.6,39.37,3.4,119.2,Moderate,0,552.7,385.0,34.3,32.08,86.8,218.5,Normal Wear
LFP,75.0,886,0.568,36.5,74.8,36.89,-1.2,114.7,Eco,2,268.7,233.2,30.0,29.65,81.38,206.3,Normal Wear
NMC,64.0,105,0.74,26.2,64.9,20.69,19.8,114.3,Aggressive,2,674.0,419.6,32.8,34.12,94.83,181.6,Healthy
LFP,82.0,1259,0.285,30.5,43.3,43.88,21.3,57.6,Aggressive,0,908.4,292.3,37.7,24.2,84.64,287.7,Normal Wear
NMC,75.0,442,0.41,24.7,66.8,26.22,15.5,38.3,Aggressive,0,514.1,310.8,37.3,23.18,88.93,292.2,Healthy
LFP,45.0,1363,0.233,28.1,49.3,42.39,-5.4,92.8,Moderate,0,460.5,233.8,36.0,24.8,84.35,152.4,Normal Wear
LFP,75.0,137,0.339,25.8,74.6,17.01,2.7,69.1,Aggressive,1,302.1,222.9,40.0,26.59,96.09,270.7,Healthy
NMC,64.0,978,0.068,30.4,64.5,33.49,2.2,118.4,Moderate,0,388.2,350.6,33.3,31.07,82.41,170.4,Normal Wear
LFP,58.0,901,0.813,20.2,49.4,37.82,6.3,110.4,Eco,2,432.1,227.1,36.2,25.29,84.14,196.3,Normal Wear
NMC,58.0,1011,0.383,27.5,62.7,34.66,22.7,117.9,Moderate,1,375.4,244.4,36.8,26.24,80.53,178.5,Normal Wear
NMC,58.0,434,0.681,27.9,52.8,26.82,12.8,81.8,Moderate,0,108.4,206.8,34.4,17.84,88.33,283.0,Healthy
LFP,45.0,618,0.164,29.4,75.9,27.71,40.4,77.6,Moderate,2,177.4,138.7,33.9,19.18,89.59,217.2,Healthy
NMC,64.0,59,0.7,18.9,56.2,19.49,-9.2,109.7,Moderate,1,1195.5,367.1,34.9,36.0,95.53,175.0,Healthy
NMC,82.0,1204,0.738,24.1,85.2,42.81,1.2,76.2,Eco,2,435.6,147.2,33.9,21.17,74.19,289.4,Replacement Required
NMC,58.0,722,0.622,30.6,40.8,32.62,19.8,115.0,Moderate,2,966.4,175.6,40.0,26.96,82.63,175.3,Normal Wear
LFP,64.0,556,0.773,28.4,62.2,29.81,35.7,28.4,Moderate,2,860.8,277.5,34.8,21.35,89.54,266.8,Healthy
NMC,75.0,439,0.184,37.4,73.9,26.65,-8.2,60.9,Eco,1,677.0,184.1,36.3,23.07,87.11,285.3,Normal Wear
NMC,45.0,683,0.431,23.8,41.2,30.51,35.9,108.5,Eco,0,539.8,193.7,34.1,21.92,84.48,170.6,Normal Wear
LFP,64.0,114,0.546,15.1,51.9,17.4,16.4,46.0,Eco,1,798.3,71.4,39.9,15.88,95.76,384.7,Healthy
LFP,64.0,992,0.527,24.2,58.0,36.04,30.8,64.9,Eco,1,701.1,350.4,35.1,17.4,84.4,307.9,Normal Wear
NMC,82.0,669,0.739,12.0,41.2,33.54,39.3,26.0,Moderate,2,880.7,243.0,31.8,23.05,83.46,297.2,Normal Wear
NMC,64.0,307,0.223,31.2,70.1,23.02,1.2,55.2,Eco,1,1192.6,138.7,32.9,21.96,89.38,261.9,Healthy
NMC,82.0,431,0.191,27.0,74.7,24.13,20.6,56.9,Moderate,1,377.9,319.3,37.3,18.17,88.23,400.7,Healthy
NMC,45.0,419,0.253,29.4,52.5,23.2,36.0,98.3,Moderate,1,400.7,299.6,35.5,22.83,89.19,171.7,Healthy
NMC,45.0,547,0.763,30.3,69.9,31.37,33.9,92.7,Aggressive,1,827.0,201.7,37.5,26.82,84.46,139.7,Normal Wear
LFP,75.0,1061,0.803,33.2,95.0,39.13,17.1,69.5,Eco,0,1013.4,272.4,37.7,17.71,77.67,326.4,Degradation Warning
LFP,82.0,155,0.506,12.0,88.8,21.58,39.4,97.9,Moderate,2,227.9,303.3,34.4,24.38,95.62,319.2,Healthy
NMC,82.0,778,0.451,14.7,43.2,32.75,26.8,67.8,Moderate,2,1025.6,91.7,35.0,18.85,82.36,358.6,Normal Wear
NMC,58.0,1291,0.534,22.5,47.0,44.63,17.3,68.5,Moderate,1,1075.7,216.2,34.2,19.79,75.54,219.1,Degradation Warning
LFP,58.0,862,0.543,25.2,67.2,34.89,-7.0,89.6,Moderate,1,473.8,253.6,36.2,27.16,85.17,177.6,Normal Wear
NMC,75.0,729,0.186,28.2,53.5,32.45,15.3,97.3,Aggressive,2,319.9,323.2,31.5,28.12,84.95,227.2,Normal Wear
LFP,45.0,1044,0.599,27.7,44.5,37.26,11.9,109.7,Eco,2,480.7,203.6,34.7,22.98,84.31,157.3,Normal Wear
NMC,100.0,400,0.412,28.1,54.0,26.16,5.9,100.1,Moderate,0,224.0,129.8,34.0,23.7,89.62,376.1,Healthy
NMC,58.0,528,0.464,17.6,43.4,27.93,39.0,92.0,Eco,1,71.0,101.4,35.3,17.47,85.29,286.9,Normal Wear
LFP,64.0,825,0.074,22.2,69.1,31.1,38.1,81.1,Moderate,2,956.7,353.3,34.2,23.51,88.2,244.8,Healthy
NMC,45.0,495,0.662,25.1,67.0,30.38,7.5,55.8,Moderate,0,683.8,237.7,36.2,20.23,86.28,194.0,Normal Wear
LFP,100.0,973,0.718,26.1,40.3,37.55,12.7,51.1,Eco,2,592.9,150.3,38.1,17.79,83.16,466.0,Normal Wear
NMC,64.0,868,0.546,24.0,66.5,35.91,29.1,109.3,Eco,2,256.8,351.7,38.5,21.55,80.9,242.6,Normal Wear
NMC,82.0,916,0.649,28.5,68.6,37.36,33.4,96.7,Moderate,2,662.9,354.2,34.3,24.41,79.44,274.2,Degradation Warning
LFP,45.0,51,0.468,20.2,73.3,17.35,-4.3,91.5,Eco,0,482.0,297.9,37.7,21.85,98.84,204.8,Healthy
NMC,75.0,137,0.545,24.1,93.4,22.0,15.5,50.9,Moderate,0,607.4,112.0,29.2,18.98,93.68,373.1,Healthy
LFP,82.0,1227,0.366,30.0,94.0,44.16,37.6,122.0,Eco,1,108.9,176.2,36.5,25.22,82.32,274.6,Normal Wear
NMC,82.0,210,0.683,28.2,69.0,25.24,24.6,33.1,Aggressive,2,1107.4,378.9,31.7,26.51,91.49,285.2,Healthy
NMC,64.0,93,0.425,24.8,86.5,19.88,18.2,108.8,Moderate,2,917.0,112.5,37.7,24.69,95.42,244.7,Healthy
LFP,82.0,642,0.594,24.9,44.7,31.13,27.3,46.1,Moderate,2,889.4,315.2,38.2,19.93,88.91,359.3,Healthy
NMC,58.0,1146,0.547,24.1,69.2,42.18,24.4,64.2,Moderate,1,698.1,159.6,36.8,17.7,76.72,253.9,Degradation Warning
NMC,45.0,890,0.612,25.0,77.3,37.63,39.0,67.8,Moderate,0,273.2,82.0,34.2,17.3,79.43,203.6,Degradation Warning
NMC,58.0,605,0.678,24.0,71.1,31.28,37.5,91.3,Moderate,1,124.3,311.2,32.6,21.45,83.8,228.2,Normal Wear
NMC,64.0,439,0.46,24.8,52.7,23.67,10.7,79.7,Moderate,0,433.7,162.7,35.2,18.89,88.77,296.7,Healthy
NMC,100.0,492,0.7,28.8,43.4,27.18,-8.3,43.6,Moderate,2,495.4,330.1,34.6,29.52,86.72,292.0,Normal Wear
LFP,64.0,133,0.448,28.6,61.3,20.9,7.3,28.0,Moderate,1,913.2,198.4,35.1,22.14,94.1,274.8,Healthy
LFP,45.0,1356,0.815,19.1,75.6,47.4,0.6,96.7,Aggressive,1,177.8,146.8,35.6,29.63,76.35,108.8,Degradation Warning
LFP,82.0,349,0.652,37.8,94.5,25.34,-3.2,75.5,Moderate,1,980.2,388.5,37.9,27.3,90.52,280.1,Healthy
LFP,75.0,358,0.187,23.7,53.0,23.61,36.2,61.2,Eco,1,531.5,194.3,33.3,17.4,94.47,402.5,Healthy
LFP,64.0,257,0.714,29.8,90.5,22.66,26.9,53.5,Moderate,2,959.9,390.1,32.2,20.86,92.8,282.8,Healthy
LFP,45.0,1216,0.491,20.6,43.8,42.05,-8.3,107.3,Aggressive,2,593.7,406.4,35.1,36.0,83.32,103.2,Normal Wear
NMC,75.0,98,0.838,35.8,91.2,21.58,37.8,104.6,Eco,0,61.8,212.3,34.9,20.3,94.33,347.5,Healthy
LFP,82.0,483,0.625,30.2,85.8,26.05,37.0,107.6,Moderate,1,729.7,321.4,35.4,27.46,88.97,262.8,Healthy
LFP,100.0,624,0.118,29.3,41.2,28.29,39.4,46.9,Aggressive,0,512.6,208.8,35.9,24.46,90.1,374.0,Healthy
NMC,64.0,581,0.366,25.9,56.4,26.99,33.2,110.2,Moderate,0,551.2,299.8,35.2,25.93,85.52,209.0,Normal Wear
NMC,100.0,304,0.464,16.0,42.8,24.91,-5.9,123.6,Eco,2,939.1,340.2,33.1,36.0,91.1,256.7,Healthy
NMC,45.0,242,0.721,37.0,94.8,24.57,22.4,84.9,Moderate,0,267.1,293.5,35.7,17.95,90.02,222.1,Healthy
NMC,100.0,612,0.633,32.1,63.5,30.24,-5.7,29.7,Moderate,2,30.8,171.3,38.8,25.66,82.81,317.4,Normal Wear
LFP,100.0,1309,0.345,25.1,76.4,42.03,27.1,95.2,Aggressive,2,343.4,177.9,35.1,24.98,81.78,330.0,Normal Wear
NMC,45.0,392,0.573,29.9,52.9,24.61,0.2,78.8,Eco,0,186.1,371.6,35.6,18.75,88.77,217.4,Healthy
NMC,45.0,1276,0.512,19.1,91.4,43.02,38.7,96.2,Aggressive,1,412.6,267.4,38.1,27.77,74.36,120.9,Replacement Required
LFP,64.0,930,0.151,15.6,55.1,35.43,38.6,43.8,Eco,1,249.6,385.6,32.8,18.05,88.97,323.8,Healthy
NMC,100.0,847,0.238,27.1,54.3,32.96,20.9,85.6,Aggressive,2,116.4,216.6,34.8,22.11,83.82,378.2,Normal Wear
NMC,75.0,255,0.323,22.2,57.3,21.83,29.1,78.9,Eco,0,993.1,162.1,37.8,17.2,91.67,400.4,Healthy
NMC,45.0,690,0.206,24.1,65.4,28.71,34.6,85.2,Eco,2,251.3,282.9,37.1,17.32,86.96,223.8,Normal Wear
LFP,82.0,847,0.17,26.7,41.0,32.35,10.2,97.8,Eco,2,436.6,381.5,37.0,22.45,87.83,319.0,Normal Wear
LFP,100.0,782,0.097,19.9,72.9,30.95,20.1,79.4,Moderate,1,2.2,245.5,29.3,18.07,89.06,497.1,Healthy
NMC,45.0,1357,0.748,26.5,41.7,46.78,-0.8,57.2,Moderate,0,926.0,167.2,33.4,22.72,73.94,152.1,Replacement Required
LFP,75.0,399,0.281,20.4,69.7,24.46,41.2,55.9,Moderate,1,555.9,147.5,31.4,20.96,93.09,336.9,Healthy
NMC,64.0,813,0.282,33.1,65.2,33.49,38.3,94.5,Moderate,2,1037.6,227.2,38.6,25.18,81.85,205.1,Normal Wear
LFP,100.0,633,0.215,26.4,53.3,29.74,15.1,91.4,Eco,0,63.4,369.0,36.3,18.18,91.85,503.8,Healthy
LFP,45.0,582,0.43,30.2,58.1,31.06,18.8,67.2,Aggressive,1,196.6,170.0,35.0,19.22,90.0,205.0,Healthy
LFP,45.0,439,0.461,16.4,78.8,26.81,12.7,60.4,Eco,0,309.2,263.8,33.2,16.09,90.79,259.4,Healthy
NMC,82.0,71,0.217,30.5,40.5,18.22,-9.9,87.0,Moderate,2,1065.8,130.6,34.2,31.89,95.17,249.4,Healthy
LFP,82.0,838,0.537,36.0,57.4,34.35,2.0,56.2,Moderate,1,424.8,330.1,40.0,23.35,84.44,298.0,Normal Wear
LFP,100.0,224,0.628,27.7,77.4,25.1,-4.7,121.3,Moderate,2,224.3,230.7,35.1,36.0,93.34,261.5,Healthy
NMC,45.0,1020,0.349,30.1,48.4,36.93,6.8,84.6,Eco,2,961.8,153.5,33.5,21.17,80.42,173.1,Normal Wear
LFP,100.0,750,0.518,25.6,70.8,33.83,2.3,84.2,Eco,1,362.8,334.2,32.1,21.92,88.17,399.1,Healthy
NMC,45.0,276,0.452,29.3,49.3,22.64,29.6,38.6,Aggressive,2,419.6,324.8,39.7,22.03,91.03,182.3,Healthy
LFP,82.0,204,0.206,36.6,48.5,20.15,16.2,86.0,Aggressive,0,785.5,81.7,35.0,23.89,94.46,325.0,Healthy
NMC,75.0,164,0.634,40.5,82.5,22.11,32.5,54.5,Moderate,0,460.6,224.6,34.2,18.52,90.93,370.7,Healthy
LFP,58.0,1057,0.691,28.9,54.7,37.94,23.1,70.2,Eco,2,19.8,277.6,31.7,14.73,82.73,325.6,Normal Wear
NMC,58.0,265,0.569,20.9,60.7,23.95,24.1,78.8,Aggressive,1,1187.0,159.6,32.8,24.5,89.63,213.6,Healthy
NMC,45.0,206,0.309,30.7,80.2,20.88,35.6,72.8,Moderate,2,286.4,89.7,38.1,17.56,93.26,241.9,Healthy
NMC,82.0,1380,0.791,19.6,49.9,46.54,34.1,105.9,Moderate,2,293.2,169.4,31.1,24.83,70.51,236.1,Replacement Required
NMC,64.0,1302,0.414,23.3,69.2,42.32,-6.7,34.9,Moderate,1,160.7,373.5,31.9,25.6,76.01,186.4,Degradation Warning
NMC,64.0,885,0.263,23.9,90.5,33.51,20.1,41.7,Aggressive,2,189.6,188.8,34.2,20.0,83.28,258.7,Normal Wear
NMC,58.0,59,0.377,39.2,70.5,17.16,11.5,40.7,Eco,1,602.4,345.3,36.3,18.19,96.97,305.3,Healthy
NMC,75.0,620,0.604,35.6,42.7,30.42,21.2,106.7,Moderate,0,1127.7,315.8,35.4,26.49,82.86,236.1,Normal Wear
NMC,58.0,981,0.727,34.3,72.4,38.18,34.9,36.8,Aggressive,1,836.6,405.5,33.8,26.36,74.82,157.2,Replacement Required
NMC,45.0,1005,0.335,31.9,45.0,36.69,-9.4,122.1,Moderate,0,789.1,375.2,33.7,35.95,80.0,100.5,Normal Wear
LFP,75.0,1394,0.236,21.5,55.5,45.21,-9.4,121.9,Aggressive,0,433.8,399.6,33.5,36.0,82.75,175.6,Normal Wear
NMC,64.0,28,0.551,28.4,86.7,17.78,-6.7,124.2,Moderate,1,975.7,78.2,34.8,36.0,98.18,174.5,Healthy
LFP,82.0,369,0.787,38.0,40.6,26.4,35.5,123.0,Eco,1,568.0,174.1,33.0,26.83,89.41,275.6,Healthy
LFP,82.0,103,0.197,29.7,44.2,18.38,8.4,39.9,Eco,0,549.0,375.5,35.7,18.73,96.48,420.6,Healthy
LFP,45.0,552,0.692,33.2,60.0,29.02,9.3,90.7,Eco,2,1193.4,200.4,38.2,22.02,87.7,180.3,Normal Wear
NMC,58.0,1008,0.431,17.3,95.0,38.66,8.0,65.0,Aggressive,1,730.7,88.5,37.8,24.89,79.53,185.0,Degradation Warning
LFP,45.0,377,0.69,31.3,56.1,25.52,2.0,98.2,Aggressive,1,1041.8,395.0,31.1,36.0,91.23,111.1,Healthy
NMC,82.0,397,0.454,20.7,48.7,25.83,-8.0,65.6,Moderate,0,629.5,228.2,32.5,24.58,89.77,295.3,Healthy
NMC,64.0,191,0.352,25.7,70.2,22.21,37.1,63.3,Moderate,2,194.1,88.1,36.3,18.04,93.72,327.1,Healthy
NMC,82.0,1068,0.607,35.5,68.6,38.82,2.1,115.4,Eco,1,1184.7,169.3,35.5,29.19,74.2,211.7,Replacement Required
LFP,75.0,412,0.771,29.1,64.7,26.9,36.5,74.5,Eco,1,786.8,369.5,35.6,19.05,90.85,359.0,Healthy
NMC,100.0,1146,0.306,31.9,92.1,39.22,39.7,99.0,Eco,1,178.4,346.4,38.8,21.52,77.65,357.4,Degradation Warning
NMC,82.0,721,0.419,25.9,55.4,31.95,20.0,90.0,Aggressive,1,888.1,419.0,40.0,27.61,82.96,242.5,Normal Wear
LFP,82.0,1279,0.234,15.4,56.1,41.82,9.4,90.8,Eco,1,527.0,224.0,37.0,20.08,84.7,345.9,Normal Wear
LFP,100.0,568,0.197,21.4,47.7,27.52,29.8,59.9,Aggressive,1,986.9,175.9,31.3,25.27,90.69,359.8,Healthy
NMC,75.0,803,0.672,31.1,78.4,35.7,-8.7,50.2,Aggressive,1,332.5,116.6,34.6,30.18,79.76,196.2,Degradation Warning
NMC,58.0,351,0.211,29.0,57.7,23.06,38.3,113.5,Eco,2,1130.8,174.3,38.5,26.31,91.12,198.7,Healthy
LFP,82.0,813,0.685,37.0,84.2,33.61,11.2,27.5,Aggressive,1,356.7,139.9,39.5,23.1,82.4,292.3,Normal Wear
NMC,45.0,668,0.393,27.8,93.4,32.25,6.0,42.3,Aggressive,0,1196.7,303.8,34.5,27.94,84.97,136.6,Normal Wear
NMC,82.0,1002,0.846,21.6,42.4,40.63,-3.4,38.3,Moderate,2,840.2,338.2,36.3,28.4,76.76,219.4,Degradation Warning
NMC,45.0,1072,0.208,26.8,94.6,36.16,39.7,119.9,Moderate,1,1165.5,351.3,36.8,32.65,80.38,111.0,Normal Wear
LFP,75.0,562,0.124,33.0,54.0,26.77,32.2,25.5,Moderate,1,869.0,333.3,37.3,20.75,90.07,316.9,Healthy
LFP,82.0,1062,0.11,16.5,63.1,37.84,27.6,25.8,Moderate,2,905.0,241.6,37.9,19.47,87.06,367.8,Normal Wear
LFP,75.0,1191,0.718,29.1,82.8,42.04,38.4,47.7,Moderate,0,145.7,207.4,28.5,19.27,79.54,312.2,Degradation Warning
LFP,75.0,510,0.4,19.4,76.6,28.71,39.9,52.9,Aggressive,1,18.0,105.1,36.8,21.77,90.17,309.3,Healthy
NMC,58.0,302,0.052,28.0,82.8,20.19,4.0,81.0,Eco,1,103.7,272.5,34.8,18.73,90.48,285.3,Healthy
NMC,82.0,881,0.75,31.4,65.6,37.63,30.9,121.1,Eco,1,524.7,228.5,35.5,25.32,78.18,250.6,Degradation Warning
NMC,45.0,132,0.752,30.3,90.4,19.08,29.9,71.5,Moderate,0,482.5,155.1,32.7,17.37,93.55,242.8,Healthy
NMC,45.0,1373,0.695,35.0,83.4,47.76,19.0,53.9,Eco,1,220.6,350.9,33.0,15.37,68.0,195.7,Replacement Required
NMC,82.0,1298,0.249,28.5,57.0,40.19,-2.2,106.7,Aggressive,0,52.2,318.9,34.4,33.47,79.72,195.4,Degradation Warning
LFP,100.0,881,0.348,30.1,92.2,36.14,38.9,63.6,Moderate,0,830.5,268.9,36.5,21.51,85.72,397.7,Normal Wear
NMC,58.0,629,0.646,30.3,92.9,30.06,6.4,39.2,Moderate,2,237.4,140.2,31.5,21.17,82.51,221.8,Normal Wear
LFP,58.0,527,0.441,21.2,62.8,30.45,20.1,104.5,Aggressive,0,1174.3,269.5,35.2,30.99,89.89,169.8,Healthy
NMC,58.0,485,0.173,26.2,75.9,25.86,-9.0,25.2,Eco,1,124.1,141.4,39.2,21.01,87.72,243.3,Normal Wear
NMC,45.0,843,0.244,12.2,84.8,34.55,12.3,45.5,Eco,2,436.3,326.3,40.0,17.54,82.71,211.3,Normal Wear
NMC,75.0,628,0.828,29.3,85.0,32.3,22.1,88.5,Aggressive,0,574.7,130.3,35.3,23.3,81.47,258.2,Normal Wear
NMC,100.0,1141,0.171,12.0,40.8,37.02,9.8,35.2,Moderate,1,262.2,328.8,34.2,20.85,81.93,395.4,Normal Wear
LFP,58.0,309,0.631,32.1,74.6,23.84,14.8,50.6,Aggressive,2,604.0,259.3,34.2,23.76,91.51,224.4,Healthy
NMC,45.0,887,0.432,36.9,93.6,35.89,-0.0,64.3,Aggressive,1,149.4,411.8,36.7,27.85,77.81,132.5,Degradation Warning
NMC,45.0,1199,0.649,30.0,52.7,46.35,8.2,64.6,Moderate,2,2.0,233.4,36.6,19.39,74.54,169.0,Replacement Required
NMC,75.0,801,0.579,30.9,83.8,36.22,27.6,122.3,Moderate,2,837.8,153.9,34.4,29.06,80.32,207.5,Normal Wear
NMC,82.0,181,0.401,34.2,69.4,21.13,40.4,92.6,Aggressive,2,1001.5,363.9,33.1,32.79,93.73,241.7,Healthy
NMC,82.0,643,0.333,24.4,52.2,30.99,14.4,28.7,Eco,2,689.6,273.1,32.2,18.38,86.6,389.4,Normal Wear
LFP,58.0,736,0.653,19.4,42.8,33.9,25.7,47.1,Moderate,1,274.2,257.9,34.6,16.97,85.85,294.1,Normal Wear
LFP,58.0,1140,0.309,26.5,81.8,39.37,40.8,86.6,Eco,1,473.5,106.8,38.0,18.19,84.13,264.6,Normal Wear
NMC,100.0,586,0.68,22.4,57.4,30.87,30.3,96.3,Moderate,1,751.6,203.3,33.1,23.16,83.33,362.5,Normal Wear
LFP,75.0,1013,0.594,27.5,60.7,38.14,-9.5,63.1,Eco,2,39.1,71.6,33.8,23.07,83.41,269.6,Normal Wear
NMC,58.0,1160,0.512,28.5,66.7,41.36,38.6,110.7,Moderate,0,113.1,145.4,34.7,24.26,77.31,183.3,Degradation Warning
NMC,75.0,1232,0.345,24.1,67.9,42.14,35.1,119.3,Aggressive,2,1149.8,253.8,33.0,36.0,78.98,170.5,Degradation Warning
NMC,45.0,1366,0.214,22.7,51.3,43.52,4.1,86.4,Aggressive,2,814.2,235.7,40.0,30.76,79.65,120.8,Degradation Warning
NMC,58.0,615,0.618,14.1,76.9,30.44,-0.6,81.2,Aggressive,1,836.4,268.6,36.4,30.76,84.42,159.7,Normal Wear
NMC,45.0,1223,0.123,26.0,78.1,39.56,36.8,100.1,Eco,1,123.0,373.8,37.0,20.23,79.8,176.6,Degradation Warning
NMC,64.0,1224,0.826,24.4,47.8,44.1,25.8,103.2,Moderate,1,279.5,161.0,32.2,21.81,74.24,211.4,Replacement Required
NMC,75.0,978,0.833,24.8,69.3,39.69,2.3,46.5,Moderate,1,469.4,307.0,34.4,23.2,76.89,250.2,Degradation Warning
NMC,64.0,1032,0.154,31.4,73.5,35.98,27.1,73.4,Eco,1,246.3,262.9,36.9,14.92,80.84,346.7,Normal Wear
NMC,58.0,1330,0.133,38.8,50.2,43.03,21.2,69.7,Eco,1,971.4,357.2,35.8,17.63,75.66,251.0,Degradation Warning
LFP,45.0,494,0.38,24.9,89.2,25.2,6.1,119.1,Eco,1,727.7,163.6,40.0,27.03,90.01,140.5,Healthy
NMC,58.0,637,0.821,29.3,66.6,32.91,19.0,36.2,Moderate,1,236.2,416.6,36.9,17.88,83.95,268.7,Normal Wear
NMC,64.0,660,0.37,28.5,46.3,31.58,17.4,119.3,Aggressive,1,925.1,302.4,33.5,36.0,86.57,151.8,Normal Wear
NMC,58.0,281,0.341,33.8,58.4,24.79,16.5,82.3,Moderate,0,648.9,84.2,35.1,18.01,90.54,291.8,Healthy
NMC,100.0,181,0.613,21.5,66.2,22.2,16.9,53.8,Aggressive,0,249.4,71.6,36.1,20.24,92.77,458.2,Healthy
NMC,82.0,200,0.193,21.4,40.6,20.93,-10.0,111.9,Eco,1,1011.4,373.7,37.7,32.3,92.59,232.9,Healthy
NMC,64.0,744,0.341,22.1,41.8,32.17,4.0,30.0,Eco,2,252.0,161.6,28.9,20.17,84.78,269.4,Normal Wear
NMC,58.0,488,0.283,13.4,43.1,27.68,12.4,56.9,Aggressive,1,828.8,153.0,32.9,24.66,88.34,213.3,Healthy
NMC,45.0,40,0.531,26.7,69.6,18.69,-3.4,100.3,Moderate,1,479.9,262.4,35.9,28.19,96.41,154.6,Healthy
NMC,58.0,1318,0.18,20.7,58.5,43.03,29.0,107.8,Moderate,2,899.4,129.3,29.2,25.64,79.04,181.1,Degradation Warning
NMC,45.0,279,0.489,28.5,89.1,20.91,34.0,41.7,Moderate,2,508.2,171.0,38.1,18.49,90.39,219.9,Healthy
NMC,82.0,1376,0.736,12.6,70.8,48.12,32.5,119.2,Moderate,2,343.9,250.6,35.3,28.29,71.68,207.1,Replacement Required
NMC,58.0,485,0.461,26.7,81.8,27.61,13.9,30.4,Aggressive,0,1153.2,413.7,34.7,26.87,85.86,184.2,Normal Wear
NMC,82.0,1159,0.597,25.5,77.8,40.92,25.9,68.4,Moderate,1,910.5,123.6,31.5,19.3,76.93,327.0,Degradation Warning
LFP,64.0,556,0.11,23.7,68.6,27.1,-6.0,34.7,Aggressive,1,993.2,84.7,39.2,31.37,91.22,190.2,Healthy
NMC,45.0,971,0.409,33.0,81.0,38.56,0.4,34.8,Aggressive,2,375.5,317.8,31.8,30.46,78.15,119.6,Degradation Warning
NMC,100.0,785,0.126,22.2,70.0,30.3,-7.6,116.4,Moderate,2,417.5,285.7,37.9,36.0,85.21,239.9,Normal Wear
NMC,64.0,978,0.53,28.8,61.2,36.66,40.2,115.4,Moderate,0,207.4,179.7,40.0,26.52,79.2,191.7,Degradation Warning
LFP,45.0,953,0.275,23.2,64.0,33.75,19.9,86.5,Aggressive,0,536.1,167.8,39.5,22.3,87.84,179.9,Normal Wear
NMC,82.0,870,0.28,37.0,86.1,33.0,-0.9,121.6,Aggressive,1,1196.4,373.7,35.7,36.0,79.16,178.7,Degradation Warning
NMC,75.0,1300,0.111,26.2,71.0,40.51,26.8,74.1,Eco,1,707.4,182.5,34.4,16.13,79.69,374.6,Degradation Warning
NMC,58.0,1211,0.298,31.1,60.8,40.76,15.4,103.3,Moderate,0,869.1,277.5,37.4,24.65,78.09,187.7,Degradation Warning
NMC,82.0,552,0.455,30.7,49.9,28.82,12.6,34.7,Aggressive,2,885.0,218.9,34.8,26.13,86.38,270.7,Normal Wear
NMC,45.0,34,0.518,33.9,67.2,17.09,37.5,64.6,Eco,0,243.4,254.6,35.9,15.87,98.83,277.4,Healthy
NMC,45.0,69,0.103,27.9,53.9,17.37,26.8,76.5,Moderate,1,67.2,380.9,32.1,17.37,94.78,243.6,Healthy
LFP,45.0,1018,0.571,19.1,92.6,39.08,25.9,102.8,Moderate,1,145.9,226.7,37.3,20.82,83.07,174.6,Normal Wear
NMC,45.0,323,0.441,29.7,67.0,24.38,-4.9,58.4,Eco,2,863.6,358.9,33.4,25.33,90.33,158.8,Healthy
LFP,58.0,435,0.48,28.7,40.5,25.52,-5.2,123.0,Moderate,1,547.0,280.8,38.6,35.87,90.81,141.7,Healthy
LFP,64.0,324,0.716,12.0,45.1,28.08,24.6,98.5,Aggressive,1,1085.6,197.2,31.9,29.02,93.25,202.2,Healthy
NMC,100.0,215,0.324,17.0,55.6,22.0,-1.9,78.3,Moderate,0,439.8,78.7,33.8,21.88,91.99,421.9,Healthy
NMC,75.0,832,0.189,31.2,45.1,31.16,13.6,58.1,Moderate,0,123.2,303.6,34.5,18.1,83.6,344.3,Normal Wear
NMC,58.0,819,0.491,35.5,89.2,32.41,19.6,89.2,Moderate,0,1162.2,313.8,33.6,22.49,79.82,201.6,Degradation Warning
NMC,45.0,407,0.806,26.5,87.0,27.0,10.2,92.3,Aggressive,2,480.8,417.5,33.7,29.59,86.29,131.3,Normal Wear
NMC,58.0,776,0.464,31.9,93.4,33.41,-5.6,92.9,Moderate,0,1017.8,318.9,35.3,27.68,81.02,170.1,Normal Wear
LFP,82.0,474,0.716,27.7,78.9,30.51,28.7,83.6,Moderate,2,55.3,356.9,33.5,18.64,90.16,390.7,Healthy
LFP,100.0,732,0.656,27.2,75.5,32.76,36.0,65.0,Eco,0,431.2,128.6,33.2,16.71,86.45,518.8,Normal Wear
NMC,45.0,724,0.465,26.1,90.8,30.41,-1.6,106.7,Moderate,2,713.3,337.0,34.4,32.44,83.64,117.6,Normal Wear
NMC,75.0,867,0.568,27.5,92.1,36.09,34.4,50.8,Moderate,1,628.9,193.2,37.3,19.41,80.82,306.7,Normal Wear
LFP,45.0,1353,0.375,29.3,88.3,43.75,31.0,87.5,Eco,1,873.2,413.0,38.2,19.36,80.48,193.9,Normal Wear
LFP,100.0,1170,0.475,24.6,87.4,41.38,19.3,72.2,Moderate,1,1059.7,228.1,33.5,20.55,83.5,412.9,Normal Wear
LFP,75.0,194,0.456,34.5,76.9,21.42,21.0,114.3,Eco,1,910.3,232.7,35.6,24.01,93.63,297.4,Healthy
NMC,100.0,1177,0.617,21.0,40.1,41.92,23.9,84.1,Moderate,0,372.1,244.1,36.0,18.94,77.76,407.4,Degradation Warning
NMC,75.0,1109,0.378,37.2,63.6,40.68,17.3,110.6,Moderate,2,1163.2,177.7,38.6,27.0,75.42,203.4,Degradation Warning
NMC,64.0,298,0.13,25.7,75.0,22.44,33.9,120.3,Eco,0,1102.9,202.9,40.0,26.69,90.88,214.2,Healthy
NMC,64.0,777,0.681,26.7,70.1,34.88,14.7,37.7,Moderate,0,756.0,207.3,29.3,20.12,80.69,260.1,Normal Wear
NMC,58.0,382,0.598,23.2,85.2,23.64,18.4,80.5,Eco,1,612.0,249.5,30.4,17.0,88.51,302.1,Healthy
NMC,58.0,190,0.81,29.5,85.0,23.36,-8.1,113.4,Eco,2,619.7,119.5,34.8,31.02,91.73,174.6,Healthy
LFP,75.0,1094,0.393,24.7,72.9,40.27,-0.6,112.2,Moderate,1,882.2,279.1,32.1,33.17,84.75,193.7,Normal Wear
NMC,45.0,1371,0.113,24.1,41.2,41.92,37.0,44.6,Moderate,1,580.1,258.7,32.9,20.04,80.34,188.6,Normal Wear
NMC,82.0,684,0.147,30.7,60.3,29.29,-3.7,73.1,Aggressive,2,1183.8,413.8,31.3,36.0,85.55,201.3,Normal Wear
NMC,82.0,611,0.669,34.0,52.6,31.16,37.0,47.3,Moderate,2,852.6,376.1,35.7,22.68,83.21,300.9,Normal Wear
NMC,45.0,950,0.104,20.7,58.6,34.89,23.1,114.7,Moderate,2,285.8,231.9,34.1,24.77,83.76,154.1,Normal Wear
NMC,45.0,1188,0.776,32.0,74.0,42.92,37.8,25.3,Eco,0,790.2,314.3,37.8,17.97,71.79,175.6,Replacement Required
NMC,64.0,293,0.275,34.5,43.7,23.01,32.3,46.8,Moderate,2,581.3,299.5,34.5,19.65,90.7,291.5,Healthy
LFP,82.0,1198,0.769,16.4,41.2,44.03,35.0,65.9,Eco,2,191.8,152.2,35.3,16.06,80.06,414.7,Normal Wear
NMC,75.0,527,0.669,21.9,64.0,28.45,17.3,47.1,Eco,1,622.6,186.5,39.0,16.0,86.1,401.3,Normal Wear
NMC,100.0,382,0.747,34.3,83.6,26.17,32.9,122.4,Eco,1,1030.8,81.7,35.7,27.02,87.12,325.6,Normal Wear
NMC,58.0,1368,0.221,29.2,41.7,43.89,13.9,49.4,Eco,1,29.6,103.5,35.3,14.27,78.95,316.5,Degradation Warning
LFP,100.0,867,0.527,37.3,86.7,37.25,-7.7,61.2,Eco,1,1021.5,178.4,32.1,24.85,82.49,327.9,Normal Wear
LFP,64.0,674,0.125,25.9,61.1,30.43,23.9,42.4,Eco,0,822.2,342.3,35.3,17.19,90.41,344.2,Healthy
LFP,82.0,317,0.212,23.8,46.5,21.93,27.9,117.7,Eco,1,870.8,320.5,33.5,25.68,92.41,295.1,Healthy
NMC,45.0,513,0.298,35.2,71.2,26.08,-4.7,66.1,Moderate,1,1071.2,407.5,35.2,27.47,85.85,140.2,Normal Wear
NMC,82.0,565,0.643,22.0,92.4,29.7,32.4,51.2,Aggressive,1,1132.5,198.3,31.3,26.35,84.86,269.8,Normal Wear
NMC,75.0,323,0.07,25.5,69.8,23.72,-6.1,49.6,Aggressive,1,354.2,190.0,34.4,29.98,91.05,227.4,Healthy
NMC,64.0,923,0.772,30.4,77.8,38.08,13.0,83.6,Moderate,1,1103.0,106.0,32.1,21.81,76.66,224.6,Degradation Warning
LFP,45.0,258,0.107,31.0,84.9,21.02,15.4,122.8,Aggressive,0,259.8,345.7,39.2,34.65,95.04,124.2,Healthy
NMC,100.0,669,0.351,22.2,84.0,29.5,-8.1,122.4,Moderate,0,173.3,127.9,37.5,32.72,84.24,257.7,Normal Wear
LFP,75.0,903,0.115,28.6,44.0,33.78,-6.6,123.2,Moderate,1,665.8,403.7,35.1,36.0,88.56,184.5,Healthy
LFP,100.0,1219,0.665,25.3,80.8,41.55,13.4,63.7,Eco,2,1113.2,180.5,35.2,19.31,79.65,418.4,Degradation Warning
NMC,58.0,429,0.163,16.9,92.2,22.89,6.2,116.4,Eco,0,65.3,296.5,35.0,24.36,88.83,217.2,Healthy
LFP,64.0,745,0.758,24.2,78.5,34.54,32.4,69.4,Eco,2,633.6,227.7,38.0,16.96,85.02,319.1,Normal Wear
NMC,75.0,1066,0.474,17.2,86.0,39.44,11.5,76.1,Eco,1,814.2,148.5,33.6,18.17,78.39,320.4,Degradation Warning
NMC,75.0,337,0.809,23.0,66.7,26.09,-4.5,77.0,Eco,0,894.5,229.6,40.0,21.36,88.78,304.2,Healthy
NMC,100.0,544,0.282,19.8,57.5,27.96,-1.8,31.4,Eco,0,604.7,184.1,34.5,20.08,86.64,429.6,Normal Wear
NMC,45.0,924,0.413,31.6,77.2,34.41,25.0,42.7,Moderate,2,689.9,288.9,31.0,19.03,78.87,183.5,Degradation Warning
NMC,58.0,1319,0.605,28.8,67.1,44.59,39.4,113.6,Moderate,0,544.4,262.9,35.5,27.51,74.26,161.1,Replacement Required
NMC,100.0,1043,0.716,36.2,89.2,39.39,35.2,114.6,Moderate,1,867.9,98.9,35.4,28.37,72.75,257.8,Replacement Required
NMC,75.0,639,0.387,21.5,93.6,30.0,-3.3,45.2,Moderate,1,455.1,95.2,33.9,23.49,85.56,276.1,Normal Wear
NMC,64.0,972,0.764,27.7,85.1,38.66,-9.1,55.3,Moderate,2,336.5,407.8,32.6,29.47,77.61,168.8,Degradation Warning
NMC,75.0,1272,0.144,20.4,94.6,44.02,-8.6,108.0,Eco,1,315.3,175.5,30.9,28.11,79.0,208.7,Degradation Warning
NMC,82.0,1151,0.617,23.2,59.2,40.58,18.9,45.4,Moderate,1,784.1,101.7,33.4,18.35,76.9,339.8,Degradation Warning
NMC,64.0,820,0.329,24.6,89.3,33.37,15.3,113.1,Aggressive,2,1109.5,133.6,36.1,33.92,83.33,153.6,Normal Wear
NMC,64.0,935,0.131,38.8,58.1,37.83,-9.3,107.3,Aggressive,0,328.4,124.1,37.3,34.53,78.95,145.1,Degradation Warning
LFP,75.0,1219,0.359,29.2,46.5,42.27,-7.0,105.8,Moderate,2,299.8,143.5,39.7,32.05,82.71,193.7,Normal Wear
LFP,45.0,339,0.754,26.2,74.2,26.26,42.0,114.2,Moderate,1,858.8,86.4,39.6,28.47,91.0,147.3,Healthy
LFP,64.0,1329,0.834,33.5,65.0,47.57,40.2,113.7,Eco,1,11.0,139.2,32.0,23.11,74.5,203.6,Replacement Required
LFP,82.0,895,0.364,31.0,90.7,35.84,-3.4,116.7,Moderate,1,1001.1,399.5,31.7,36.0,86.3,195.5,Normal Wear
NMC,100.0,348,0.759,26.7,67.1,25.19,-1.5,113.0,Eco,0,455.1,270.2,33.0,27.02,88.6,331.4,Healthy
LFP,45.0,772,0.458,31.1,91.0,31.33,36.8,85.7,Moderate,0,1082.0,183.8,35.4,21.57,86.8,180.3,Normal Wear
NMC,45.0,676,0.624,25.2,44.3,32.38,16.4,40.8,Moderate,1,850.3,346.3,33.0,20.14,84.37,190.1,Normal Wear
NMC,45.0,1399,0.086,44.9,85.7,42.92,39.8,85.9,Aggressive,2,951.3,383.5,34.7,29.78,68.65,109.0,Replacement Required
LFP,64.0,1057,0.496,34.3,81.8,41.84,17.1,119.2,Moderate,2,205.4,94.8,34.5,25.59,80.72,204.3,Normal Wear
NMC,45.0,1318,0.106,24.6,79.6,43.34,20.0,121.8,Aggressive,2,437.0,190.5,36.0,32.99,80.16,107.9,Normal Wear
LFP,75.0,90,0.265,31.6,59.5,19.73,1.4,97.8,Moderate,2,336.7,356.5,35.1,28.35,95.92,255.3,Healthy
LFP,45.0,846,0.503,30.3,83.1,32.1,35.6,94.4,Moderate,0,858.1,282.5,36.9,22.94,85.64,170.5,Normal Wear
LFP,82.0,1238,0.696,28.7,66.6,43.23,32.9,118.8,Eco,0,27.3,308.8,34.3,23.91,80.23,275.5,Normal Wear
LFP,58.0,884,0.499,30.1,79.3,35.66,7.5,54.1,Eco,2,743.1,265.8,37.4,20.01,85.33,250.9,Normal Wear
NMC,82.0,947,0.799,22.1,70.4,37.85,21.8,40.1,Aggressive,2,1041.7,98.8,30.4,24.13,77.55,267.8,Degradation Warning
NMC,64.0,125,0.698,24.4,48.7,20.94,7.8,54.0,Moderate,0,52.5,367.8,34.0,19.45,94.37,310.8,Healthy
NMC,45.0,789,0.175,37.0,43.6,31.52,14.1,119.9,Moderate,1,348.8,153.4,36.1,27.07,82.98,143.1,Normal Wear
NMC,45.0,912,0.361,28.2,60.1,35.56,34.4,46.2,Aggressive,1,249.5,106.1,34.6,20.67,80.92,172.4,Normal Wear
NMC,75.0,215,0.585,22.8,91.3,26.06,11.6,47.5,Moderate,0,1197.7,188.8,30.7,22.17,90.09,304.7,Healthy
LFP,100.0,164,0.801,26.2,69.1,22.28,33.7,44.3,Aggressive,2,1182.7,330.9,32.0,28.69,95.14,327.9,Healthy
LFP,45.0,1393,0.84,23.8,84.1,48.92,39.9,73.5,Eco,2,149.2,378.0,32.9,18.19,75.12,184.7,Degradation Warning
NMC,82.0,490,0.661,32.4,71.7,30.52,11.6,104.6,Aggressive,2,233.7,297.7,32.4,31.49,85.45,227.9,Normal Wear
NMC,64.0,235,0.509,23.6,92.7,21.56,35.6,63.2,Aggressive,1,27.6,195.3,35.0,21.19,91.61,273.0,Healthy
NMC,58.0,1136,0.655,27.3,60.3,44.07,5.8,35.0,Aggressive,2,679.5,324.9,32.1,29.44,77.23,149.5,Degradation Warning
NMC,45.0,279,0.269,23.0,43.1,22.47,-9.9,99.0,Moderate,1,823.0,338.3,37.6,31.62,91.62,136.4,Healthy
LFP,58.0,953,0.277,40.2,82.9,32.73,-5.6,86.0,Eco,2,785.4,393.1,33.1,26.91,82.07,175.0,Normal Wear
NMC,45.0,594,0.573,30.8,78.8,31.79,28.3,72.9,Eco,2,312.0,111.5,32.4,14.35,84.4,270.4,Normal Wear
NMC,64.0,304,0.747,30.5,69.0,23.62,-4.8,121.4,Eco,2,244.0,119.1,37.5,30.93,89.8,184.8,Healthy
NMC,100.0,503,0.826,31.2,58.0,31.76,38.8,72.0,Moderate,1,66.9,222.7,34.7,19.16,84.35,442.6,Normal Wear
NMC,82.0,391,0.323,24.6,50.4,25.93,35.1,98.3,Moderate,2,759.2,189.2,32.7,24.68,89.67,295.0,Healthy
NMC,64.0,89,0.687,36.1,66.5,19.66,16.8,40.9,Moderate,0,294.6,340.3,36.4,17.94,93.12,333.0,Healthy
NMC,58.0,398,0.731,26.6,76.6,26.88,20.2,66.7,Moderate,0,106.5,275.9,32.7,16.85,87.18,291.8,Normal Wear
NMC,45.0,1322,0.549,37.6,71.8,45.55,26.1,46.2,Eco,1,425.4,103.6,36.1,14.16,70.08,222.7,Replacement Required
NMC,58.0,321,0.328,25.1,64.1,22.72,28.0,59.8,Eco,2,178.2,257.1,34.0,14.74,89.53,349.4,Healthy
NMC,82.0,274,0.545,31.3,69.7,25.84,15.5,73.0,Eco,0,607.5,169.9,30.1,17.03,89.49,427.0,Healthy
LFP,64.0,963,0.518,28.0,45.9,38.46,6.3,42.4,Eco,2,178.9,212.6,33.8,18.68,85.75,293.3,Normal Wear
NMC,58.0,711,0.535,28.6,78.3,30.64,37.3,105.3,Moderate,2,1186.3,98.5,40.0,27.01,82.54,170.3,Normal Wear
NMC,58.0,1307,0.545,17.0,80.4,44.2,-7.6,62.6,Eco,1,402.7,82.3,39.3,21.12,75.49,207.2,Degradation Warning
NMC,82.0,853,0.728,21.1,40.6,37.05,8.5,114.7,Eco,0,569.9,407.8,37.0,26.1,80.43,257.0,Normal Wear
LFP,45.0,736,0.186,36.1,54.9,29.9,24.7,92.5,Moderate,1,716.0,329.6,39.2,21.16,88.39,184.5,Healthy
NMC,58.0,443,0.344,19.3,45.1,27.23,36.3,42.7,Aggressive,0,1020.8,298.6,35.1,25.78,89.84,200.6,Healthy
LFP,82.0,232,0.519,32.4,94.9,23.49,-6.1,89.2,Eco,1,1137.6,306.7,36.2,26.41,94.37,291.8,Healthy
NMC,45.0,119,0.277,42.6,72.6,19.9,24.3,27.3,Aggressive,1,440.4,293.2,34.8,21.35,93.49,200.8,Healthy
NMC,100.0,1155,0.833,30.3,65.6,42.72,15.3,105.7,Aggressive,1,508.2,202.7,32.8,30.49,72.2,237.6,Replacement Required
NMC,45.0,327,0.261,39.8,65.5,21.88,25.7,122.4,Moderate,1,181.2,244.2,32.6,27.17,89.83,147.2,Healthy
NMC,100.0,697,0.426,31.2,93.1,32.96,6.5,92.8,Eco,1,227.6,393.8,36.8,21.65,82.86,380.9,Normal Wear
LFP,64.0,494,0.752,28.6,76.3,31.5,27.0,117.6,Eco,1,866.7,199.8,31.2,24.97,89.21,229.3,Healthy
NMC,82.0,131,0.114,29.2,49.3,19.54,-0.6,54.5,Aggressive,0,522.3,136.9,33.7,26.52,95.28,296.6,Healthy
NMC,45.0,1130,0.707,25.9,64.6,42.91,30.3,67.4,Moderate,1,1010.7,89.0,37.2,18.54,75.02,183.9,Degradation Warning
NMC,100.0,202,0.507,25.8,82.6,22.16,29.0,67.5,Moderate,1,635.0,161.2,39.4,18.53,92.67,503.4,Healthy
NMC,100.0,616,0.075,23.8,63.3,26.92,39.2,36.2,Aggressive,1,339.2,115.9,37.5,23.67,87.07,371.2,Normal Wear
NMC,64.0,184,0.772,29.5,57.0,24.2,-1.0,104.6,Moderate,0,815.2,297.8,32.8,29.08,92.78,202.0,Healthy
NMC,75.0,834,0.081,40.2,94.5,31.42,27.5,74.5,Moderate,0,567.3,152.8,35.3,17.53,80.4,350.3,Normal Wear
LFP,82.0,109,0.462,35.5,91.5,21.16,6.8,74.0,Moderate,2,1068.3,186.3,33.2,24.43,96.51,329.2,Healthy
NMC,75.0,474,0.089,28.2,91.8,25.34,4.7,91.8,Eco,1,446.2,103.5,34.9,20.44,88.36,329.4,Healthy
NMC,45.0,257,0.107,30.7,47.2,19.01,10.9,42.1,Moderate,2,305.6,222.4,37.6,19.32,91.44,221.1,Healthy
LFP,82.0,553,0.76,26.5,52.9,30.69,4.8,106.0,Moderate,2,527.3,404.2,32.2,30.69,88.59,239.6,Healthy
NMC,64.0,746,0.663,35.5,64.3,32.4,2.9,61.6,Aggressive,1,1018.9,223.6,34.4,29.44,79.28,178.1,Degradation Warning
LFP,45.0,77,0.208,17.2,85.8,16.12,30.0,33.0,Moderate,1,989.3,332.9,29.0,21.17,96.68,202.2,Healthy
NMC,82.0,561,0.546,38.6,80.5,26.84,26.4,44.0,Eco,0,1072.2,269.5,33.9,18.0,82.46,377.6,Normal Wear
LFP,82.0,1041,0.686,23.7,86.7,38.32,-4.3,50.3,Eco,1,1019.6,181.2,35.2,23.17,82.26,289.7,Normal Wear
NMC,75.0,637,0.762,24.7,90.6,30.88,19.1,42.8,Moderate,2,396.2,399.5,32.7,19.06,84.16,331.1,Normal Wear
LFP,45.0,421,0.425,19.7,82.9,27.49,7.2,49.2,Moderate,2,710.7,251.4,30.3,23.24,92.05,182.4,Healthy
LFP,64.0,1025,0.768,27.9,54.4,40.8,40.5,124.6,Moderate,1,953.6,340.2,33.2,34.21,82.61,145.7,Normal Wear
NMC,64.0,861,0.456,22.9,55.7,37.36,12.1,78.8,Eco,1,1006.9,112.9,31.5,18.73,82.5,281.6,Normal Wear
LFP,45.0,858,0.601,34.0,59.4,35.53,-7.9,85.3,Eco,2,482.1,149.3,40.0,24.65,82.71,148.4,Normal Wear
NMC,45.0,538,0.833,31.1,56.7,29.21,7.2,41.6,Aggressive,0,616.3,228.6,34.5,24.51,84.54,156.8,Normal Wear
NMC,100.0,216,0.239,22.8,53.7,20.74,6.3,29.4,Moderate,1,348.8,339.3,37.5,22.19,91.36,405.6,Healthy
NMC,58.0,65,0.185,21.7,81.4,16.9,-9.7,56.0,Moderate,1,837.4,355.5,32.3,28.57,96.39,191.9,Healthy
NMC,75.0,549,0.324,23.1,41.9,28.43,15.4,102.0,Moderate,0,806.2,412.2,32.6,25.83,87.78,255.4,Normal Wear
NMC,45.0,1019,0.182,21.3,80.1,34.76,37.1,80.9,Moderate,2,708.5,402.8,31.7,22.75,82.44,157.8,Normal Wear
NMC,45.0,795,0.277,25.3,85.3,32.62,31.7,26.1,Eco,0,752.8,218.0,35.6,16.4,84.04,235.2,Normal Wear
NMC,58.0,93,0.644,22.0,43.6,22.34,25.6,103.9,Moderate,0,1078.4,256.2,32.9,25.21,94.14,214.2,Healthy
LFP,58.0,354,0.432,34.0,43.4,26.31,7.9,35.4,Eco,1,984.1,78.9,35.2,18.7,91.39,282.3,Healthy
LFP,82.0,652,0.35,24.0,55.7,31.57,2.1,69.0,Eco,1,149.8,241.2,34.9,19.15,90.37,394.9,Healthy
NMC,64.0,707,0.345,30.5,51.5,31.87,7.8,124.9,Moderate,1,771.3,82.9,36.1,32.0,84.44,162.9,Normal Wear
NMC,75.0,594,0.206,30.5,72.0,29.24,-3.6,37.1,Moderate,0,193.9,74.6,33.3,20.73,86.44,319.2,Normal Wear
NMC,82.0,315,0.408,15.9,77.1,23.7,-4.8,106.5,Moderate,1,178.1,264.7,34.0,30.12,89.86,246.5,Healthy
NMC,45.0,1127,0.55,31.3,74.9,41.34,19.9,104.9,Moderate,1,539.1,384.2,40.0,23.84,74.84,142.6,Replacement Required
NMC,58.0,1058,0.161,16.8,59.7,36.97,32.3,69.5,Moderate,2,582.7,407.7,31.9,20.76,81.69,226.7,Normal Wear
NMC,100.0,1177,0.828,22.0,67.4,42.85,-4.8,123.8,Aggressive,2,124.9,326.9,35.1,36.0,72.77,206.9,Replacement Required
NMC,64.0,497,0.405,31.0,75.2,27.68,7.4,55.8,Aggressive,2,614.2,331.6,35.2,27.95,86.96,198.8,Normal Wear
LFP,82.0,652,0.808,27.7,46.6,34.93,-3.6,56.6,Eco,2,211.8,224.7,33.8,22.62,84.95,311.5,Normal Wear
NMC,100.0,338,0.158,25.0,52.6,23.04,6.1,40.2,Eco,2,660.8,268.3,31.2,21.6,90.28,419.1,Healthy
NMC,64.0,498,0.664,16.3,89.0,29.52,33.2,62.0,Moderate,2,998.5,274.4,32.7,21.49,87.22,252.6,Normal Wear
NMC,100.0,387,0.544,32.8,58.8,26.94,-8.2,54.6,Moderate,1,103.1,94.5,33.7,24.3,87.74,364.4,Normal Wear
NMC,58.0,386,0.706,29.6,84.1,27.34,23.7,85.4,Moderate,1,479.1,86.0,33.9,17.79,87.07,289.3,Normal Wear
NMC,82.0,1331,0.531,21.9,53.8,44.54,-6.9,29.1,Eco,2,280.4,120.9,32.5,23.54,76.95,265.2,Degradation Warning
NMC,82.0,397,0.82,21.2,42.3,28.8,12.2,56.0,Moderate,0,689.6,348.2,34.1,20.9,87.39,343.7,Normal Wear
NMC,64.0,482,0.552,33.2,67.5,27.07,14.7,25.5,Moderate,0,1072.2,266.4,35.5,20.61,87.25,274.2,Normal Wear
NMC,100.0,32,0.678,28.8,89.1,21.12,10.9,25.6,Moderate,1,236.7,276.9,31.6,20.55,96.98,475.4,Healthy
LFP,58.0,555,0.752,18.8,85.1,32.12,23.1,107.0,Eco,2,811.6,192.2,34.6,21.41,88.78,234.8,Healthy
LFP,45.0,1211,0.622,22.6,53.9,42.89,40.6,100.0,Moderate,2,111.7,374.0,34.8,24.51,82.97,155.6,Normal Wear
NMC,82.0,289,0.469,38.7,90.0,22.8,3.9,99.4,Moderate,2,655.0,407.2,34.5,29.44,89.27,246.3,Healthy
NMC,45.0,1113,0.268,33.0,66.4,41.43,21.7,60.4,Moderate,1,811.3,144.8,37.7,17.73,77.84,196.1,Degradation Warning
NMC,58.0,1361,0.734,27.0,42.7,45.78,8.5,94.9,Moderate,1,805.1,180.2,37.8,24.14,73.42,181.0,Replacement Required
NMC,82.0,395,0.434,27.1,41.5,25.15,42.0,50.7,Moderate,2,885.9,184.8,36.2,22.81,88.4,324.4,Healthy
NMC,82.0,1132,0.547,13.9,66.7,38.51,39.5,55.9,Aggressive,2,500.8,407.0,37.1,27.24,78.23,236.1,Degradation Warning
NMC,100.0,276,0.113,34.8,70.0,22.85,-5.1,81.2,Moderate,1,912.0,251.2,36.2,27.61,90.51,329.9,Healthy
NMC,45.0,236,0.448,24.3,44.4,20.68,40.6,95.0,Moderate,2,567.5,268.6,36.0,24.17,90.79,172.3,Healthy
NMC,100.0,469,0.609,22.1,90.7,28.62,28.4,51.6,Moderate,0,387.5,198.9,32.4,18.25,86.52,473.6,Normal Wear
NMC,75.0,913,0.517,31.5,79.5,36.73,41.6,92.9,Aggressive,2,386.3,384.8,34.8,30.29,78.65,200.0,Degradation Warning
LFP,45.0,1184,0.409,23.2,84.1,41.04,30.1,121.2,Moderate,2,210.8,136.8,38.4,26.27,81.3,142.0,Normal Wear
LFP,45.0,1204,0.229,16.1,72.1,39.8,-3.3,74.4,Eco,0,864.7,230.0,34.1,20.56,85.15,182.5,Normal Wear
LFP,75.0,51,0.298,29.5,76.5,18.34,29.0,65.7,Moderate,1,189.2,148.9,34.6,16.47,96.88,442.6,Healthy
NMC,58.0,1195,0.61,17.9,61.3,44.65,27.8,48.2,Moderate,2,763.5,274.8,37.7,18.73,75.68,235.4,Degradation Warning
LFP,58.0,1303,0.229,26.6,77.4,42.13,-1.3,60.6,Eco,1,798.4,261.7,34.8,21.77,83.4,218.9,Normal Wear
NMC,82.0,1322,0.547,28.9,93.8,42.74,29.2,77.9,Eco,0,344.0,115.9,34.7,15.0,73.9,408.6,Replacement Required
LFP,64.0,1328,0.522,25.3,75.6,42.52,25.1,119.4,Eco,2,586.4,360.7,35.0,24.98,80.51,200.8,Normal Wear
NMC,100.0,629,0.826,25.4,58.8,32.31,41.7,51.1,Eco,1,805.1,112.9,34.1,19.1,82.07,432.4,Normal Wear
LFP,64.0,936,0.099,36.3,55.7,33.76,22.2,48.1,Eco,1,0.2,131.8,35.7,13.36,86.63,423.1,Normal Wear
NMC,82.0,561,0.136,36.4,93.0,26.83,11.6,121.1,Aggressive,1,329.7,164.7,33.8,35.62,85.57,194.4,Normal Wear
LFP,64.0,167,0.455,21.5,50.2,21.41,39.6,85.6,Eco,2,455.6,354.7,33.5,20.21,94.98,302.7,Healthy
LFP,45.0,675,0.472,23.4,84.3,30.75,22.6,98.5,Eco,2,1117.0,141.2,36.6,19.87,87.54,199.6,Normal Wear
NMC,45.0,86,0.082,23.8,65.6,20.52,8.1,108.0,Aggressive,1,557.1,146.7,32.8,32.32,95.58,134.4,Healthy
NMC,75.0,589,0.711,26.8,64.4,31.5,-8.9,33.2,Moderate,2,608.4,298.2,38.7,29.35,83.45,222.8,Normal Wear
LFP,75.0,1322,0.446,26.5,81.1,45.2,29.3,73.5,Moderate,0,796.9,360.4,31.0,20.73,82.23,295.1,Normal Wear
NMC,82.0,767,0.327,37.3,48.1,32.12,-3.8,39.0,Moderate,2,541.8,314.7,29.7,28.3,82.15,232.9,Normal Wear
LFP,82.0,462,0.305,25.9,65.6,25.89,38.0,87.4,Eco,0,518.9,258.1,34.0,18.94,91.44,398.9,Healthy
NMC,82.0,916,0.739,20.8,42.0,37.04,40.0,120.4,Aggressive,2,1169.3,297.5,35.7,36.0,79.03,176.9,Degradation Warning
NMC,45.0,418,0.207,23.5,76.9,24.69,2.3,30.6,Aggressive,0,974.8,261.5,31.3,28.36,88.58,138.6,Healthy
NMC,64.0,1171,0.178,29.2,43.2,37.66,-4.1,52.4,Moderate,2,842.1,194.9,35.7,27.33,81.01,185.4,Normal Wear
NMC,100.0,1380,0.221,25.5,44.8,42.0,21.0,125.0,Moderate,2,576.6,311.7,35.0,30.51,79.15,260.2,Degradation Warning
LFP,82.0,501,0.55,28.9,86.5,27.58,1.1,25.5,Moderate,1,415.6,310.6,37.5,23.44,90.18,323.5,Healthy
NMC,82.0,967,0.699,25.5,64.4,37.4,18.2,39.0,Eco,0,710.3,291.4,34.8,16.88,78.53,383.2,Degradation Warning
NMC,45.0,205,0.315,31.3,51.1,20.25,11.5,33.1,Moderate,1,535.5,292.3,34.6,19.86,91.8,206.9,Healthy
NMC,100.0,188,0.189,26.5,72.6,19.49,31.2,101.4,Moderate,0,559.9,152.7,36.0,23.01,92.65,401.3,Healthy
NMC,45.0,1303,0.217,19.7,68.6,42.02,42.0,100.1,Eco,1,265.9,394.5,35.8,21.79,79.01,162.2,Degradation Warning
LFP,100.0,526,0.545,24.9,62.6,29.77,13.8,102.8,Moderate,1,949.5,417.3,34.6,27.42,89.38,324.2,Healthy
LFP,45.0,540,0.247,40.3,89.8,28.21,25.6,102.5,Moderate,1,949.3,264.5,31.7,24.4,88.96,166.8,Healthy
NMC,64.0,180,0.752,34.4,81.2,23.08,7.8,108.5,Moderate,1,361.1,148.3,35.8,26.06,91.88,226.9,Healthy
LFP,82.0,1332,0.133,20.0,48.3,44.82,34.9,102.3,Eco,0,346.9,181.0,37.6,20.16,85.07,344.7,Normal Wear
LFP,58.0,359,0.076,37.7,71.4,22.08,-8.1,73.4,Aggressive,0,333.7,328.9,31.2,29.31,92.04,181.0,Healthy
NMC,58.0,1149,0.121,27.8,44.9,39.7,15.7,99.5,Moderate,1,195.2,165.2,32.4,21.22,82.04,222.3,Normal Wear
LFP,82.0,723,0.727,24.1,53.5,34.43,-0.8,84.8,Moderate,1,1029.9,283.0,33.2,27.39,87.36,259.1,Normal Wear
NMC,82.0,1196,0.571,25.3,90.0,42.09,-0.8,61.7,Moderate,0,318.7,106.0,36.8,20.61,75.55,295.6,Degradation Warning
NMC,82.0,842,0.816,27.3,65.4,36.58,17.7,108.7,Eco,1,838.4,408.7,35.6,23.66,79.76,275.0,Degradation Warning
LFP,82.0,804,0.319,33.5,89.1,32.46,6.0,103.8,Moderate,2,119.6,364.4,32.2,27.94,85.61,246.7,Normal Wear
NMC,100.0,1192,0.22,28.1,49.1,41.07,13.9,42.3,Moderate,1,882.5,357.6,35.2,21.84,81.24,368.8,Normal Wear
LFP,64.0,1231,0.5,29.0,51.3,44.12,5.9,27.4,Aggressive,2,176.8,341.7,33.4,27.25,82.99,199.0,Normal Wear
LFP,58.0,150,0.48,34.3,59.4,20.93,13.7,56.6,Moderate,0,190.6,70.1,33.9,16.44,94.51,333.9,Healthy
NMC,75.0,535,0.523,24.6,60.1,26.6,4.9,65.4,Moderate,1,997.8,93.9,33.1,23.0,85.84,280.9,Normal Wear
LFP,58.0,1306,0.328,28.8,81.0,43.74,31.8,42.4,Moderate,2,349.1,276.2,32.9,18.71,82.26,252.2,Normal Wear
NMC,58.0,555,0.055,29.6,73.0,26.21,19.0,110.5,Moderate,1,206.9,339.0,31.1,24.84,88.35,206.2,Healthy
NMC,45.0,760,0.078,27.8,70.4,29.4,-1.6,28.4,Aggressive,2,644.3,334.4,36.4,32.01,85.23,119.7,Normal Wear
NMC,82.0,800,0.581,30.0,73.1,34.58,-9.6,73.4,Moderate,2,89.8,255.2,40.0,27.63,79.36,237.6,Degradation Warning
LFP,82.0,1338,0.469,22.9,80.3,44.15,-9.1,30.5,Eco,0,852.5,252.3,34.7,22.34,81.46,299.7,Normal Wear
NMC,82.0,1318,0.707,32.9,89.1,44.29,11.9,78.7,Eco,0,1009.6,100.6,35.9,17.99,69.04,314.6,Replacement Required
NMC,45.0,607,0.29,23.7,62.8,28.62,6.3,71.4,Aggressive,2,298.1,395.0,35.7,27.21,86.11,139.4,Normal Wear
LFP,64.0,1351,0.702,29.7,84.2,47.93,3.6,103.0,Aggressive,1,837.6,179.5,36.1,33.88,76.54,142.0,Degradation Warning
LFP,64.0,745,0.39,28.3,67.2,32.41,22.4,94.0,Moderate,2,64.6,143.5,32.5,18.72,86.57,293.5,Normal Wear
LFP,75.0,962,0.127,22.9,79.7,35.04,32.3,109.4,Moderate,1,573.6,278.8,34.3,26.09,87.03,246.5,Normal Wear
NMC,64.0,1016,0.832,36.7,88.1,40.85,-6.7,79.4,Moderate,0,1142.3,78.3,34.0,24.76,72.65,189.2,Replacement Required
NMC,64.0,395,0.46,37.3,41.8,25.94,-4.3,107.2,Moderate,1,645.7,406.4,36.6,32.23,87.44,173.7,Normal Wear
NMC,82.0,1201,0.554,21.5,70.1,42.0,9.2,96.9,Aggressive,1,492.9,198.0,35.2,29.13,76.93,215.4,Degradation Warning
LFP,100.0,223,0.587,31.8,94.4,23.21,13.0,103.0,Aggressive,2,7.0,173.4,37.4,28.17,94.69,336.6,Healthy
NMC,58.0,1008,0.34,26.3,67.3,37.3,10.6,85.1,Moderate,2,307.1,123.1,35.7,20.13,79.74,226.3,Degradation Warning
NMC,64.0,680,0.648,23.0,87.5,29.91,23.2,97.0,Aggressive,1,514.2,247.9,37.9,25.9,82.54,200.5,Normal Wear
LFP,64.0,94,0.746,29.2,50.2,21.99,-5.5,65.2,Eco,0,452.9,206.3,37.0,19.75,96.29,308.6,Healthy
NMC,45.0,760,0.36,32.0,73.2,32.41,15.7,33.5,Moderate,1,526.7,177.3,34.8,17.69,83.49,214.5,Normal Wear
LFP,75.0,323,0.576,28.0,87.9,25.56,32.2,66.7,Eco,0,28.4,116.4,31.2,14.74,91.58,469.1,Healthy
LFP,100.0,1105,0.656,24.8,63.7,41.01,38.3,42.3,Aggressive,1,637.5,183.9,36.4,25.27,82.17,324.2,Normal Wear
LFP,45.0,589,0.202,35.0,66.8,27.57,19.1,87.9,Aggressive,1,301.6,357.0,37.7,23.21,90.01,178.8,Healthy
NMC,82.0,805,0.316,35.2,44.5,31.85,-2.8,51.3,Moderate,0,480.7,348.1,35.1,23.31,82.23,290.3,Normal Wear
NMC,58.0,1151,0.137,22.9,42.3,39.04,27.8,120.8,Moderate,0,1063.7,270.5,34.7,29.8,82.42,158.9,Normal Wear
LFP,75.0,1230,0.532,27.5,65.8,42.98,31.4,52.1,Moderate,1,993.7,333.4,34.5,21.12,81.27,289.5,Normal Wear
LFP,45.0,1006,0.691,17.5,86.4,40.88,0.2,34.8,Moderate,1,477.6,284.4,34.6,23.09,83.0,165.4,Normal Wear
LFP,64.0,248,0.539,32.0,91.2,22.61,25.2,113.1,Moderate,2,64.9,110.4,34.9,22.92,92.07,259.6,Healthy
NMC,64.0,1091,0.194,35.0,76.2,39.27,38.4,66.4,Moderate,0,1066.7,394.0,37.5,22.41,78.28,221.0,Degradation Warning
LFP,75.0,287,0.487,29.3,85.5,24.62,27.4,60.6,Eco,2,478.8,245.1,34.0,15.88,91.78,433.1,Healthy
LFP,64.0,746,0.718,20.8,80.4,33.3,11.6,113.5,Eco,2,575.5,329.2,36.3,25.42,86.9,217.5,Normal Wear
LFP,45.0,821,0.292,36.7,78.6,31.51,13.0,90.3,Aggressive,1,102.8,376.3,36.2,24.95,84.02,146.0,Normal Wear
LFP,45.0,273,0.716,39.2,82.3,25.97,-5.9,78.2,Aggressive,2,831.0,377.8,35.4,35.49,91.23,112.0,Healthy
LFP,64.0,976,0.678,24.4,67.8,39.14,17.4,57.7,Aggressive,1,854.5,396.6,38.1,24.67,84.37,221.5,Normal Wear
NMC,64.0,889,0.067,29.7,65.2,34.17,31.7,54.2,Aggressive,0,490.4,296.6,31.8,23.44,84.25,230.2,Normal Wear
NMC,82.0,106,0.242,31.9,48.8,18.75,40.9,83.0,Moderate,0,1066.7,291.6,31.6,23.85,94.32,323.7,Healthy
NMC,58.0,1224,0.484,31.7,86.4,41.16,10.8,75.1,Aggressive,1,58.4,153.9,33.1,21.95,74.39,197.3,Replacement Required
NMC,75.0,1068,0.624,27.3,42.5,40.32,12.6,52.6,Eco,2,369.0,180.0,33.8,17.05,78.33,345.3,Degradation Warning
NMC,45.0,241,0.754,37.8,54.7,25.13,-7.2,43.4,Aggressive,1,248.2,281.2,36.2,29.84,90.35,138.4,Healthy
NMC,75.0,1009,0.563,17.6,68.6,35.89,30.3,106.8,Aggressive,1,837.5,157.7,34.2,30.55,78.67,196.4,Degradation Warning
NMC,82.0,416,0.354,17.7,93.4,26.02,27.3,93.8,Moderate,1,245.6,195.6,33.6,19.83,88.27,363.0,Healthy
NMC,45.0,957,0.198,26.9,83.2,36.32,11.0,124.3,Moderate,1,843.3,128.2,38.5,31.02,82.81,121.5,Normal Wear
NMC,82.0,530,0.658,37.5,60.3,30.67,26.9,76.6,Eco,2,955.9,332.7,34.4,18.02,83.41,377.6,Normal Wear
LFP,82.0,580,0.215,34.0,79.3,28.44,22.4,124.4,Aggressive,1,939.9,290.9,35.7,36.0,88.46,196.4,Healthy
LFP,100.0,865,0.606,18.0,91.2,35.43,30.0,71.1,Moderate,0,33.7,323.3,34.6,17.76,84.43,477.9,Normal Wear
NMC,64.0,459,0.195,44.1,69.6,25.27,6.3,78.5,Moderate,1,1116.6,225.6,39.4,23.57,85.65,230.5,Normal Wear
LFP,100.0,1218,0.123,30.3,65.4,38.32,23.8,45.9,Moderate,2,857.6,327.5,36.0,20.27,85.46,420.5,Normal Wear
NMC,75.0,330,0.251,20.1,70.4,24.37,22.5,40.0,Aggressive,1,975.3,233.0,36.6,23.81,90.62,283.0,Healthy
NMC,75.0,1317,0.278,26.4,57.1,43.96,-5.3,119.0,Eco,1,774.9,256.5,33.8,31.51,77.52,184.1,Degradation Warning
NMC,64.0,54,0.568,32.8,89.9,19.09,4.6,123.1,Eco,2,634.9,114.5,38.9,29.32,96.53,206.9,Healthy
NMC,100.0,236,0.179,34.5,83.9,21.51,34.7,79.8,Eco,1,773.6,82.8,36.6,17.68,91.41,519.8,Healthy
LFP,75.0,740,0.794,26.6,78.8,35.31,-1.9,52.2,Moderate,2,432.2,330.8,32.7,26.58,84.86,242.1,Normal Wear
LFP,100.0,1035,0.493,30.1,72.4,37.34,9.7,120.1,Moderate,0,549.4,381.7,35.4,31.17,83.8,270.2,Normal Wear
NMC,64.0,538,0.443,26.3,93.3,30.86,1.7,104.7,Moderate,1,854.9,196.3,39.1,28.96,85.62,190.7,Normal Wear
NMC,45.0,288,0.398,26.6,56.4,22.14,-2.7,43.0,Eco,1,801.2,366.4,38.6,22.55,92.16,184.7,Healthy
NMC,82.0,657,0.503,31.3,55.6,28.62,-2.9,54.8,Moderate,1,712.2,166.4,29.3,25.73,84.82,267.3,Normal Wear
NMC,82.0,494,0.068,35.6,53.3,25.77,8.1,25.4,Moderate,2,59.1,326.2,34.4,21.14,88.15,340.6,Healthy
NMC,100.0,1368,0.842,20.2,80.8,47.82,31.8,83.2,Aggressive,1,345.4,273.7,34.6,24.18,69.68,292.0,Replacement Required
NMC,75.0,1399,0.496,25.6,83.9,45.48,40.2,77.6,Aggressive,2,724.2,81.7,34.7,25.77,74.31,210.3,Replacement Required
LFP,100.0,109,0.078,23.4,72.8,17.9,19.7,41.4,Eco,2,556.3,154.6,32.1,16.31,96.85,593.4,Healthy
LFP,100.0,1085,0.522,21.0,75.9,38.89,23.0,58.9,Eco,1,405.7,290.1,35.2,16.21,82.65,510.6,Normal Wear
NMC,58.0,1245,0.4,20.6,59.2,40.25,30.5,118.9,Moderate,1,860.4,142.7,33.4,28.38,78.5,158.2,Degradation Warning
LFP,82.0,1001,0.069,27.1,42.2,36.61,24.4,89.9,Eco,2,464.4,276.5,38.2,17.72,89.04,413.1,Healthy
NMC,64.0,307,0.79,20.6,53.9,26.24,34.1,111.3,Moderate,1,1090.1,317.4,34.2,28.89,87.79,191.9,Normal Wear
NMC,100.0,500,0.058,20.4,72.1,24.9,36.0,108.8,Eco,1,638.0,191.3,30.5,24.22,89.78,369.0,Healthy
NMC,58.0,656,0.512,25.9,84.7,33.29,22.6,117.1,Moderate,1,580.2,312.0,37.8,27.18,85.08,184.1,Normal Wear
NMC,58.0,520,0.819,21.1,82.7,29.96,17.7,29.2,Moderate,1,404.6,295.0,32.3,18.19,84.75,270.2,Normal Wear
LFP,82.0,71,0.24,30.1,49.9,18.57,10.3,51.2,Moderate,1,161.1,415.6,37.2,20.45,97.66,391.1,Healthy
NMC,82.0,122,0.253,24.1,42.8,17.78,14.0,66.6,Moderate,1,11.5,285.1,31.3,18.55,94.86,422.1,Healthy
NMC,82.0,718,0.05,19.8,86.8,27.01,8.0,89.0,Eco,1,812.3,166.4,31.8,21.19,85.68,330.9,Normal Wear
NMC,64.0,1248,0.103,41.0,44.2,41.32,12.2,85.8,Aggressive,1,78.5,156.5,30.6,23.71,76.66,210.8,Degradation Warning
NMC,58.0,1057,0.086,14.2,61.6,37.36,36.8,49.6,Eco,2,390.0,300.9,35.2,17.6,82.45,275.1,Normal Wear
LFP,75.0,489,0.708,32.1,45.2,31.33,40.6,44.3,Eco,2,1050.8,106.2,38.8,19.64,89.04,339.3,Healthy
NMC,64.0,1347,0.719,29.1,71.0,44.91,8.8,68.7,Moderate,1,573.7,149.2,30.8,20.9,70.92,215.6,Replacement Required
NMC,45.0,446,0.631,24.1,60.0,25.7,1.5,50.1,Aggressive,1,1060.0,73.1,32.7,28.8,87.87,139.0,Normal Wear
NMC,100.0,129,0.332,21.6,51.1,18.84,-5.9,121.5,Eco,1,73.8,249.0,38.0,30.42,94.82,315.5,Healthy
NMC,82.0,534,0.707,37.4,72.7,30.59,33.5,121.5,Moderate,1,1012.1,345.0,38.7,31.99,83.72,213.6,Normal Wear
NMC,58.0,87,0.482,39.7,60.0,17.0,35.3,36.3,Moderate,1,1117.8,248.7,35.6,21.36,94.01,261.2,Healthy
LFP,100.0,1289,0.293,25.2,49.2,42.64,13.4,95.5,Eco,2,1096.3,169.9,33.5,22.17,84.66,383.3,Normal Wear
NMC,64.0,408,0.4,24.4,78.5,25.0,18.2,47.8,Aggressive,0,403.8,363.3,36.1,22.22,88.89,255.7,Healthy
LFP,45.0,327,0.103,33.8,86.0,21.68,28.5,96.7,Moderate,2,114.1,239.6,34.9,19.49,91.98,208.1,Healthy
LFP,64.0,1395,0.806,25.5,55.1,46.68,9.5,101.7,Eco,1,1098.1,311.4,36.7,24.16,77.26,201.4,Degradation Warning
LFP,64.0,1109,0.545,30.5,50.3,41.78,0.5,29.8,Eco,2,188.8,415.3,34.9,21.81,81.78,240.1,Normal Wear
NMC,75.0,479,0.635,30.3,44.1,26.48,-4.0,94.5,Eco,1,655.2,354.8,33.5,25.72,86.19,255.5,Normal Wear
NMC,100.0,366,0.591,27.2,69.0,27.01,2.2,114.7,Aggressive,2,488.9,367.7,32.3,36.0,89.2,244.7,Healthy
NMC,75.0,344,0.584,28.0,85.7,25.97,23.6,46.6,Moderate,2,1149.4,112.3,32.9,19.67,89.23,341.6,Healthy
LFP,64.0,686,0.064,29.2,53.8,28.53,8.1,36.6,Aggressive,1,499.1,259.2,35.5,25.46,90.13,222.6,Healthy
NMC,45.0,1076,0.47,20.5,65.3,41.19,35.1,81.7,Moderate,0,444.4,419.0,32.5,20.57,78.08,175.4,Degradation Warning
NMC,58.0,87,0.707,22.9,48.8,18.72,-5.4,76.7,Eco,1,704.2,183.3,37.3,22.17,95.02,243.2,Healthy
NMC,58.0,206,0.086,28.4,62.2,20.83,11.7,113.6,Moderate,2,633.3,84.6,32.5,27.7,93.18,191.1,Healthy
NMC,100.0,211,0.815,24.3,40.8,22.79,3.4,70.1,Moderate,2,542.6,81.9,34.4,23.35,91.7,394.2,Healthy
NMC,82.0,1256,0.389,43.7,90.1,41.91,36.2,66.4,Eco,2,603.1,412.5,28.5,20.25,68.46,277.4,Replacement Required
NMC,82.0,447,0.282,27.8,77.2,26.01,31.9,96.4,Eco,1,118.1,222.0,34.9,18.27,88.3,398.9,Healthy
LFP,58.0,1394,0.475,16.6,58.3,46.99,41.2,32.7,Moderate,1,1121.9,169.7,36.1,22.1,82.03,211.8,Normal Wear
NMC,64.0,1151,0.691,12.0,88.5,41.02,-3.8,30.7,Moderate,2,300.4,249.9,36.8,25.69,75.09,186.0,Degradation Warning
NMC,64.0,1283,0.43,31.9,50.1,43.92,30.7,75.5,Eco,1,684.2,283.6,35.4,16.92,75.31,288.0,Degradation Warning
NMC,75.0,235,0.566,27.8,44.3,22.57,-3.5,33.9,Aggressive,2,42.6,378.3,35.1,31.44,91.48,218.7,Healthy
NMC,100.0,196,0.45,35.6,91.8,20.59,-1.9,118.9,Moderate,1,354.8,224.9,35.0,33.34,91.52,270.8,Healthy
NMC,75.0,1373,0.555,23.1,57.0,43.82,-8.0,90.4,Eco,1,826.4,368.6,33.4,26.66,75.77,213.3,Degradation Warning
LFP,82.0,580,0.16,26.3,91.5,27.11,14.2,100.4,Moderate,1,548.8,161.1,35.7,23.09,91.15,324.4,Healthy
NMC,58.0,900,0.081,28.7,75.1,31.95,-3.5,47.9,Moderate,1,876.2,262.0,39.3,25.64,84.4,190.8,Normal Wear
LFP,64.0,645,0.16,26.1,93.9,27.39,8.1,74.4,Moderate,1,186.5,343.6,37.2,20.36,89.53,287.7,Healthy
NMC,58.0,626,0.279,25.6,81.4,28.61,4.4,38.4,Moderate,1,1185.7,224.9,35.9,24.06,86.55,210.0,Normal Wear
NMC,45.0,198,0.253,31.4,45.8,20.19,40.8,45.3,Eco,2,534.9,167.1,34.8,17.97,92.01,234.2,Healthy
LFP,58.0,414,0.542,22.0,86.9,25.87,24.2,81.8,Moderate,1,646.5,353.2,35.1,19.5,91.34,276.1,Healthy
NMC,45.0,1188,0.415,30.2,48.1,41.33,11.3,53.0,Eco,2,309.1,352.5,37.6,17.65,77.57,194.3,Degradation Warning
NMC,75.0,895,0.081,38.0,78.1,35.41,35.7,116.7,Moderate,2,407.0,168.8,37.2,27.9,81.3,216.6,Normal Wear
NMC,75.0,981,0.078,36.9,67.5,34.28,-6.7,124.5,Eco,1,785.5,281.7,37.4,33.43,79.52,180.9,Degradation Warning
NMC,82.0,217,0.122,16.2,78.9,19.0,7.4,25.4,Moderate,1,410.1,156.2,39.4,20.41,93.08,374.6,Healthy
LFP,58.0,988,0.332,24.1,82.1,35.63,16.8,100.9,Moderate,0,862.3,383.7,36.6,24.49,86.04,206.4,Normal Wear
NMC,58.0,1127,0.055,28.7,84.2,34.53,-7.2,36.5,Eco,2,343.0,96.3,39.3,22.87,81.01,203.3,Normal Wear
LFP,45.0,688,0.445,34.7,85.9,30.67,-2.4,82.5,Eco,1,918.6,203.8,40.0,22.46,86.52,172.7,Normal Wear
LFP,75.0,1128,0.339,28.3,86.6,41.73,36.5,47.8,Moderate,0,810.0,297.5,31.1,21.47,84.0,292.5,Normal Wear
NMC,45.0,476,0.494,34.7,62.7,27.57,-0.7,121.5,Moderate,1,254.5,371.1,35.1,33.32,85.94,115.6,Normal Wear
LFP,75.0,1296,0.627,23.0,88.9,44.19,37.9,112.6,Moderate,0,60.0,348.4,33.0,26.56,78.94,220.9,Degradation Warning
NMC,45.0,91,0.251,29.0,79.6,18.96,-5.0,84.5,Moderate,1,1116.3,309.4,34.9,28.09,95.32,152.6,Healthy
LFP,75.0,242,0.176,29.1,86.1,20.38,36.2,42.6,Moderate,1,282.2,394.1,39.7,19.99,94.45,361.1,Healthy
NMC,45.0,295,0.272,34.9,94.4,24.02,13.6,103.3,Aggressive,1,692.6,78.5,38.8,28.27,90.36,152.2,Healthy
LFP,75.0,1289,0.051,32.5,46.4,40.94,19.8,77.0,Moderate,0,357.4,412.8,35.8,18.72,85.2,345.5,Normal Wear
NMC,100.0,1384,0.146,31.1,60.4,45.23,4.6,86.2,Moderate,2,789.8,191.0,36.0,25.65,78.1,302.0,Degradation Warning
NMC,45.0,592,0.651,32.1,84.4,31.06,4.2,96.8,Moderate,2,841.5,331.9,33.5,28.28,83.87,129.5,Normal Wear
NMC,58.0,943,0.228,19.7,44.7,35.86,15.6,66.6,Moderate,0,89.2,167.7,38.1,16.15,84.21,310.3,Normal Wear
LFP,82.0,490,0.845,26.0,69.7,29.69,8.5,25.8,Moderate,2,60.0,215.1,33.6,20.34,89.4,355.5,Healthy
NMC,100.0,473,0.184,21.0,87.2,26.73,-6.0,61.4,Eco,0,1188.9,376.6,36.6,23.8,88.47,371.3,Healthy
NMC,100.0,988,0.681,23.1,41.0,40.88,8.4,66.4,Moderate,0,921.7,226.9,33.4,22.19,79.55,362.7,Degradation Warning
LFP,45.0,26,0.614,26.0,91.7,19.85,3.2,61.7,Eco,0,313.9,379.7,33.4,18.63,98.39,236.2,Healthy
LFP,82.0,207,0.308,13.5,93.8,20.77,34.2,108.1,Moderate,0,589.7,262.2,37.6,25.74,94.92,303.4,Healthy
LFP,58.0,23,0.315,26.2,57.7,18.52,33.6,58.2,Aggressive,1,1149.6,162.4,34.2,25.2,96.73,221.3,Healthy
LFP,100.0,926,0.501,22.3,82.2,35.96,-2.6,66.6,Moderate,2,652.6,240.2,35.6,27.12,84.34,308.6,Normal Wear
LFP,58.0,1168,0.732,20.7,47.0,44.45,28.0,31.2,Aggressive,2,503.2,101.1,34.1,20.46,81.39,234.3,Normal Wear
LFP,75.0,1058,0.359,27.6,82.5,37.7,13.4,96.7,Moderate,1,45.1,237.3,35.8,21.08,85.76,300.0,Normal Wear
NMC,82.0,979,0.099,24.7,66.5,35.09,35.2,46.5,Moderate,2,701.7,345.7,35.1,21.44,83.75,318.6,Normal Wear
NMC,64.0,544,0.35,29.0,87.3,29.02,4.2,48.5,Moderate,2,1058.0,94.1,35.6,24.06,86.76,229.4,Normal Wear
LFP,75.0,649,0.216,23.1,51.7,26.82,-5.4,83.7,Eco,0,651.4,151.7,35.8,21.0,90.9,328.7,Healthy
NMC,82.0,1283,0.801,25.9,77.0,45.85,31.6,123.4,Moderate,0,938.1,217.9,38.6,30.81,72.11,190.4,Replacement Required
NMC,45.0,794,0.608,41.8,83.2,34.72,35.2,66.0,Aggressive,1,1063.2,335.2,33.6,26.53,76.07,126.5,Degradation Warning
NMC,45.0,379,0.091,30.7,51.1,22.57,33.7,57.7,Moderate,1,488.8,332.9,40.0,19.15,90.45,213.3,Healthy
LFP,58.0,537,0.284,21.9,85.0,27.06,7.1,28.6,Moderate,2,493.9,380.6,33.9,23.02,89.81,222.7,Healthy
NMC,100.0,1363,0.09,34.4,92.7,41.79,-8.4,103.7,Moderate,0,1105.7,120.9,33.3,30.88,75.72,250.3,Degradation Warning
NMC,64.0,1274,0.714,36.3,73.9,43.61,-2.7,51.1,Aggressive,2,408.7,124.5,34.6,30.32,69.92,146.0,Replacement Required
NMC,45.0,1073,0.775,30.6,83.2,40.61,37.8,101.9,Moderate,2,793.8,304.1,36.5,26.06,74.52,128.7,Replacement Required
NMC,82.0,940,0.14,22.3,69.3,33.44,8.9,53.2,Moderate,1,743.9,133.0,32.5,21.39,83.71,322.0,Normal Wear
NMC,100.0,1199,0.402,33.2,72.9,42.01,35.8,28.0,Eco,1,582.2,214.8,37.8,17.77,76.0,428.0,Degradation Warning
NMC,100.0,871,0.796,23.5,40.7,36.33,41.0,74.8,Aggressive,0,770.4,258.8,34.6,26.39,79.47,299.5,Degradation Warning
NMC,82.0,954,0.166,35.1,68.8,36.04,10.6,115.6,Eco,2,843.8,159.9,29.2,27.34,81.21,238.8,Normal Wear
LFP,100.0,920,0.284,25.6,71.7,33.97,30.4,46.1,Moderate,1,1109.8,312.0,37.5,21.56,87.8,408.7,Normal Wear
NMC,45.0,418,0.293,25.3,76.9,23.57,-1.2,40.4,Moderate,1,960.9,370.3,34.1,25.9,88.97,154.0,Healthy
LFP,82.0,1389,0.074,30.1,49.3,42.96,10.0,43.5,Eco,0,429.6,74.3,33.7,16.41,83.63,417.5,Normal Wear
LFP,82.0,1238,0.079,35.5,53.3,38.85,26.7,94.0,Eco,0,518.6,171.2,36.9,17.97,83.21,379.9,Normal Wear
NMC,58.0,187,0.812,41.2,81.6,23.45,0.8,61.7,Eco,1,1084.4,319.3,34.7,22.46,90.98,238.7,Healthy
LFP,64.0,396,0.507,27.2,49.2,25.01,6.6,50.6,Moderate,1,325.1,166.5,33.0,20.42,92.1,278.0,Healthy
NMC,58.0,1287,0.295,24.5,62.9,41.0,19.3,58.8,Aggressive,0,389.8,253.0,33.6,21.37,79.38,212.5,Degradation Warning
LFP,64.0,626,0.353,22.1,53.8,28.14,25.9,55.9,Aggressive,0,826.9,334.8,31.8,24.49,90.54,239.1,Healthy
NMC,82.0,1030,0.622,18.1,70.0,40.74,8.6,79.4,Eco,1,132.9,190.3,35.4,17.29,78.1,372.3,Degradation Warning
LFP,100.0,608,0.343,21.0,94.3,30.06,9.6,38.3,Eco,1,944.6,345.6,36.9,20.5,89.26,434.0,Healthy
NMC,64.0,1214,0.232,28.4,86.9,39.1,-4.3,75.9,Moderate,1,1138.0,355.6,39.6,27.62,77.58,178.7,Degradation Warning
NMC,82.0,1250,0.131,33.3,54.8,39.84,41.2,56.2,Eco,1,771.8,416.9,31.2,20.91,78.61,303.0,Degradation Warning
NMC,82.0,1197,0.633,21.6,60.3,44.52,21.8,118.3,Aggressive,0,86.7,221.3,35.6,31.31,76.01,199.9,Degradation Warning
LFP,58.0,67,0.194,31.7,90.5,17.47,17.6,67.2,Aggressive,1,286.2,236.5,34.0,20.86,97.94,279.0,Healthy
LFP,58.0,1044,0.106,21.8,89.4,36.1,1.0,35.0,Moderate,0,117.0,344.0,36.1,20.69,87.42,245.1,Normal Wear
NMC,100.0,1150,0.392,22.6,48.8,40.48,15.4,118.4,Moderate,2,370.9,373.8,35.2,29.16,78.85,273.4,Degradation Warning
NMC,75.0,192,0.082,20.6,85.6,19.65,13.3,118.8,Aggressive,2,1127.5,246.8,32.0,36.0,93.56,196.7,Healthy
NMC,45.0,525,0.822,35.0,56.4,30.42,3.4,42.5,Moderate,0,431.0,77.6,34.0,19.31,83.76,193.5,Normal Wear
LFP,75.0,1173,0.552,36.6,69.9,40.81,13.2,106.6,Aggressive,1,221.2,230.3,35.8,29.5,78.53,197.3,Degradation Warning
NMC,75.0,417,0.172,22.6,40.3,21.99,0.6,111.2,Aggressive,1,793.9,148.8,34.3,36.0,89.56,188.7,Healthy
LFP,100.0,313,0.188,22.1,94.9,22.36,26.9,60.6,Eco,2,1079.6,103.8,30.4,17.86,93.11,518.7,Healthy
NMC,64.0,571,0.506,30.7,81.9,27.24,37.3,41.0,Aggressive,1,41.4,188.7,34.1,21.81,84.93,253.1,Normal Wear
NMC,100.0,869,0.335,37.4,53.3,33.8,-9.9,104.8,Moderate,1,802.1,207.2,36.7,33.18,79.52,241.2,Degradation Warning
NMC,100.0,1059,0.669,36.7,77.6,39.41,18.9,27.8,Moderate,1,346.9,413.6,37.1,19.08,72.68,381.0,Replacement Required
NMC,82.0,904,0.487,24.7,56.1,35.13,28.1,86.9,Eco,2,448.9,229.3,37.4,16.93,80.84,389.7,Normal Wear
NMC,82.0,1392,0.397,25.9,44.9,45.73,37.2,59.2,Eco,0,284.7,408.7,34.8,17.58,77.54,362.0,Degradation Warning
NMC,82.0,1023,0.82,19.6,63.4,40.13,8.6,84.6,Moderate,1,1087.3,326.3,33.6,24.88,76.37,252.6,Degradation Warning
LFP,45.0,1246,0.363,24.6,73.8,42.66,37.2,103.9,Aggressive,0,1063.2,158.6,36.0,30.86,84.08,119.5,Normal Wear
NMC,64.0,153,0.37,27.6,44.9,18.13,32.9,107.9,Eco,0,725.8,315.7,34.6,22.92,95.28,266.6,Healthy
NMC,64.0,790,0.583,18.9,68.5,35.2,17.3,124.8,Moderate,0,19.3,210.9,31.6,27.86,81.71,191.9,Normal Wear
NMC,82.0,527,0.698,23.7,68.3,30.83,3.4,89.0,Moderate,1,1135.9,272.7,32.5,27.25,84.99,254.8,Normal Wear
NMC,75.0,1109,0.551,28.3,74.6,40.43,23.9,47.3,Aggressive,2,560.9,251.7,36.5,22.2,76.58,257.8,Degradation Warning
NMC,45.0,499,0.609,17.9,53.5,30.96,3.5,52.6,Moderate,1,586.7,396.1,34.4,23.26,87.34,166.2,Normal Wear
NMC,75.0,882,0.348,29.8,41.1,35.54,8.1,68.6,Aggressive,0,927.5,115.4,32.5,25.81,82.23,241.4,Normal Wear
NMC,58.0,478,0.434,33.1,57.9,27.12,14.3,109.8,Aggressive,1,736.4,225.4,33.0,32.36,86.7,152.3,Normal Wear
NMC,64.0,1385,0.208,30.4,61.9,45.66,15.9,61.7,Aggressive,0,145.7,98.4,36.0,19.42,76.88,246.7,Degradation Warning
NMC,64.0,645,0.594,24.0,75.0,31.57,-0.2,93.8,Moderate,2,126.4,159.2,30.4,26.59,83.87,200.6,Normal Wear
NMC,75.0,178,0.227,34.0,91.2,18.81,26.1,29.5,Eco,1,302.6,96.9,34.8,14.3,94.67,494.7,Healthy
NMC,45.0,180,0.051,35.3,51.2,19.88,41.6,68.0,Moderate,1,84.7,398.5,36.2,19.89,92.72,212.8,Healthy
NMC,64.0,1297,0.797,28.9,77.8,47.54,2.7,41.7,Moderate,1,999.6,180.2,37.4,23.73,70.05,191.4,Replacement Required
LFP,75.0,959,0.295,27.9,45.4,34.11,18.8,118.8,Aggressive,1,47.3,343.5,35.1,32.24,87.3,201.2,Normal Wear
NMC,100.0,174,0.207,23.3,50.5,19.17,13.6,104.1,Moderate,2,1135.2,332.0,30.3,29.04,93.2,317.5,Healthy
LFP,100.0,505,0.265,24.6,68.0,26.08,6.0,38.9,Moderate,1,133.3,119.1,36.4,19.97,91.89,455.5,Healthy
NMC,45.0,451,0.314,33.4,79.0,24.38,11.8,65.2,Eco,2,1029.2,119.4,36.0,18.27,87.29,215.0,Normal Wear
LFP,75.0,1070,0.43,38.1,87.2,38.64,28.1,33.1,Moderate,2,284.7,202.3,38.6,16.92,80.25,354.4,Normal Wear
LFP,100.0,1023,0.105,24.5,80.9,35.15,11.6,99.7,Moderate,0,792.9,269.0,38.8,25.12,86.18,345.8,Normal Wear
NMC,45.0,1055,0.092,26.0,40.8,37.16,16.4,44.1,Moderate,2,410.5,219.4,35.1,17.5,83.86,217.2,Normal Wear
LFP,82.0,86,0.284,23.1,77.6,19.02,14.8,105.4,Moderate,1,80.7,338.8,32.6,24.2,97.92,330.7,Healthy
NMC,45.0,561,0.287,24.4,85.4,28.11,18.9,32.4,Eco,1,876.5,257.6,36.4,16.5,86.45,236.3,Normal Wear
NMC,58.0,115,0.144,19.5,68.9,18.42,5.1,82.3,Aggressive,1,969.4,378.6,37.4,30.3,94.59,188.2,Healthy
LFP,82.0,234,0.374,29.6,93.1,23.73,16.5,85.8,Eco,1,358.5,277.3,35.2,17.16,93.77,445.5,Healthy
LFP,75.0,213,0.277,19.4,40.2,23.34,-3.0,58.4,Moderate,2,941.5,277.3,34.5,28.11,94.66,250.2,Healthy
NMC,82.0,1333,0.071,23.7,85.0,42.82,28.6,41.4,Moderate,0,549.0,300.9,39.1,18.73,80.63,348.3,Normal Wear
NMC,82.0,904,0.759,26.6,58.4,37.02,-4.2,57.4,Aggressive,2,875.4,281.1,32.8,35.19,78.35,181.3,Degradation Warning
NMC,75.0,58,0.759,19.1,75.8,21.05,30.8,74.6,Aggressive,2,774.4,284.2,33.8,24.59,96.55,294.9,Healthy
NMC,75.0,958,0.217,22.4,78.1,35.5,32.9,121.9,Moderate,1,1115.8,227.4,36.1,31.38,81.26,195.6,Normal Wear
LFP,100.0,958,0.18,20.2,56.8,36.06,-9.0,69.7,Moderate,2,393.6,101.7,34.4,27.87,87.17,310.7,Normal Wear
NMC,58.0,225,0.488,33.6,94.7,21.37,33.2,43.9,Moderate,2,132.1,199.1,35.8,17.41,91.32,305.1,Healthy
NMC,75.0,961,0.555,35.5,45.7,38.44,23.7,27.6,Eco,1,945.9,338.9,37.5,17.74,76.4,314.7,Degradation Warning
NMC,64.0,574,0.816,22.3,48.6,31.47,-5.0,25.8,Eco,1,975.4,83.3,32.1,22.75,83.55,230.4,Normal Wear
NMC,64.0,503,0.352,43.6,89.1,27.07,41.9,66.7,Aggressive,2,31.3,311.7,33.7,25.09,84.77,217.9,Normal Wear
NMC,58.0,1380,0.545,21.4,46.6,45.81,22.0,54.6,Moderate,2,151.4,413.3,39.1,17.56,75.24,250.5,Degradation Warning
NMC,45.0,790,0.753,24.5,61.0,36.93,10.8,36.5,Aggressive,2,998.6,222.6,35.6,26.55,80.83,142.6,Normal Wear
LFP,45.0,268,0.41,30.0,80.3,26.1,36.0,42.2,Aggressive,0,720.7,144.3,34.8,22.85,93.93,182.9,Healthy
LFP,64.0,1117,0.148,30.5,83.5,38.37,-7.8,60.0,Eco,2,543.4,78.1,33.8,23.89,84.22,224.9,Normal Wear
NMC,75.0,392,0.352,25.1,92.5,24.07,27.3,93.7,Moderate,2,992.0,369.2,37.0,23.25,88.29,283.6,Healthy
LFP,58.0,898,0.159,33.6,83.4,33.9,-2.5,86.0,Moderate,1,295.2,121.6,32.9,23.98,86.13,210.2,Normal Wear
LFP,45.0,854,0.063,34.2,86.4,32.83,18.7,33.0,Aggressive,2,389.9,85.1,37.3,19.32,85.87,197.3,Normal Wear
LFP,45.0,890,0.651,27.0,92.2,36.9,-5.0,39.3,Aggressive,0,928.2,239.9,33.8,29.38,82.98,128.0,Normal Wear
NMC,82.0,721,0.241,26.1,70.5,31.07,25.3,115.8,Moderate,0,709.2,203.6,32.8,27.37,84.84,257.3,Normal Wear
NMC,64.0,157,0.052,23.3,58.9,18.24,14.2,32.1,Aggressive,1,250.1,405.9,32.0,24.02,94.2,254.4,Healthy
NMC,75.0,967,0.748,20.8,81.9,40.45,-9.7,44.9,Moderate,0,1072.8,231.9,34.8,25.97,77.33,229.4,Degradation Warning
NMC,58.0,476,0.405,22.2,49.0,26.63,-6.3,56.8,Moderate,1,1193.2,362.4,35.0,28.33,87.23,173.9,Normal Wear
NMC,45.0,833,0.241,30.3,43.8,34.07,26.6,48.0,Eco,2,173.5,396.2,32.7,15.55,82.9,241.4,Normal Wear
NMC,82.0,842,0.26,27.0,83.2,31.59,10.8,54.1,Eco,1,355.8,134.5,33.2,17.02,83.02,396.7,Normal Wear
NMC,64.0,961,0.242,25.5,92.3,34.99,25.0,97.8,Eco,1,899.4,191.2,30.0,20.48,82.22,251.2,Normal Wear
LFP,64.0,463,0.206,23.6,64.3,25.85,10.3,34.5,Moderate,1,148.2,393.1,34.0,20.08,93.16,291.0,Healthy
NMC,58.0,372,0.723,23.7,48.9,26.74,8.8,60.2,Moderate,1,557.5,264.6,40.0,20.77,88.5,249.4,Healthy
NMC,45.0,1015,0.186,26.7,67.3,37.88,34.5,86.2,Eco,2,262.1,182.9,29.6,17.68,80.87,203.8,Normal Wear
LFP,58.0,813,0.499,26.3,61.6,34.58,34.4,29.9,Moderate,2,797.3,252.2,35.8,20.45,87.35,244.8,Normal Wear
LFP,58.0,430,0.112,27.0,60.5,25.86,37.8,29.4,Moderate,0,431.7,325.9,36.0,19.5,93.31,281.1,Healthy
LFP,100.0,697,0.81,24.3,74.5,34.38,32.8,74.9,Moderate,2,1017.8,286.4,33.9,22.04,85.49,386.6,Normal Wear
LFP,82.0,472,0.533,23.0,49.6,26.66,-3.4,115.0,Eco,0,549.9,396.8,35.4,28.36,90.65,262.8,Healthy
NMC,64.0,438,0.773,27.1,60.9,28.16,-6.5,69.5,Moderate,1,643.8,407.0,33.2,27.25,87.87,200.6,Normal Wear
LFP,100.0,469,0.368,30.9,87.8,26.43,-7.0,65.7,Eco,1,1066.8,319.0,33.3,25.47,91.61,360.6,Healthy
NMC,75.0,1014,0.699,23.9,80.1,41.0,41.0,26.0,Moderate,0,922.3,302.3,36.5,21.89,76.66,263.1,Degradation Warning
NMC,64.0,1158,0.733,12.7,43.1,42.26,16.1,98.3,Moderate,1,970.6,74.7,28.9,23.62,77.33,211.8,Degradation Warning
NMC,64.0,70,0.612,18.8,68.3,19.91,-4.0,41.4,Moderate,2,15.0,344.3,33.9,25.64,96.07,238.1,Healthy
NMC,82.0,229,0.124,33.4,45.0,19.85,18.3,94.8,Moderate,2,788.8,244.8,35.8,22.06,93.93,350.6,Healthy
NMC,75.0,907,0.063,33.0,92.7,33.66,26.9,59.9,Eco,2,559.1,376.1,34.4,16.88,80.97,356.7,Normal Wear
NMC,45.0,1017,0.185,30.9,53.5,37.23,-5.1,29.5,Aggressive,0,1060.4,396.6,37.9,31.04,80.98,117.9,Normal Wear
LFP,75.0,1012,0.144,30.1,91.3,36.95,8.0,57.8,Aggressive,0,45.9,199.2,35.3,22.24,84.63,291.4,Normal Wear
NMC,45.0,869,0.63,33.1,85.9,35.78,-0.2,91.0,Eco,1,1013.7,386.9,35.5,24.56,77.91,139.3,Degradation Warning
NMC,75.0,646,0.496,24.9,70.3,28.49,40.7,101.8,Aggressive,1,162.6,300.8,35.9,29.89,85.1,212.0,Normal Wear
LFP,58.0,698,0.471,27.8,58.5,32.12,6.5,88.6,Moderate,2,710.2,219.8,32.7,24.82,89.56,210.2,Healthy
NMC,75.0,796,0.252,22.4,87.2,32.56,25.9,96.1,Moderate,1,871.8,87.8,36.2,21.39,83.22,290.3,Normal Wear
NMC,100.0,1270,0.174,25.9,48.4,41.63,37.8,48.6,Moderate,0,237.1,329.8,39.3,19.67,80.65,410.4,Normal Wear
LFP,100.0,682,0.215,38.4,49.9,29.94,34.9,121.5,Moderate,0,200.0,382.6,30.2,30.54,87.01,282.6,Normal Wear
NMC,82.0,287,0.37,22.0,52.4,23.33,10.5,47.7,Eco,2,818.7,273.8,32.6,20.07,91.54,373.8,Healthy
NMC,45.0,135,0.642,20.0,72.9,19.13,6.2,42.0,Moderate,0,200.7,211.0,36.0,18.66,93.65,224.2,Healthy
LFP,64.0,773,0.254,25.8,57.3,32.16,32.1,50.0,Eco,2,615.6,228.0,34.3,16.93,88.78,337.0,Healthy
NMC,82.0,1372,0.609,24.6,94.4,44.9,0.7,122.2,Aggressive,1,315.0,317.8,34.8,36.0,71.27,159.1,Replacement Required
NMC,100.0,1083,0.443,28.6,50.7,40.74,27.3,31.5,Eco,1,38.0,139.4,35.5,14.15,79.4,558.4,Degradation Warning
LFP,100.0,201,0.758,31.8,84.3,23.72,33.4,102.3,Moderate,0,80.5,141.5,31.9,22.41,94.76,418.5,Healthy
LFP,45.0,1252,0.236,24.8,45.3,40.59,34.2,35.5,Moderate,1,157.7,191.5,33.1,17.45,84.65,220.3,Normal Wear
NMC,100.0,922,0.411,39.6,59.4,34.49,-9.5,102.3,Moderate,2,654.3,80.4,35.7,33.46,77.69,237.2,Degradation Warning
NMC,100.0,1316,0.127,34.4,53.4,41.06,16.0,52.7,Moderate,2,253.7,304.1,33.6,19.04,76.92,407.3,Degradation Warning
NMC,45.0,1162,0.318,22.4,93.7,39.38,8.6,97.7,Eco,2,1019.4,226.9,31.5,23.76,77.09,149.8,Degradation Warning
NMC,100.0,965,0.456,26.5,41.4,37.08,40.9,29.9,Eco,2,32.7,382.8,33.7,18.93,80.8,427.7,Normal Wear
NMC,64.0,277,0.636,30.2,79.7,22.92,18.3,58.5,Eco,2,791.4,296.5,35.6,16.81,89.92,343.5,Healthy
NMC,58.0,528,0.208,22.0,53.6,27.1,12.2,71.5,Moderate,0,107.4,316.6,39.2,18.0,88.25,283.5,Healthy
LFP,82.0,111,0.224,14.6,84.6,19.77,2.7,27.1,Moderate,2,1068.4,305.2,34.1,26.71,96.84,297.8,Healthy
NMC,64.0,1204,0.555,38.6,57.1,43.74,34.0,43.1,Eco,1,49.4,216.3,35.4,15.16,71.39,301.7,Replacement Required
NMC,64.0,168,0.356,20.4,50.3,20.03,6.6,41.9,Eco,1,171.6,396.5,32.2,19.05,93.9,312.0,Healthy
NMC,58.0,136,0.436,32.1,78.1,20.3,33.0,73.1,Eco,0,333.2,390.0,29.8,17.39,93.08,310.9,Healthy
LFP,82.0,477,0.719,31.2,54.2,28.06,36.4,38.3,Moderate,0,120.7,238.9,32.2,18.55,89.1,386.5,Healthy
NMC,64.0,584,0.449,22.1,66.7,27.93,-7.0,122.7,Eco,1,1093.8,342.8,34.6,34.19,85.66,157.2,Normal Wear
NMC,100.0,833,0.572,38.8,47.2,34.45,16.5,113.7,Eco,1,158.9,414.8,36.6,23.51,78.8,339.3,Degradation Warning
LFP,58.0,64,0.575,27.4,79.9,17.57,11.9,47.4,Aggressive,0,99.6,185.9,33.2,21.29,95.91,260.5,Healthy
NMC,82.0,793,0.693,27.8,62.4,32.65,10.4,48.4,Eco,1,71.8,288.7,34.8,16.94,81.53,398.4,Normal Wear
NMC,75.0,253,0.561,17.8,47.7,23.79,9.3,119.7,Eco,1,967.2,269.3,36.0,28.23,92.31,245.8,Healthy
NMC,45.0,216,0.102,14.3,80.8,20.23,17.7,55.0,Moderate,0,779.9,259.3,29.4,19.5,92.83,206.9,Healthy
NMC,100.0,44,0.324,25.5,45.7,19.29,-3.2,67.3,Moderate,2,908.3,396.6,37.0,29.34,99.16,342.0,Healthy
NMC,58.0,414,0.841,34.8,71.6,30.05,35.3,95.1,Aggressive,1,845.9,114.3,32.9,27.93,85.44,177.5,Normal Wear
NMC,45.0,733,0.207,15.8,73.4,31.12,19.0,59.4,Aggressive,1,1161.5,250.7,36.6,24.03,84.97,159.4,Normal Wear
NMC,75.0,1079,0.519,27.9,91.2,38.56,8.0,115.2,Moderate,1,922.2,79.0,36.5,29.6,77.26,190.9,Degradation Warning
NMC,64.0,242,0.724,27.5,48.3,23.05,2.6,83.9,Eco,1,459.1,177.8,38.0,20.04,90.97,292.5,Healthy
LFP,64.0,883,0.519,34.4,75.9,34.53,22.1,81.7,Moderate,0,347.7,306.3,35.7,18.23,83.52,296.8,Normal Wear
LFP,82.0,549,0.348,33.1,60.9,28.37,30.9,80.4,Eco,1,350.4,343.1,36.0,17.01,89.15,433.9,Healthy
LFP,58.0,1231,0.114,27.8,62.0,39.4,12.9,36.2,Aggressive,1,375.3,369.0,38.2,23.91,85.93,209.1,Normal Wear
LFP,58.0,276,0.339,26.4,67.6,20.87,41.2,104.0,Moderate,1,223.7,96.8,32.6,24.03,92.7,230.0,Healthy
NMC,82.0,673,0.196,22.7,52.9,30.14,17.8,82.2,Moderate,0,471.8,134.6,35.5,17.93,86.12,392.3,Normal Wear
LFP,45.0,1179,0.819,20.1,65.4,44.52,40.9,30.4,Moderate,0,132.1,210.5,35.0,17.88,79.27,194.6,Degradation Warning
NMC,64.0,610,0.622,23.2,77.8,30.04,40.1,110.0,Moderate,0,356.6,203.4,38.6,25.63,84.04,214.0,Normal Wear
LFP,64.0,463,0.65,20.4,65.1,28.12,21.2,97.9,Moderate,1,210.2,158.9,33.6,20.02,91.78,294.7,Healthy
LFP,58.0,437,0.399,26.4,42.3,27.89,20.2,53.9,Eco,1,1103.6,397.8,37.4,18.29,92.3,282.7,Healthy
LFP,58.0,1335,0.138,26.8,54.2,43.65,-4.5,53.6,Moderate,2,553.5,256.9,35.0,26.78,85.42,190.5,Normal Wear
LFP,82.0,593,0.263,25.4,59.3,27.33,38.3,75.5,Aggressive,1,987.1,300.0,33.4,27.7,91.06,267.9,Healthy
NMC,75.0,148,0.258,27.7,59.5,21.37,31.8,25.7,Eco,1,706.1,332.4,37.9,17.68,94.53,406.1,Healthy
NMC,45.0,1030,0.439,24.2,44.5,39.1,16.0,106.0,Aggressive,1,718.2,260.4,34.2,30.04,80.3,120.2,Normal Wear
NMC,100.0,360,0.419,32.0,64.7,26.66,5.9,119.2,Aggressive,2,3.8,361.8,33.1,36.0,88.61,244.1,Healthy
NMC,75.0,829,0.397,28.4,78.1,33.74,33.6,69.7,Aggressive,1,15.3,414.7,32.9,23.22,81.61,263.4,Normal Wear
NMC,75.0,1300,0.447,24.1,42.7,42.66,5.2,78.7,Aggressive,1,334.5,207.2,37.4,25.99,78.08,226.8,Degradation Warning
NMC,58.0,1011,0.84,20.0,81.3,40.21,18.2,106.0,Aggressive,1,70.9,295.3,35.8,26.98,75.83,165.3,Degradation Warning
LFP,58.0,119,0.289,26.5,92.5,17.42,0.3,52.8,Eco,1,332.6,180.9,32.8,19.72,96.08,280.9,Healthy
NMC,58.0,58,0.542,33.8,40.5,20.41,31.8,74.2,Moderate,0,741.6,94.2,35.4,18.0,96.87,308.5,Healthy
LFP,75.0,282,0.242,30.5,50.7,21.43,29.1,36.1,Moderate,1,851.0,79.5,35.2,18.26,93.83,385.3,Healthy
LFP,45.0,169,0.423,31.5,69.9,21.39,5.2,95.2,Eco,1,734.7,151.4,36.9,21.56,96.72,199.3,Healthy
LFP,58.0,709,0.21,31.3,52.0,33.04,-3.9,104.3,Aggressive,0,665.3,126.8,38.1,33.42,88.57,149.1,Healthy
LFP,64.0,832,0.497,34.3,82.1,34.03,-0.8,31.7,Moderate,2,97.5,322.8,33.1,24.64,83.65,216.7,Normal Wear
NMC,45.0,1373,0.262,32.2,57.2,44.03,22.1,113.2,Moderate,2,154.0,232.2,32.2,24.23,75.19,137.6,Degradation Warning
LFP,64.0,1163,0.079,27.9,56.1,38.18,-2.2,62.5,Aggressive,1,49.2,259.0,37.7,27.4,86.93,200.5,Normal Wear
LFP,45.0,238,0.702,24.6,40.1,23.8,6.6,117.2,Eco,2,974.9,98.6,35.2,27.59,94.02,149.9,Healthy
NMC,58.0,925,0.153,32.3,54.9,34.13,33.6,115.0,Moderate,1,388.3,76.8,36.2,25.47,82.59,192.3,Normal Wear
NMC,100.0,1166,0.344,12.5,52.0,41.59,-5.7,104.1,Eco,0,482.8,222.3,34.2,25.32,79.19,307.6,Degradation Warning
LFP,82.0,263,0.432,34.6,58.9,23.92,20.2,108.0,Eco,2,749.0,159.5,34.2,21.75,93.14,352.7,Healthy
NMC,58.0,905,0.396,31.1,48.1,35.2,10.8,53.9,Eco,2,1162.7,287.7,32.2,20.75,81.08,228.1,Normal Wear
NMC,75.0,606,0.631,36.8,72.7,31.05,-3.7,61.7,Moderate,2,738.1,249.1,37.5,27.41,83.03,229.9,Normal Wear
LFP,100.0,537,0.527,20.3,53.1,28.5,16.5,49.0,Eco,1,140.8,359.9,35.2,16.24,89.52,552.7,Healthy
NMC,75.0,1064,0.286,34.0,85.7,39.7,16.9,60.5,Aggressive,1,1083.1,363.5,36.9,25.81,77.71,223.2,Degradation Warning
NMC,45.0,209,0.091,31.0,55.7,16.66,9.7,81.2,Aggressive,1,275.6,258.0,36.3,24.11,93.07,176.2,Healthy
LFP,75.0,1268,0.664,23.4,51.6,43.4,-7.1,111.4,Eco,0,948.8,387.4,33.9,29.38,80.61,200.2,Normal Wear
NMC,100.0,934,0.332,26.2,43.1,36.18,0.8,79.7,Aggressive,2,897.1,396.5,37.0,34.27,82.47,245.1,Normal Wear
NMC,100.0,634,0.762,25.8,80.7,33.26,11.0,94.7,Moderate,0,498.1,155.5,36.1,22.27,83.72,378.5,Normal Wear
NMC,58.0,875,0.366,24.8,68.0,36.22,4.4,38.6,Eco,0,626.6,412.1,36.4,19.54,81.79,234.6,Normal Wear
NMC,64.0,485,0.624,18.9,46.3,28.44,-1.7,119.0,Moderate,0,274.3,415.1,31.3,32.53,86.67,171.1,Normal Wear
LFP,58.0,118,0.802,34.0,52.2,21.46,15.3,83.3,Aggressive,1,843.1,92.7,29.8,24.82,95.1,221.7,Healthy
NMC,45.0,849,0.571,21.3,94.9,35.37,10.7,102.6,Aggressive,2,1175.1,70.8,30.9,32.84,79.99,111.1,Degradation Warning
NMC,75.0,1016,0.381,20.7,84.3,38.77,24.6,124.9,Moderate,1,512.6,90.5,39.7,28.2,80.05,209.3,Normal Wear
NMC,64.0,1126,0.504,34.2,59.2,39.81,19.1,111.0,Moderate,2,1197.5,192.4,33.7,27.06,75.87,175.4,Degradation Warning
NMC,82.0,75,0.485,18.6,69.8,19.34,-1.2,75.4,Moderate,2,302.9,352.8,32.4,26.23,95.09,298.9,Healthy
LFP,100.0,1065,0.518,25.2,62.9,39.05,25.8,111.8,Moderate,2,144.7,246.6,38.8,24.48,84.41,348.6,Normal Wear
LFP,64.0,599,0.167,21.0,42.0,29.48,14.2,90.9,Moderate,0,1198.2,173.7,36.2,22.65,91.06,255.5,Healthy
NMC,64.0,204,0.609,36.8,82.8,21.34,-4.1,98.0,Eco,1,451.3,89.3,32.8,24.06,90.6,239.2,Healthy
NMC,58.0,541,0.166,33.9,79.4,23.79,-9.0,88.7,Eco,1,1031.2,208.5,30.6,26.46,85.83,187.5,Normal Wear
NMC,82.0,283,0.062,22.1,62.5,20.88,22.6,53.8,Aggressive,1,35.4,82.7,35.2,18.69,92.49,402.5,Healthy
NMC,100.0,1268,0.55,21.0,86.5,44.4,22.2,58.4,Moderate,2,753.7,130.5,33.5,18.79,74.15,387.1,Replacement Required
LFP,45.0,1081,0.144,31.6,69.4,36.87,32.7,80.8,Eco,1,4.0,377.6,36.6,15.88,86.84,244.9,Normal Wear
NMC,45.0,1022,0.666,29.6,43.6,37.23,29.6,112.4,Aggressive,1,605.4,336.6,38.0,31.91,77.76,115.1,Degradation Warning
NMC,64.0,142,0.743,24.9,54.3,23.08,35.6,70.3,Aggressive,2,883.9,418.5,37.2,27.27,92.3,211.3,Healthy
NMC,64.0,1199,0.806,24.3,65.4,43.28,5.2,79.1,Aggressive,0,745.6,383.0,33.8,27.9,72.98,159.8,Replacement Required
LFP,75.0,320,0.582,25.6,45.7,25.16,11.5,61.9,Eco,2,753.2,369.5,34.8,19.64,93.29,362.0,Healthy
LFP,82.0,852,0.436,32.4,71.4,34.3,-6.8,26.8,Moderate,2,391.9,131.2,37.5,26.72,83.97,262.8,Normal Wear
NMC,100.0,1110,0.332,36.4,46.6,36.54,11.4,89.4,Aggressive,1,760.5,296.9,33.5,29.12,76.93,264.1,Degradation Warning
LFP,64.0,664,0.443,37.9,51.0,31.33,1.4,81.6,Moderate,1,1025.7,280.2,34.6,25.59,85.38,215.6,Normal Wear
NMC,75.0,893,0.202,22.6,89.2,34.76,31.9,122.8,Moderate,2,596.0,391.3,40.0,30.99,83.14,201.3,Normal Wear
NMC,82.0,413,0.329,27.3,95.0,25.0,24.1,75.8,Eco,2,650.0,343.4,32.6,17.38,89.55,415.8,Healthy
LFP,100.0,680,0.624,35.1,70.3,30.99,30.6,78.5,Moderate,1,1006.1,341.2,36.8,21.7,85.59,396.5,Normal Wear
LFP,45.0,1174,0.224,21.8,74.1,42.03,20.8,53.2,Moderate,2,146.2,183.7,35.1,15.67,85.97,249.7,Normal Wear
LFP,75.0,88,0.261,22.9,83.9,18.8,21.1,35.0,Moderate,1,721.3,113.5,34.7,17.85,97.37,410.1,Healthy
NMC,82.0,1388,0.649,31.8,78.3,45.02,2.2,95.8,Moderate,1,569.3,199.2,34.9,26.05,69.34,212.5,Replacement Required
NMC,75.0,781,0.192,24.2,50.0,34.53,24.8,105.8,Eco,0,500.7,143.0,30.5,20.83,84.22,292.2,Normal Wear
LFP,64.0,339,0.247,18.1,62.6,22.53,-2.5,112.0,Moderate,1,489.2,324.7,36.6,31.88,92.08,181.0,Healthy
NMC,58.0,196,0.064,22.0,69.4,20.9,4.3,65.4,Moderate,2,759.4,230.8,33.0,24.18,93.45,218.4,Healthy
NMC,45.0,603,0.626,32.9,59.8,31.6,-0.6,95.4,Moderate,2,1077.1,151.3,35.2,29.17,83.31,124.0,Normal Wear
NMC,64.0,1203,0.544,28.5,49.7,42.75,39.4,51.3,Eco,1,780.1,300.3,33.5,19.19,76.02,252.9,Degradation Warning
LFP,64.0,601,0.606,17.6,80.5,32.32,36.7,50.3,Moderate,0,317.2,94.2,34.2,17.57,88.54,331.5,Healthy
NMC,82.0,1178,0.221,23.3,50.9,37.7,35.5,124.6,Moderate,2,165.4,391.2,33.3,31.48,81.79,211.8,Normal Wear
NMC,75.0,130,0.6,37.9,54.3,21.89,39.9,109.9,Moderate,2,1173.9,272.4,34.3,30.61,93.93,226.8,Healthy
LFP,45.0,1018,0.527,26.6,55.8,38.12,21.9,50.6,Moderate,0,365.0,231.3,31.7,17.37,85.34,221.6,Normal Wear
NMC,64.0,777,0.343,25.5,48.9,35.49,36.5,68.3,Moderate,2,559.4,157.2,40.0,19.63,83.81,273.2,Normal Wear
NMC,82.0,302,0.4,27.0,86.7,21.13,5.2,81.5,Aggressive,1,20.8,261.8,34.4,25.83,90.54,291.8,Healthy
NMC,45.0,213,0.504,28.2,73.6,22.66,10.0,26.3,Aggressive,0,973.4,170.5,39.3,24.69,92.27,161.5,Healthy
NMC,75.0,986,0.445,24.7,85.9,37.85,14.3,120.9,Aggressive,2,951.7,208.1,34.0,36.0,80.34,163.1,Normal Wear
NMC,64.0,1090,0.563,35.0,67.2,39.46,-5.4,35.9,Moderate,0,833.6,381.0,34.4,25.08,73.46,190.7,Replacement Required
NMC,100.0,997,0.195,24.2,68.6,35.8,32.9,106.7,Eco,0,427.3,138.0,32.5,21.58,83.34,391.0,Normal Wear
LFP,64.0,361,0.483,33.0,73.9,24.56,-3.8,122.6,Aggressive,2,448.4,191.8,37.2,36.0,91.61,164.9,Healthy
NMC,64.0,1285,0.41,37.9,60.4,42.0,31.6,95.4,Moderate,0,595.2,299.5,32.6,22.53,72.72,206.2,Replacement Required
LFP,45.0,541,0.419,29.3,67.3,27.22,38.0,121.7,Moderate,1,482.4,323.7,32.5,30.7,90.67,140.6,Healthy
NMC,45.0,820,0.426,20.7,70.1,33.76,19.5,27.0,Eco,2,202.1,110.2,35.1,13.51,81.0,273.8,Normal Wear
NMC,45.0,922,0.755,28.1,92.4,38.78,-1.4,60.5,Moderate,2,277.2,397.7,35.0,25.3,78.06,141.1,Degradation Warning
NMC,45.0,150,0.705,23.6,88.6,21.44,12.7,72.6,Eco,0,397.0,79.5,33.2,15.24,93.54,280.9,Healthy
NMC,82.0,1313,0.554,32.4,47.1,41.78,-2.8,103.3,Moderate,1,23.9,93.4,36.0,26.72,73.01,222.4,Replacement Required
LFP,58.0,833,0.623,28.2,42.3,35.29,-3.8,90.5,Aggressive,0,409.5,336.7,29.6,31.43,85.9,160.6,Normal Wear
NMC,82.0,80,0.084,26.3,77.4,17.45,29.3,98.6,Moderate,0,985.3,340.0,33.4,24.76,95.14,311.2,Healthy
NMC,64.0,183,0.645,20.9,42.7,22.24,10.4,39.5,Moderate,2,563.1,303.1,31.5,21.98,92.54,273.8,Healthy
LFP,82.0,291,0.439,15.8,43.3,23.5,-10.0,109.5,Moderate,1,222.7,252.6,34.5,32.5,93.31,236.3,Healthy
LFP,75.0,152,0.304,22.1,48.8,20.97,-7.5,107.2,Moderate,0,833.7,171.0,38.5,30.2,95.43,237.0,Healthy
LFP,100.0,1287,0.162,30.9,59.3,41.63,32.5,101.9,Eco,1,26.0,364.0,29.9,21.23,83.85,400.1,Normal Wear
NMC,45.0,1017,0.11,34.1,63.9,36.98,22.2,106.8,Aggressive,0,185.5,314.6,36.0,27.59,78.73,128.1,Degradation Warning
LFP,75.0,57,0.086,25.1,68.6,17.03,33.9,46.4,Aggressive,2,698.6,408.8,33.9,26.34,97.28,278.4,Healthy
NMC,100.0,1362,0.179,21.3,94.6,42.19,4.2,39.0,Moderate,1,806.9,229.0,33.3,23.95,77.24,321.3,Degradation Warning
NMC,75.0,636,0.074,28.1,61.2,29.5,6.3,114.5,Eco,1,353.7,234.7,37.0,25.53,86.61,253.5,Normal Wear
NMC,64.0,493,0.636,31.1,53.4,27.06,22.1,120.7,Eco,1,333.6,347.0,29.9,25.28,84.9,212.0,Normal Wear
NMC,45.0,78,0.249,31.7,71.6,15.54,24.6,67.4,Aggressive,2,24.8,417.6,32.6,21.13,95.43,206.9,Healthy
NMC,75.0,608,0.345,28.2,51.8,29.35,-8.6,69.7,Eco,2,341.9,383.7,32.1,25.9,85.54,250.7,Normal Wear
NMC,64.0,518,0.708,39.4,91.7,30.33,37.2,99.1,Moderate,2,1151.2,174.1,30.6,26.73,82.14,199.6,Normal Wear
LFP,45.0,1261,0.142,34.6,54.3,41.71,31.6,74.5,Moderate,1,476.5,403.8,36.0,19.14,82.86,189.1,Normal Wear
NMC,58.0,586,0.718,19.7,94.4,29.58,-3.1,56.4,Moderate,2,393.4,139.3,34.9,24.88,85.03,197.2,Normal Wear
NMC,64.0,586,0.562,18.2,63.0,30.26,-9.5,44.0,Eco,1,751.9,217.5,36.1,23.64,85.29,227.3,Normal Wear
NMC,82.0,1172,0.324,20.2,84.7,38.39,30.0,27.3,Eco,1,1186.9,380.4,36.5,19.24,79.38,335.0,Degradation Warning
LFP,45.0,923,0.144,34.0,75.7,34.74,36.9,83.8,Eco,1,525.3,179.7,37.5,17.44,85.74,221.2,Normal Wear
NMC,75.0,402,0.123,16.7,91.3,23.89,6.7,39.2,Moderate,1,113.9,193.3,35.9,19.69,91.32,350.8,Healthy
NMC,100.0,104,0.318,29.7,74.4,19.64,6.7,110.8,Moderate,1,860.9,418.2,33.9,31.61,94.05,297.1,Healthy
LFP,75.0,646,0.162,26.0,72.0,29.84,16.8,123.3,Aggressive,0,1076.9,227.9,36.1,36.0,89.03,179.7,Healthy
LFP,82.0,845,0.264,19.5,75.9,34.12,25.1,70.8,Moderate,0,816.4,401.6,34.3,20.41,88.47,358.2,Healthy
NMC,82.0,312,0.092,28.5,83.3,20.2,23.7,36.6,Moderate,2,596.7,165.9,37.4,17.86,91.57,420.5,Healthy
LFP,75.0,1092,0.526,25.9,89.4,39.38,29.1,83.3,Moderate,1,295.7,245.3,37.5,18.31,81.39,328.5,Normal Wear
LFP,100.0,1110,0.166,31.8,54.7,36.83,-4.1,82.4,Moderate,2,535.2,204.0,32.8,28.12,85.15,301.8,Normal Wear
LFP,45.0,806,0.655,17.2,51.0,32.0,17.0,38.3,Aggressive,1,506.7,267.5,31.1,22.61,87.14,173.1,Normal Wear
NMC,64.0,148,0.225,21.6,41.9,20.2,16.3,89.7,Moderate,0,1155.2,384.4,33.0,23.64,94.69,258.6,Healthy
LFP,82.0,48,0.688,21.8,60.4,20.85,39.4,56.6,Moderate,0,44.3,416.8,38.4,19.51,96.52,407.9,Healthy
NMC,82.0,1386,0.202,31.0,86.5,42.82,37.7,109.5,Aggressive,2,437.6,245.4,40.0,33.13,74.51,188.0,Replacement Required
NMC,82.0,1162,0.627,25.6,43.8,41.06,29.0,83.8,Moderate,0,373.3,131.3,30.7,18.69,77.92,339.2,Degradation Warning
NMC,100.0,711,0.316,34.1,69.6,31.08,35.6,68.3,Eco,0,1178.6,87.7,37.5,18.42,82.31,447.2,Normal Wear
NMC,58.0,152,0.516,24.6,78.2,20.48,28.8,121.3,Eco,0,7.8,125.8,33.1,22.6,94.12,241.9,Healthy
NMC,100.0,1370,0.081,28.3,86.0,44.21,27.5,74.1,Moderate,1,351.0,331.3,33.6,18.77,79.63,430.6,Degradation Warning
LFP,45.0,1228,0.446,35.9,72.1,41.77,1.2,113.7,Moderate,0,1168.6,278.0,38.1,31.44,78.48,110.9,Degradation Warning
NMC,45.0,665,0.169,16.4,50.2,28.3,22.1,51.4,Aggressive,0,191.1,332.1,35.9,20.58,86.0,188.7,Normal Wear
NMC,45.0,708,0.439,27.2,93.0,32.31,37.6,69.2,Eco,2,947.2,403.9,37.6,19.92,84.58,193.3,Normal Wear
NMC,45.0,553,0.163,26.8,45.2,25.95,29.0,33.4,Moderate,2,676.5,317.4,34.0,18.92,86.39,203.5,Normal Wear
NMC,45.0,1284,0.4,22.3,82.3,43.93,21.4,67.3,Eco,2,1087.1,342.1,37.8,17.67,77.31,196.1,Degradation Warning
LFP,75.0,535,0.138,26.0,44.8,26.46,3.4,114.4,Aggressive,2,1047.7,219.5,34.3,36.0,91.72,190.9,Healthy
NMC,82.0,979,0.226,28.9,47.9,37.03,25.3,107.9,Eco,0,691.5,249.0,35.1,21.98,81.83,301.8,Normal Wear
NMC,100.0,184,0.526,22.5,89.4,23.03,8.0,122.6,Aggressive,0,665.1,358.2,36.4,36.0,92.52,252.8,Healthy
NMC,75.0,946,0.831,27.3,81.4,37.34,-6.6,100.0,Moderate,0,181.3,293.7,34.1,26.89,77.89,218.6,Degradation Warning
NMC,100.0,952,0.409,20.9,60.1,36.57,2.4,52.1,Eco,1,72.5,257.4,40.0,19.2,80.26,417.4,Normal Wear
NMC,58.0,576,0.6,25.8,75.1,30.06,10.2,41.1,Eco,2,878.5,147.4,32.8,19.11,85.21,258.2,Normal Wear
LFP,64.0,1261,0.482,32.6,65.1,42.97,41.8,43.0,Moderate,1,735.1,281.0,36.8,21.78,80.05,237.9,Normal Wear
LFP,82.0,699,0.449,32.9,43.7,33.06,29.5,91.1,Eco,1,954.4,171.9,33.9,19.27,87.11,364.5,Normal Wear
NMC,58.0,1012,0.102,34.0,79.7,35.83,4.5,63.2,Aggressive,2,21.8,276.6,37.1,26.2,79.37,177.7,Degradation Warning
LFP,75.0,1048,0.165,26.4,82.0,35.29,29.6,66.4,Moderate,1,1120.4,232.4,35.5,20.38,86.19,318.1,Normal Wear
LFP,64.0,776,0.756,25.0,88.5,34.51,8.6,111.1,Eco,0,87.6,105.6,37.0,21.5,86.05,251.2,Normal Wear
LFP,58.0,1124,0.378,31.4,69.7,38.91,21.6,97.7,Moderate,1,1085.6,370.0,32.7,24.54,83.41,198.9,Normal Wear
NMC,100.0,1290,0.541,34.0,77.0,43.55,29.8,45.9,Aggressive,0,229.5,273.5,35.1,21.93,72.19,331.1,Replacement Required
NMC,64.0,874,0.473,27.5,64.1,35.3,28.5,42.1,Moderate,0,312.0,386.0,34.3,18.26,83.03,292.1,Normal Wear
NMC,100.0,512,0.353,36.1,57.5,26.52,-2.7,107.2,Moderate,1,1046.2,394.4,33.2,34.09,85.16,252.1,Normal Wear
LFP,58.0,668,0.36,31.3,62.6,31.26,32.9,120.4,Moderate,2,541.7,251.2,34.1,29.15,88.28,173.2,Healthy
LFP,75.0,1011,0.494,23.6,90.1,40.01,38.0,43.5,Eco,0,833.3,307.3,34.2,18.73,83.89,333.9,Normal Wear
NMC,100.0,1350,0.163,24.3,49.0,43.19,2.1,120.2,Aggressive,1,1080.0,383.4,35.2,36.0,80.65,227.4,Normal Wear
NMC,64.0,647,0.36,26.8,53.7,31.04,7.1,68.0,Moderate,2,349.9,308.1,34.0,22.12,84.42,235.0,Normal Wear
LFP,58.0,644,0.408,17.6,73.3,29.13,38.8,115.6,Eco,2,162.9,155.4,32.4,24.27,89.06,212.9,Healthy
LFP,100.0,562,0.838,23.7,46.4,32.3,41.2,100.1,Aggressive,1,648.6,160.5,37.2,30.97,88.15,285.0,Healthy
LFP,75.0,26,0.331,33.8,89.1,19.15,13.6,115.5,Moderate,0,465.9,216.6,34.7,27.01,98.88,268.8,Healthy
LFP,82.0,973,0.566,35.1,42.6,39.32,-8.2,89.5,Eco,0,958.5,83.2,34.0,23.22,81.69,287.0,Normal Wear
NMC,75.0,534,0.16,28.7,81.5,25.94,38.5,40.7,Moderate,2,6.1,199.8,34.6,18.82,88.4,352.1,Healthy
NMC,75.0,774,0.102,29.7,60.6,32.58,-8.7,31.0,Moderate,0,696.5,120.2,35.2,23.62,85.29,268.7,Normal Wear
LFP,82.0,92,0.747,25.1,42.8,23.44,7.2,87.7,Moderate,2,619.1,359.5,31.1,25.84,95.93,305.6,Healthy
NMC,75.0,29,0.635,23.2,86.4,18.71,-5.3,30.8,Eco,1,1019.7,343.8,27.8,25.46,97.75,288.6,Healthy
NMC,82.0,581,0.304,30.4,75.2,29.29,16.6,48.6,Moderate,1,691.9,131.3,39.1,18.38,85.77,382.4,Normal Wear
LFP,82.0,141,0.454,24.4,40.5,19.85,-8.0,45.6,Eco,1,1194.8,169.6,34.7,24.7,96.15,315.9,Healthy
NMC,100.0,706,0.159,37.1,54.7,28.44,1.7,67.7,Eco,0,31.8,269.5,35.3,18.09,82.52,448.3,Normal Wear
LFP,100.0,532,0.616,29.5,59.4,29.08,13.9,84.7,Aggressive,2,604.3,157.3,37.3,25.48,88.98,353.6,Healthy
NMC,82.0,1009,0.106,29.7,57.7,35.14,-6.1,116.1,Eco,1,1171.2,89.4,32.7,31.44,83.25,209.1,Normal Wear
LFP,58.0,460,0.656,20.6,67.4,27.97,15.0,118.6,Moderate,1,1134.7,337.9,32.3,31.2,91.2,163.8,Healthy
NMC,64.0,1081,0.487,13.1,69.0,36.45,3.8,123.2,Eco,0,262.3,101.9,35.9,26.21,78.85,188.3,Degradation Warning
NMC,58.0,721,0.273,29.7,61.8,31.52,3.9,101.4,Eco,1,992.7,307.2,35.9,25.17,84.33,195.0,Normal Wear
NMC,82.0,610,0.74,24.0,58.2,31.36,38.7,117.1,Eco,0,966.4,122.4,34.3,26.0,83.53,262.5,Normal Wear
NMC,64.0,1388,0.839,32.9,67.7,48.69,25.9,104.1,Moderate,1,1155.0,72.7,35.3,23.97,68.0,183.4,Replacement Required
LFP,100.0,1381,0.253,21.5,41.8,43.59,38.3,116.1,Eco,0,611.2,266.9,36.4,25.66,84.0,333.0,Normal Wear
LFP,64.0,1227,0.695,23.8,75.5,45.79,19.9,35.4,Eco,0,635.1,169.6,29.6,16.4,79.1,309.1,Degradation Warning
NMC,82.0,86,0.65,33.7,73.3,20.1,37.2,121.2,Moderate,2,943.8,115.5,33.9,31.52,94.9,242.4,Healthy
NMC,100.0,36,0.648,29.6,55.4,19.74,33.5,48.5,Eco,1,1198.8,309.7,34.7,19.87,96.6,488.7,Healthy
NMC,64.0,387,0.816,21.0,49.9,26.46,41.9,81.8,Moderate,2,371.0,295.4,29.1,23.09,88.2,247.8,Healthy
NMC,64.0,923,0.439,27.2,44.0,36.21,16.2,76.7,Moderate,2,820.0,214.0,34.0,19.61,81.89,264.8,Normal Wear
LFP,58.0,1359,0.589,38.4,72.3,46.04,26.2,81.4,Aggressive,1,805.4,101.0,34.2,22.43,74.35,193.1,Replacement Required
LFP,64.0,740,0.709,27.9,71.3,33.38,-1.6,95.2,Moderate,1,1028.8,233.0,30.8,29.34,86.36,186.4,Normal Wear
LFP,82.0,1388,0.434,26.1,69.3,46.27,38.9,79.0,Moderate,1,779.4,106.5,40.0,20.72,81.8,324.4,Normal Wear
LFP,45.0,977,0.435,32.4,94.2,36.48,10.7,93.9,Moderate,1,549.8,418.0,34.8,23.76,82.31,153.9,Normal Wear
NMC,45.0,927,0.305,29.1,69.2,36.73,37.7,78.4,Moderate,1,373.0,152.2,40.0,18.57,82.02,199.1,Normal Wear
LFP,45.0,1008,0.675,35.7,79.7,37.56,-4.8,26.2,Moderate,1,1163.0,71.1,30.9,26.18,79.48,135.4,Degradation Warning
LFP,82.0,492,0.599,31.5,46.2,28.36,16.8,87.7,Moderate,1,402.9,147.0,32.2,19.49,88.17,377.4,Healthy
LFP,45.0,134,0.411,32.4,56.4,23.3,-9.9,80.5,Moderate,2,306.2,286.9,30.9,29.22,95.64,140.6,Healthy
LFP,58.0,119,0.385,36.0,55.1,16.82,11.6,83.6,Moderate,2,951.2,411.8,36.4,23.75,95.13,230.8,Healthy
NMC,82.0,457,0.108,25.2,71.7,25.93,-5.7,25.2,Eco,1,597.2,253.9,36.3,22.68,88.03,324.4,Healthy
LFP,100.0,1388,0.055,23.4,58.2,43.47,13.4,71.9,Eco,1,219.9,225.8,36.4,16.5,86.12,527.0,Normal Wear
NMC,82.0,368,0.473,18.9,75.3,24.83,18.9,112.5,Eco,1,430.9,417.3,31.9,23.83,88.64,304.8,Healthy
NMC,82.0,158,0.384,25.7,78.0,21.78,34.3,58.3,Moderate,0,244.2,127.7,38.9,17.37,92.95,434.2,Healthy
NMC,64.0,847,0.687,19.1,41.9,36.57,5.4,69.5,Moderate,2,250.8,139.2,39.1,21.11,79.75,242.7,Degradation Warning
LFP,64.0,343,0.484,29.2,75.2,24.41,19.5,37.2,Aggressive,1,91.0,203.2,38.4,19.52,93.5,305.4,Healthy
LFP,64.0,865,0.799,23.3,46.4,36.21,-6.5,70.0,Aggressive,2,774.2,331.6,32.4,35.95,83.27,149.8,Normal Wear
LFP,75.0,1345,0.207,32.8,65.6,42.63,37.5,64.6,Moderate,0,445.5,175.9,38.8,18.79,81.59,327.0,Normal Wear
LFP,58.0,313,0.842,31.7,80.0,26.02,13.5,113.3,Moderate,1,71.4,234.5,37.1,25.13,91.81,212.4,Healthy
NMC,82.0,987,0.288,24.7,78.7,36.26,3.1,28.5,Moderate,1,781.2,398.8,34.6,24.79,81.99,270.0,Normal Wear
LFP,82.0,1335,0.564,32.9,56.5,44.13,14.1,120.1,Eco,2,356.2,375.5,32.4,26.65,77.12,236.1,Degradation Warning
NMC,64.0,93,0.451,27.9,55.0,19.75,15.0,82.6,Eco,2,194.5,401.5,34.7,17.35,95.0,353.3,Healthy
NMC,82.0,503,0.338,16.4,64.2,26.3,28.7,78.0,Aggressive,1,1152.4,128.4,38.1,24.25,87.94,293.2,Normal Wear
NMC,100.0,35,0.161,21.1,50.4,16.83,40.7,113.6,Moderate,0,89.7,238.7,36.6,26.79,97.45,366.4,Healthy
LFP,82.0,1379,0.158,22.7,93.6,45.82,-0.3,44.1,Eco,1,464.0,319.6,33.4,21.48,84.13,321.2,Normal Wear
LFP,45.0,812,0.619,27.1,59.0,35.98,-7.2,45.9,Eco,0,738.6,326.5,35.1,21.37,85.07,176.3,Normal Wear
NMC,100.0,535,0.352,24.4,90.8,27.77,24.1,112.4,Moderate,1,1192.1,262.5,32.0,28.99,86.07,301.2,Normal Wear
NMC,100.0,944,0.819,23.8,90.0,37.38,36.0,117.9,Moderate,1,99.0,357.3,35.1,28.65,76.93,262.5,Degradation Warning
LFP,82.0,1170,0.311,30.5,60.1,40.43,19.4,108.8,Moderate,1,1117.8,85.0,30.7,26.33,83.49,258.9,Normal Wear
NMC,75.0,843,0.837,31.7,54.0,39.02,-5.8,29.1,Aggressive,1,1057.1,138.9,33.6,32.63,78.22,183.4,Degradation Warning
LFP,64.0,537,0.214,23.3,82.4,25.82,11.9,90.2,Moderate,1,935.0,184.8,38.5,22.71,90.31,253.9,Healthy
LFP,58.0,148,0.132,21.9,52.6,16.12,24.0,70.1,Eco,0,123.2,325.1,39.8,14.82,96.75,379.7,Healthy
NMC,58.0,530,0.3,34.6,68.7,27.78,7.1,105.8,Moderate,0,349.0,385.6,34.1,26.25,84.98,190.0,Normal Wear
NMC,45.0,442,0.758,43.4,46.1,30.24,33.9,40.8,Moderate,2,325.3,255.1,36.5,18.41,84.33,210.4,Normal Wear
LFP,58.0,404,0.467,21.3,61.2,27.34,1.7,117.0,Moderate,2,641.1,317.9,40.0,33.89,91.22,146.1,Healthy
LFP,58.0,251,0.159,32.3,44.3,22.96,9.0,58.5,Eco,1,144.0,278.0,40.0,17.05,94.08,323.1,Healthy
NMC,64.0,978,0.212,26.2,55.6,34.29,37.7,57.3,Moderate,2,979.5,393.6,34.0,23.24,81.63,225.7,Normal Wear
LFP,64.0,844,0.299,31.1,76.6,33.2,19.8,42.8,Moderate,1,818.6,385.0,32.0,20.35,86.38,274.0,Normal Wear
NMC,75.0,1238,0.522,21.3,94.5,43.34,-9.7,25.7,Aggressive,0,1033.3,352.8,35.0,32.51,75.81,177.6,Degradation Warning
NMC,45.0,84,0.316,19.5,54.0,15.8,2.7,56.3,Moderate,0,267.1,167.9,40.0,19.35,96.41,216.9,Healthy
LFP,58.0,852,0.648,20.3,66.0,35.89,29.2,39.8,Aggressive,1,744.6,200.6,32.4,23.02,84.98,217.7,Normal Wear
LFP,75.0,634,0.543,23.6,64.6,30.3,-7.3,98.8,Aggressive,2,1021.1,215.8,29.9,36.0,87.63,183.1,Normal Wear
NMC,45.0,1320,0.749,25.6,50.1,45.6,41.6,100.7,Moderate,0,60.5,71.5,36.6,21.08,73.62,156.9,Replacement Required
LFP,100.0,1267,0.451,32.7,73.6,43.37,36.7,107.8,Eco,0,660.7,150.9,35.6,22.78,79.83,348.4,Degradation Warning
NMC,58.0,820,0.315,22.0,79.9,32.89,1.6,25.5,Eco,1,872.7,319.8,35.6,21.53,82.99,219.3,Normal Wear
NMC,58.0,297,0.847,23.2,48.1,24.71,36.6,60.1,Moderate,0,445.9,260.5,34.9,18.9,89.23,274.0,Healthy
NMC,64.0,385,0.335,39.5,81.6,25.55,26.4,25.6,Aggressive,1,424.2,405.2,34.7,22.74,87.28,246.3,Normal Wear
LFP,82.0,535,0.393,27.3,78.5,26.74,12.1,75.8,Moderate,0,38.8,80.2,32.0,17.18,90.28,430.8,Healthy
NMC,45.0,1258,0.697,28.7,50.9,44.21,0.2,115.9,Eco,0,587.6,202.4,36.1,26.18,74.69,133.1,Replacement Required
NMC,58.0,458,0.121,31.5,75.7,23.89,0.4,65.8,Moderate,2,715.6,317.5,35.1,25.83,87.72,197.9,Normal Wear
NMC,45.0,447,0.359,23.9,61.7,26.92,20.9,112.4,Aggressive,1,888.5,116.8,40.0,30.79,87.86,127.3,Normal Wear
LFP,75.0,748,0.119,26.9,77.5,28.78,11.6,119.8,Eco,0,103.6,244.9,34.3,24.41,89.55,277.4,Healthy
LFP,75.0,415,0.161,25.1,67.3,24.15,21.0,48.8,Eco,1,500.0,75.5,35.3,14.74,91.77,465.2,Healthy
LFP,82.0,1252,0.054,26.5,42.6,40.73,7.2,26.0,Eco,1,309.0,133.1,31.1,18.19,88.15,389.6,Healthy
NMC,58.0,605,0.058,32.1,83.3,27.78,2.0,99.0,Moderate,2,248.3,398.4,32.1,28.58,86.71,179.0,Normal Wear
NMC,64.0,1270,0.354,31.0,70.6,43.81,33.5,82.9,Aggressive,2,294.8,279.8,36.7,23.82,76.21,198.9,Degradation Warning
NMC,58.0,394,0.697,13.3,79.9,28.06,37.8,59.7,Moderate,1,432.7,335.7,40.0,20.13,89.48,263.2,Healthy
LFP,45.0,967,0.52,33.0,46.9,38.0,26.7,61.8,Aggressive,1,879.3,105.8,35.7,21.59,83.68,172.2,Normal Wear
LFP,100.0,112,0.558,24.9,79.7,18.2,-1.6,33.1,Moderate,1,522.8,152.1,34.3,24.03,97.05,399.2,Healthy
NMC,75.0,340,0.465,29.4,62.8,25.28,-5.2,112.1,Moderate,0,75.8,137.2,30.6,28.96,89.58,231.6,Healthy
LFP,45.0,1053,0.706,24.6,84.0,41.75,18.0,49.2,Moderate,1,416.9,166.2,35.4,16.5,81.16,221.8,Normal Wear
NMC,82.0,933,0.754,26.7,73.0,37.25,18.6,34.7,Eco,1,131.6,160.4,38.4,14.25,77.16,449.2,Degradation Warning
NMC,75.0,1346,0.73,34.9,59.5,47.69,23.2,103.0,Aggressive,0,254.3,267.2,33.4,27.35,68.94,191.9,Replacement Required
NMC,64.0,1365,0.7,29.0,51.1,47.58,37.1,73.5,Moderate,1,155.2,317.0,33.4,19.28,72.79,243.5,Replacement Required
NMC,75.0,1321,0.196,34.6,84.9,41.75,23.6,101.3,Aggressive,1,1166.4,262.0,32.4,30.9,75.46,181.3,Degradation Warning
NMC,100.0,936,0.525,26.7,70.8,36.24,37.6,115.2,Aggressive,1,1056.1,174.7,37.5,36.0,79.75,226.7,Degradation Warning
NMC,58.0,114,0.516,26.1,94.3,19.22,-3.9,63.2,Aggressive,2,749.9,313.2,35.1,33.69,94.86,170.4,Healthy
NMC,100.0,978,0.472,27.1,60.5,38.67,26.9,30.4,Moderate,0,300.7,263.2,34.1,18.03,79.34,437.9,Degradation Warning
LFP,100.0,1150,0.435,19.4,77.7,39.79,38.2,50.3,Aggressive,1,209.1,293.5,36.7,24.36,83.35,339.6,Normal Wear
NMC,58.0,90,0.121,12.0,74.3,16.73,14.1,30.1,Moderate,1,1010.3,144.1,33.3,20.21,95.85,279.9,Healthy
NMC,75.0,683,0.132,22.3,75.1,29.17,40.3,39.9,Moderate,2,87.3,405.9,31.9,21.52,86.56,302.3,Normal Wear
LFP,82.0,988,0.772,33.2,80.5,38.04,18.7,109.9,Moderate,1,831.9,184.7,35.7,25.56,80.35,260.6,Normal Wear
NMC,58.0,606,0.554,35.5,47.7,31.03,39.0,119.1,Eco,0,353.8,199.4,34.5,24.73,83.63,202.4,Normal Wear
NMC,58.0,746,0.26,15.0,70.2,31.12,28.9,92.7,Eco,0,587.5,259.2,35.2,18.19,84.7,276.8,Normal Wear
LFP,64.0,387,0.273,34.7,68.0,25.7,13.8,98.2,Moderate,1,874.5,87.4,38.7,22.94,92.4,260.5,Healthy
NMC,75.0,70,0.538,23.4,58.8,20.65,-8.2,98.1,Aggressive,2,43.6,136.9,36.5,36.0,95.75,202.8,Healthy
NMC,58.0,1186,0.376,18.4,64.0,42.93,24.2,37.3,Moderate,2,210.7,354.4,32.0,17.89,78.54,256.1,Degradation Warning
NMC,82.0,1007,0.403,33.4,68.5,35.68,3.2,29.7,Aggressive,1,776.6,347.9,34.8,29.71,79.15,224.9,Degradation Warning
LFP,45.0,1210,0.099,24.0,57.7,38.26,5.0,94.8,Eco,2,1103.7,119.6,34.0,23.65,85.0,164.1,Normal Wear
NMC,75.0,279,0.161,42.7,56.1,21.55,-9.0,28.7,Moderate,1,309.7,276.4,34.1,25.96,90.37,261.8,Healthy
LFP,64.0,1235,0.365,23.0,80.6,42.03,19.0,106.2,Aggressive,1,179.6,93.2,32.0,26.59,83.53,205.2,Normal Wear
NMC,100.0,1245,0.61,25.3,43.7,43.21,5.0,84.1,Moderate,2,1109.8,96.1,34.1,25.79,75.6,287.2,Degradation Warning
NMC,58.0,1228,0.088,21.1,57.2,42.06,41.1,36.4,Moderate,0,1038.4,349.9,33.1,22.65,81.46,205.3,Normal Wear
NMC,82.0,177,0.318,27.9,76.0,19.96,28.9,90.9,Eco,0,1091.7,234.7,34.0,19.87,93.15,383.5,Healthy
LFP,75.0,118,0.606,31.8,51.5,21.56,8.6,85.6,Aggressive,2,149.7,394.3,35.0,27.68,95.69,253.7,Healthy
NMC,82.0,260,0.684,16.6,71.5,24.71,5.3,62.6,Aggressive,1,1108.3,237.3,34.2,29.54,90.62,247.5,Healthy
NMC,82.0,221,0.202,30.9,56.6,19.91,27.2,106.8,Moderate,2,697.6,352.4,30.8,26.16,92.58,289.7,Healthy
NMC,100.0,653,0.635,24.5,86.4,32.43,3.2,55.5,Moderate,1,800.3,293.6,33.7,24.62,82.9,333.0,Normal Wear
NMC,64.0,1139,0.814,21.8,59.2,42.66,13.3,62.8,Aggressive,1,544.9,220.7,33.5,23.71,74.73,201.0,Replacement Required
LFP,75.0,765,0.775,18.6,52.6,36.44,-1.7,94.7,Moderate,1,426.5,264.2,36.6,26.8,84.59,236.1,Normal Wear
NMC,58.0,509,0.682,32.9,69.2,30.66,3.2,100.2,Aggressive,2,135.4,397.0,35.8,33.48,84.36,150.2,Normal Wear
NMC,64.0,598,0.62,28.7,47.5,27.65,-4.9,52.4,Moderate,0,268.3,96.5,36.7,20.9,83.99,253.0,Normal Wear
NMC,58.0,1261,0.238,23.5,83.9,39.8,12.2,26.7,Moderate,1,705.2,255.3,35.6,20.17,78.71,226.4,Degradation Warning
LFP,45.0,546,0.557,31.7,77.4,29.09,38.2,42.6,Moderate,1,380.2,88.1,35.2,18.02,87.78,218.8,Normal Wear
NMC,82.0,292,0.565,30.2,82.4,25.26,-4.8,51.3,Eco,2,143.6,264.4,34.9,22.88,88.97,321.3,Healthy
NMC,45.0,1262,0.375,32.2,61.9,42.64,12.7,115.5,Eco,1,851.6,282.4,37.8,25.35,74.55,128.3,Replacement Required
LFP,82.0,805,0.444,36.8,85.9,34.26,5.5,114.4,Moderate,2,634.2,352.6,38.6,32.27,83.01,211.4,Normal Wear
LFP,100.0,1375,0.605,28.3,67.1,49.48,8.9,91.1,Aggressive,0,49.3,349.4,36.0,26.58,79.84,305.1,Degradation Warning
NMC,64.0,472,0.812,38.6,45.2,28.56,30.1,95.9,Moderate,2,807.0,73.5,36.4,21.38,85.22,256.8,Normal Wear
NMC,58.0,1195,0.286,35.6,52.3,41.15,12.6,87.1,Aggressive,1,1033.8,94.9,32.1,26.9,75.75,164.4,Degradation Warning
NMC,100.0,366,0.247,31.7,79.1,24.0,23.8,102.9,Moderate,0,930.9,309.6,34.3,25.41,88.22,341.8,Healthy
NMC,58.0,835,0.531,16.9,89.3,35.92,40.6,60.1,Aggressive,0,1109.6,134.0,34.6,25.66,80.87,186.0,Normal Wear
NMC,64.0,433,0.155,27.7,45.2,25.73,22.1,79.7,Moderate,2,405.5,254.8,33.7,18.06,90.5,321.8,Healthy
NMC,75.0,450,0.516,28.5,87.5,27.76,7.5,92.1,Aggressive,0,105.7,151.1,39.4,25.12,87.42,257.1,Normal Wear
NMC,45.0,398,0.121,28.3,83.9,25.37,10.7,71.8,Moderate,1,857.0,362.1,35.6,21.66,88.66,182.7,Healthy
NMC,45.0,1017,0.442,26.3,59.6,39.6,26.2,102.3,Aggressive,2,1082.4,308.3,34.6,30.03,81.32,123.4,Normal Wear
LFP,58.0,914,0.546,30.9,77.9,37.05,26.1,118.3,Moderate,1,382.8,222.4,31.7,26.83,83.49,180.7,Normal Wear
LFP,58.0,447,0.106,31.7,50.3,24.45,9.1,91.4,Moderate,1,318.4,148.6,36.7,21.27,91.75,249.7,Healthy
NMC,58.0,1127,0.216,17.0,84.7,39.18,27.7,32.5,Aggressive,0,857.8,300.8,36.3,23.48,81.07,205.3,Normal Wear
NMC,64.0,211,0.318,35.1,76.2,19.14,18.6,86.0,Eco,1,873.8,192.9,33.2,17.82,92.01,326.5,Healthy
NMC,75.0,60,0.345,18.1,64.1,17.64,41.0,94.6,Moderate,2,995.5,276.2,33.7,26.58,97.13,272.4,Healthy
LFP,45.0,1352,0.591,24.6,87.5,44.43,37.2,53.3,Aggressive,1,895.0,303.8,33.5,26.1,78.92,134.4,Degradation Warning
NMC,100.0,155,0.473,21.7,47.7,22.01,32.8,57.2,Eco,2,480.5,118.2,35.6,16.54,93.5,567.5,Healthy
NMC,82.0,125,0.356,22.7,86.5,21.25,-8.2,84.5,Aggressive,2,507.6,87.2,34.0,34.89,93.96,220.9,Healthy
NMC,64.0,538,0.411,33.5,41.3,29.02,9.8,95.7,Moderate,1,965.6,242.7,32.3,25.52,85.87,213.1,Normal Wear
NMC,45.0,833,0.06,27.7,81.4,31.87,19.8,112.1,Moderate,1,320.6,125.4,39.7,23.25,84.79,163.4,Normal Wear
NMC,75.0,145,0.666,31.1,71.5,21.01,17.1,101.3,Moderate,1,130.5,101.4,35.5,20.37,92.76,342.6,Healthy
NMC,64.0,419,0.083,30.8,78.3,24.93,29.7,38.4,Moderate,1,261.5,101.2,31.8,16.82,87.96,335.3,Normal Wear
NMC,100.0,98,0.713,15.5,62.7,22.5,37.3,59.8,Moderate,1,606.4,315.7,31.8,21.88,95.09,432.2,Healthy
LFP,45.0,408,0.483,23.7,87.5,25.94,30.9,39.9,Aggressive,1,684.6,386.8,36.8,23.93,91.63,164.9,Healthy
NMC,64.0,93,0.472,31.5,57.2,19.77,1.5,100.7,Eco,0,84.7,396.1,32.4,22.67,94.81,264.8,Healthy
LFP,45.0,1048,0.614,30.9,55.1,39.22,15.3,51.6,Moderate,2,364.0,397.6,33.3,19.32,82.64,193.8,Normal Wear
LFP,45.0,101,0.738,16.5,56.6,21.95,10.5,37.4,Moderate,1,899.2,304.8,31.8,22.05,96.35,200.4,Healthy
NMC,75.0,795,0.804,33.2,82.6,35.26,29.8,34.6,Aggressive,1,1035.0,394.1,33.2,26.32,78.46,224.4,Degradation Warning
NMC,82.0,1010,0.485,30.7,67.2,38.01,36.5,36.4,Eco,0,155.9,116.1,36.8,15.26,78.41,419.3,Degradation Warning
NMC,75.0,297,0.171,21.2,69.5,20.56,4.9,49.7,Eco,1,622.5,280.5,34.9,19.94,90.15,340.3,Healthy
NMC,45.0,859,0.753,29.5,85.7,37.01,15.4,103.2,Aggressive,1,179.7,336.0,33.4,27.93,79.49,131.7,Degradation Warning
LFP,64.0,243,0.083,25.6,85.8,22.46,28.1,48.8,Moderate,2,866.5,400.1,31.0,20.83,94.99,293.9,Healthy
LFP,100.0,1111,0.696,30.0,48.9,41.81,-7.4,53.1,Eco,0,188.4,184.9,32.0,20.29,80.06,399.4,Normal Wear
NMC,75.0,1363,0.594,16.2,70.2,47.08,40.1,113.1,Moderate,1,116.0,274.7,33.7,27.28,73.32,199.3,Replacement Required
NMC,82.0,625,0.774,24.9,46.9,33.06,31.6,69.2,Moderate,2,528.9,211.2,35.0,18.92,84.04,360.8,Normal Wear
LFP,45.0,38,0.768,34.1,87.8,20.22,18.2,75.9,Aggressive,2,113.7,258.4,36.2,19.66,98.81,230.5,Healthy
LFP,100.0,659,0.093,30.2,86.0,28.72,30.5,25.3,Moderate,1,979.3,246.2,32.0,21.21,90.07,427.4,Healthy
LFP,75.0,1386,0.538,31.7,86.7,45.29,33.5,33.2,Eco,1,992.2,367.4,36.0,19.1,77.67,309.6,Degradation Warning
NMC,75.0,1386,0.15,25.6,78.8,44.79,15.7,99.1,Moderate,2,614.1,358.4,35.7,23.98,79.73,250.6,Degradation Warning
NMC,75.0,116,0.113,30.4,65.7,18.56,12.9,58.3,Eco,0,687.0,208.2,35.6,17.13,95.84,413.0,Healthy
LFP,75.0,1095,0.409,26.0,62.3,40.56,33.6,40.0,Moderate,2,159.1,168.4,30.0,18.63,84.73,338.9,Normal Wear
LFP,100.0,194,0.128,21.5,61.7,19.78,34.7,67.9,Moderate,2,332.0,367.8,35.3,20.53,95.86,466.6,Healthy
NMC,64.0,1381,0.632,25.5,43.6,44.27,-3.6,29.5,Moderate,2,145.2,404.1,34.1,26.3,73.18,175.3,Replacement Required
NMC,82.0,1396,0.825,35.7,92.2,47.01,37.2,95.9,Aggressive,2,257.2,76.5,34.5,26.68,68.0,210.5,Replacement Required
NMC,82.0,1158,0.506,33.8,64.8,42.4,4.4,33.0,Aggressive,1,473.4,245.4,39.4,27.06,74.98,225.3,Replacement Required
NMC,45.0,367,0.238,21.0,91.2,23.53,24.7,30.5,Eco,0,818.2,340.0,30.8,17.48,89.44,225.4,Healthy
NMC,58.0,20,0.725,24.5,88.4,21.02,26.9,67.0,Eco,1,873.6,415.1,39.9,17.69,96.88,321.1,Healthy
LFP,64.0,82,0.732,21.5,85.6,22.73,4.5,83.7,Moderate,1,533.4,255.7,28.7,24.09,96.6,258.5,Healthy
NMC,45.0,245,0.636,28.1,72.4,24.83,5.8,101.4,Moderate,1,351.6,321.7,34.2,25.74,89.85,154.8,Healthy
LFP,45.0,442,0.542,33.0,45.6,28.16,26.7,32.1,Moderate,1,971.6,396.7,36.3,20.05,91.32,203.3,Healthy
NMC,75.0,1062,0.744,39.2,57.8,37.48,-0.9,58.5,Aggressive,2,525.1,201.3,32.2,31.37,71.65,169.4,Replacement Required
LFP,58.0,50,0.181,18.4,73.2,16.8,34.6,51.9,Aggressive,0,672.6,379.7,35.7,24.65,98.5,234.5,Healthy
LFP,58.0,864,0.795,32.2,40.7,37.04,1.6,99.4,Aggressive,1,320.1,163.2,33.1,31.47,82.2,154.1,Normal Wear
NMC,64.0,652,0.808,27.0,42.3,33.96,8.3,61.9,Moderate,1,79.8,323.9,35.6,19.8,82.71,265.0,Normal Wear
NMC,58.0,43,0.748,24.8,77.3,20.48,3.9,87.8,Moderate,2,197.4,404.6,34.6,24.9,97.09,225.0,Healthy
NMC,45.0,856,0.251,21.4,88.9,31.83,2.8,73.9,Eco,1,855.7,296.9,34.6,20.87,83.99,185.5,Normal Wear
NMC,58.0,1002,0.737,37.7,87.0,37.69,40.9,82.0,Aggressive,0,331.9,201.7,38.7,23.7,72.96,180.0,Replacement Required
LFP,58.0,1254,0.448,17.2,49.2,42.19,3.2,61.6,Eco,1,151.7,97.3,37.5,17.52,82.42,274.5,Normal Wear
LFP,82.0,180,0.526,24.1,90.1,24.98,20.1,48.9,Eco,1,770.4,140.2,33.5,16.34,95.42,484.5,Healthy
NMC,45.0,1298,0.722,29.2,78.3,45.63,28.8,31.0,Eco,2,573.6,325.2,36.6,16.16,71.33,199.9,Replacement Required
NMC,100.0,133,0.074,29.7,79.4,18.72,-7.8,42.3,Moderate,1,27.9,416.4,35.4,25.94,95.27,366.2,Healthy
NMC,58.0,523,0.34,34.5,56.7,25.73,35.8,42.3,Aggressive,1,1189.0,367.4,32.9,27.98,86.67,178.4,Normal Wear
LFP,58.0,974,0.703,21.7,79.4,40.02,-2.0,118.5,Eco,1,458.7,347.0,34.1,29.72,82.19,158.8,Normal Wear
NMC,75.0,1263,0.701,30.7,79.0,44.09,20.6,118.7,Eco,1,786.2,76.6,37.2,23.86,71.94,229.5,Replacement Required
NMC,58.0,376,0.729,26.6,72.7,28.7,23.3,50.6,Eco,1,1180.3,326.8,32.7,18.45,87.75,278.5,Normal Wear
NMC,58.0,188,0.185,27.2,59.7,18.38,22.7,35.6,Moderate,2,761.5,359.6,34.0,19.49,93.49,279.9,Healthy
NMC,82.0,988,0.615,24.2,84.6,38.34,28.1,53.2,Moderate,2,374.0,183.7,37.2,17.25,78.57,374.3,Degradation Warning
NMC,45.0,261,0.167,28.0,91.6,20.61,38.4,104.6,Eco,1,586.0,419.9,37.5,23.26,90.52,177.6,Healthy
LFP,64.0,158,0.678,26.1,87.8,22.99,38.2,112.1,Moderate,2,123.4,82.6,35.4,25.39,95.37,236.2,Healthy
NMC,45.0,116,0.246,24.9,53.4,19.97,20.1,75.1,Eco,2,203.1,206.9,33.2,14.4,94.67,295.8,Healthy
NMC,75.0,166,0.64,23.8,64.5,21.41,9.2,79.0,Aggressive,2,374.0,144.4,36.3,25.08,92.12,274.7,Healthy
LFP,45.0,1225,0.414,29.2,58.8,42.95,6.7,70.9,Eco,0,101.7,410.4,30.7,17.92,83.14,204.1,Normal Wear
LFP,58.0,1100,0.839,19.0,78.9,43.74,36.1,43.3,Moderate,1,136.2,305.2,32.3,18.99,80.87,249.7,Normal Wear
NMC,75.0,1085,0.514,25.8,85.7,40.96,34.4,30.0,Moderate,1,1007.4,215.9,38.3,20.89,77.84,279.9,Degradation Warning
NMC,45.0,885,0.556,22.4,51.9,35.35,5.4,87.1,Moderate,2,299.5,410.4,38.1,24.25,81.98,153.2,Normal Wear
NMC,75.0,562,0.345,26.3,92.1,27.8,-2.1,104.9,Moderate,1,387.1,91.5,33.1,28.38,86.83,229.8,Normal Wear
NMC,64.0,711,0.638,26.3,77.3,32.79,34.8,99.9,Moderate,2,208.3,146.8,31.7,22.59,83.09,232.3,Normal Wear
NMC,45.0,1045,0.446,32.2,52.0,39.71,21.6,115.0,Eco,1,485.1,217.9,31.7,22.8,78.36,150.1,Degradation Warning
NMC,100.0,1331,0.064,31.0,60.4,42.52,6.3,106.4,Eco,1,837.3,113.5,33.3,24.98,78.95,310.1,Degradation Warning
NMC,58.0,1181,0.537,28.8,45.8,40.33,21.8,53.8,Moderate,2,1134.4,418.9,35.4,21.04,76.55,208.8,Degradation Warning
LFP,75.0,923,0.714,28.0,72.8,37.73,-6.6,36.7,Eco,2,646.5,270.7,32.8,25.3,85.59,254.3,Normal Wear
NMC,100.0,749,0.239,25.9,49.3,33.38,-0.1,68.1,Aggressive,1,360.3,126.7,34.1,27.9,85.24,310.5,Normal Wear
LFP,100.0,1265,0.227,25.7,78.1,42.84,18.4,59.8,Moderate,0,611.8,157.0,34.1,18.37,84.58,453.4,Normal Wear
NMC,82.0,350,0.537,16.5,80.5,24.5,18.0,97.9,Aggressive,2,153.2,208.7,36.9,24.72,89.92,291.1,Healthy
LFP,75.0,636,0.704,31.4,66.4,30.1,2.8,31.8,Moderate,0,812.6,324.2,32.8,23.32,85.28,272.3,Normal Wear
LFP,100.0,423,0.25,28.6,45.2,24.36,41.1,119.3,Eco,1,394.2,176.4,34.8,26.37,92.84,354.5,Healthy
LFP,82.0,527,0.796,34.2,73.6,30.31,11.4,120.7,Eco,1,1133.8,174.3,40.0,27.97,88.09,260.0,Healthy
LFP,100.0,1170,0.792,23.7,60.5,42.66,26.8,33.8,Eco,1,790.2,289.1,34.8,17.42,80.76,462.9,Normal Wear
LFP,58.0,1308,0.21,34.6,92.2,41.24,3.4,68.4,Moderate,0,571.4,86.0,34.7,19.99,80.67,227.1,Normal Wear
NMC,64.0,1058,0.261,25.8,68.2,38.43,12.1,114.9,Eco,1,276.7,319.2,34.2,24.3,80.32,205.9,Normal Wear
NMC,82.0,245,0.61,23.6,44.0,20.69,33.2,43.7,Moderate,1,110.3,261.7,35.1,17.96,91.96,423.7,Healthy
NMC,64.0,1003,0.811,36.3,75.0,41.27,34.1,94.2,Moderate,2,225.8,221.9,35.0,21.1,72.26,220.2,Replacement Required
LFP,75.0,884,0.618,29.2,82.9,37.29,-3.0,96.1,Moderate,1,684.0,207.5,35.9,28.03,85.12,231.1,Normal Wear
LFP,58.0,1148,0.406,37.0,48.8,40.91,8.4,48.4,Moderate,1,623.5,147.4,38.8,20.29,80.68,233.4,Normal Wear
NMC,82.0,764,0.185,28.0,64.7,32.11,0.6,25.6,Eco,0,11.4,154.1,33.9,17.4,84.75,406.6,Normal Wear
NMC,75.0,512,0.419,31.8,80.9,27.41,36.3,91.4,Eco,1,892.9,244.9,34.0,20.72,86.76,312.5,Normal Wear
NMC,100.0,338,0.535,33.2,41.1,24.94,29.2,86.7,Aggressive,0,48.2,139.4,39.0,21.59,88.9,410.5,Healthy
LFP,45.0,1262,0.315,25.3,41.6,43.89,19.3,90.0,Aggressive,2,93.6,268.7,33.8,22.3,84.75,172.3,Normal Wear
NMC,75.0,1320,0.458,29.1,77.2,43.97,23.8,40.6,Eco,2,854.3,297.4,34.4,17.3,75.5,331.3,Degradation Warning
NMC,64.0,792,0.154,27.9,79.9,32.23,37.5,85.4,Aggressive,1,775.3,230.2,35.2,26.6,84.57,197.8,Normal Wear
NMC,58.0,1384,0.412,32.0,86.5,45.78,5.8,79.2,Moderate,1,258.5,107.4,33.7,20.1,72.59,207.6,Replacement Required
NMC,58.0,471,0.123,20.6,62.0,25.28,-9.3,70.3,Aggressive,1,795.4,398.2,35.5,34.3,88.53,149.2,Healthy
LFP,75.0,963,0.089,30.6,61.4,34.54,-8.6,102.7,Moderate,0,22.8,361.6,32.1,28.29,88.24,234.2,Healthy
LFP,100.0,867,0.736,32.5,70.4,34.66,-7.6,63.8,Eco,0,333.7,403.7,30.5,22.36,82.47,371.3,Normal Wear
LFP,45.0,1036,0.214,22.9,81.7,37.98,-3.3,60.3,Moderate,1,911.5,198.9,31.6,25.64,87.15,157.8,Normal Wear
NMC,64.0,1233,0.51,21.7,75.3,44.01,19.7,79.1,Moderate,1,569.6,81.3,37.9,17.12,75.75,286.2,Degradation Warning
NMC,75.0,903,0.169,17.1,58.0,34.16,41.0,119.4,Moderate,1,1026.7,222.7,40.0,32.0,83.07,195.1,Normal Wear
NMC,75.0,438,0.26,39.5,59.1,26.81,11.8,59.4,Eco,2,172.4,232.8,30.9,17.49,87.57,376.0,Normal Wear
LFP,58.0,884,0.339,22.6,82.0,35.17,27.0,69.5,Moderate,1,1035.2,317.3,35.2,19.98,85.99,250.0,Normal Wear
NMC,64.0,808,0.165,35.5,69.4,29.8,31.2,51.6,Eco,2,583.4,327.1,36.8,17.12,81.65,311.8,Normal Wear
NMC,45.0,514,0.087,25.8,45.4,24.54,31.7,93.0,Aggressive,0,121.8,218.7,32.7,23.68,89.21,172.4,Healthy
NMC,58.0,1082,0.752,33.6,48.4,40.56,13.1,61.4,Moderate,0,55.9,412.0,36.5,18.3,75.27,234.9,Degradation Warning
LFP,75.0,181,0.059,30.5,86.8,18.24,18.6,94.3,Aggressive,1,1.6,109.3,36.6,22.07,95.63,324.4,Healthy
NMC,58.0,140,0.099,39.6,94.9,18.48,7.1,39.6,Eco,2,764.5,385.9,35.2,20.97,92.79,254.0,Healthy
LFP,58.0,418,0.694,35.7,58.5,26.42,25.8,51.4,Moderate,0,266.5,339.5,37.3,17.44,88.81,299.2,Healthy
NMC,82.0,1305,0.276,28.3,61.3,44.8,9.9,45.6,Moderate,1,175.1,256.6,34.8,19.55,78.3,322.6,Degradation Warning
NMC,58.0,747,0.628,28.9,48.5,31.13,6.2,102.7,Eco,0,721.7,336.9,37.7,23.28,82.73,204.2,Normal Wear
NMC,100.0,580,0.167,31.1,53.0,27.5,22.6,34.0,Aggressive,2,491.0,334.0,35.7,23.22,86.1,369.2,Normal Wear
NMC,58.0,623,0.24,43.1,63.4,28.0,7.7,50.2,Aggressive,1,539.4,128.4,36.7,24.5,81.87,192.2,Normal Wear
NMC,100.0,1172,0.508,27.4,55.6,39.93,11.2,75.7,Eco,1,160.8,256.4,39.1,17.11,77.52,450.0,Degradation Warning
NMC,64.0,559,0.841,19.2,78.6,31.93,27.0,33.8,Moderate,2,303.9,234.8,34.1,17.12,84.5,314.9,Normal Wear
NMC,58.0,375,0.109,28.5,69.6,21.94,34.4,26.1,Aggressive,0,118.8,243.0,33.4,21.42,89.27,245.2,Healthy
LFP,45.0,679,0.37,23.2,85.2,30.85,12.6,94.1,Moderate,2,402.0,128.9,35.3,21.13,86.97,186.2,Normal Wear
NMC,100.0,451,0.084,28.3,79.8,23.39,17.2,86.4,Moderate,1,370.3,204.7,32.4,19.75,89.06,452.5,Healthy
LFP,100.0,1108,0.209,33.9,47.0,36.13,28.8,25.8,Moderate,1,933.2,251.6,30.2,21.05,86.01,412.0,Normal Wear
NMC,75.0,1261,0.776,30.0,46.8,44.61,1.7,29.9,Moderate,0,1184.1,309.5,30.7,25.15,72.31,218.3,Replacement Required
LFP,64.0,582,0.127,23.4,89.3,27.77,11.6,46.9,Moderate,1,1199.0,218.1,37.1,21.96,91.77,261.3,Healthy
NMC,58.0,836,0.735,25.8,85.1,35.42,32.2,115.6,Moderate,2,463.1,296.4,33.6,27.63,78.91,165.8,Degradation Warning
NMC,45.0,1117,0.192,20.6,65.7,40.07,36.5,90.3,Moderate,1,951.7,286.1,30.9,23.83,81.23,153.4,Normal Wear
NMC,75.0,730,0.739,34.7,47.2,34.39,23.5,105.5,Moderate,1,334.9,354.5,33.6,23.93,80.84,248.8,Normal Wear
NMC,64.0,1235,0.48,31.9,89.4,43.45,10.5,100.9,Moderate,0,171.6,215.2,32.8,22.81,73.9,212.6,Replacement Required
NMC,100.0,1232,0.753,20.5,52.7,43.37,21.5,123.3,Eco,1,767.9,375.4,32.3,27.79,73.35,259.9,Replacement Required
LFP,45.0,31,0.171,42.1,42.0,15.89,-0.7,120.0,Moderate,0,572.3,79.2,33.9,30.49,98.15,143.2,Healthy
LFP,58.0,258,0.66,25.7,90.8,23.71,-8.5,31.7,Aggressive,0,712.4,385.3,37.7,30.68,93.74,176.6,Healthy
LFP,82.0,472,0.595,28.8,84.5,27.58,-6.1,27.3,Eco,1,439.6,403.0,36.1,23.23,91.32,325.4,Healthy
LFP,82.0,402,0.484,25.0,78.1,25.39,-4.4,74.7,Eco,0,362.5,214.4,34.3,19.75,90.64,375.4,Healthy
NMC,64.0,801,0.698,29.5,41.9,33.88,1.7,52.2,Moderate,1,1113.3,402.3,35.8,25.98,81.1,196.9,Normal Wear
NMC,45.0,67,0.569,27.6,69.1,20.7,14.0,75.5,Moderate,1,1060.2,372.6,36.7,21.44,95.26,205.3,Healthy
NMC,75.0,336,0.752,18.6,75.9,24.47,2.1,34.1,Moderate,0,148.5,90.0,36.0,19.13,88.94,349.9,Healthy
NMC,45.0,228,0.355,34.0,81.8,22.44,20.4,115.9,Eco,2,782.8,298.0,35.9,23.92,90.82,166.0,Healthy
NMC,100.0,1162,0.522,22.0,65.9,42.37,41.9,102.4,Aggressive,2,429.4,391.2,34.2,34.03,76.76,226.0,Degradation Warning
NMC,82.0,596,0.746,32.5,92.4,31.05,15.9,80.2,Moderate,0,681.0,142.1,39.7,18.88,83.61,365.5,Normal Wear
NMC,64.0,334,0.222,25.6,53.5,26.05,29.4,71.5,Moderate,0,248.6,392.2,34.6,18.16,90.7,320.8,Healthy
NMC,58.0,773,0.439,27.4,43.8,33.1,5.2,71.8,Moderate,1,868.4,142.4,36.0,22.11,82.66,219.0,Normal Wear
LFP,45.0,1079,0.819,29.9,58.3,41.14,40.1,86.6,Moderate,1,371.8,290.9,33.4,21.48,79.86,168.5,Degradation Warning
LFP,82.0,934,0.429,27.8,76.4,35.96,3.0,79.5,Eco,1,826.3,203.2,36.7,21.04,86.08,333.1,Normal Wear
NMC,75.0,774,0.252,31.5,80.5,33.3,21.0,73.2,Moderate,1,171.8,261.8,37.6,16.91,83.15,363.1,Normal Wear
LFP,64.0,573,0.331,22.8,80.6,28.13,41.1,92.9,Moderate,1,160.4,168.5,36.2,21.4,90.43,274.8,Healthy
LFP,58.0,422,0.758,33.2,46.1,28.75,32.0,101.5,Aggressive,1,417.2,212.6,37.4,27.42,91.03,192.1,Healthy
NMC,45.0,1150,0.814,20.8,88.7,41.26,41.6,89.3,Moderate,2,1196.6,246.2,37.6,25.33,74.37,133.3,Replacement Required
NMC,75.0,58,0.81,21.5,55.4,21.2,9.7,64.1,Moderate,2,1033.3,245.7,37.3,23.08,97.05,314.8,Healthy
NMC,58.0,600,0.609,30.5,51.5,31.84,-6.0,66.4,Aggressive,1,744.9,417.9,34.8,33.04,84.55,147.4,Normal Wear
LFP,100.0,199,0.458,33.3,73.8,21.68,2.7,34.9,Moderate,0,370.6,369.2,36.5,22.23,94.85,430.0,Healthy
LFP,82.0,31,0.196,28.7,51.7,15.89,39.8,66.5,Eco,1,196.9,121.5,34.3,16.57,97.78,483.4,Healthy
NMC,100.0,1382,0.149,36.0,67.9,43.19,9.3,103.6,Moderate,2,892.7,406.2,35.2,29.44,74.95,257.0,Replacement Required
NMC,82.0,962,0.098,22.0,62.4,33.12,-3.5,31.6,Moderate,2,245.0,268.9,33.9,26.08,84.74,261.1,Normal Wear
NMC,75.0,567,0.064,20.0,52.8,27.82,20.8,42.6,Moderate,2,493.7,283.4,31.5,18.82,88.34,347.1,Healthy
NMC,100.0,1169,0.752,32.0,56.1,44.36,16.0,109.3,Moderate,2,635.0,166.6,36.8,25.71,72.76,280.5,Replacement Required
NMC,82.0,82,0.697,27.7,63.5,20.67,-6.8,81.8,Moderate,2,111.1,176.1,33.2,26.99,96.21,284.0,Healthy
LFP,64.0,863,0.504,31.8,59.0,37.1,13.6,92.1,Moderate,1,935.3,118.3,36.5,22.12,84.25,244.2,Normal Wear
LFP,75.0,1125,0.849,20.8,61.0,43.48,22.9,57.2,Eco,1,1129.5,360.4,37.2,18.44,81.43,327.4,Normal Wear
LFP,82.0,1028,0.812,24.3,80.4,40.46,2.1,73.9,Eco,1,176.0,239.2,34.5,19.26,81.21,344.5,Normal Wear
LFP,45.0,1342,0.574,37.5,49.3,46.9,-3.5,101.2,Moderate,1,1041.1,104.2,37.9,29.31,74.25,112.5,Replacement Required
LFP,82.0,53,0.422,25.8,74.5,19.45,35.0,112.6,Moderate,1,581.7,225.5,34.1,27.41,97.88,290.5,Healthy
NMC,100.0,771,0.172,35.6,77.3,32.88,22.5,122.4,Eco,0,162.9,189.2,34.0,24.25,83.34,338.7,Normal Wear
NMC,64.0,68,0.462,31.7,84.1,20.81,-1.9,110.1,Aggressive,1,729.4,311.5,34.1,36.0,96.54,173.3,Healthy
NMC,58.0,677,0.176,25.3,86.6,29.31,22.7,31.7,Aggressive,2,1116.3,135.3,34.3,23.31,85.74,215.5,Normal Wear
LFP,58.0,720,0.369,35.5,48.7,32.44,28.2,59.3,Moderate,0,1148.9,397.4,34.3,21.1,86.72,240.3,Normal Wear
NMC,82.0,1100,0.804,29.0,47.6,39.51,21.1,99.9,Aggressive,0,863.7,343.4,34.5,29.59,76.12,209.9,Degradation Warning
LFP,58.0,128,0.324,27.1,73.8,18.11,-4.0,66.8,Moderate,1,592.3,207.0,40.0,24.42,94.71,224.4,Healthy
NMC,82.0,1004,0.172,26.5,81.6,36.72,-3.5,68.6,Moderate,0,224.0,135.9,32.8,21.49,81.69,307.2,Normal Wear
NMC,64.0,43,0.516,29.6,55.0,19.39,-7.7,104.4,Moderate,2,719.9,338.6,38.2,34.57,96.27,177.4,Healthy
NMC,58.0,240,0.532,20.2,68.9,21.85,2.2,108.3,Eco,1,736.1,111.5,34.7,25.28,92.05,210.0,Healthy
NMC,100.0,334,0.205,32.4,82.5,22.46,-6.9,104.1,Eco,0,133.3,100.6,34.2,23.73,89.23,376.9,Healthy
LFP,100.0,313,0.207,29.6,82.2,22.93,31.9,60.5,Eco,2,304.5,308.0,36.6,16.94,92.87,545.2,Healthy
LFP,45.0,1053,0.842,23.6,76.0,41.1,-9.2,47.8,Moderate,1,368.8,140.1,36.4,24.52,80.16,147.0,Normal Wear
NMC,82.0,1039,0.245,19.4,44.3,36.97,20.2,60.9,Eco,1,1031.6,295.1,33.2,18.14,81.45,367.1,Normal Wear
NMC,58.0,1037,0.721,25.5,42.8,38.37,32.1,95.1,Aggressive,1,700.1,194.4,39.0,26.68,78.39,172.6,Degradation Warning
NMC,100.0,657,0.426,28.5,61.4,31.12,36.5,61.5,Eco,1,292.7,103.6,32.4,16.75,84.45,509.3,Normal Wear
NMC,64.0,286,0.398,27.9,41.5,22.88,11.3,30.5,Aggressive,1,372.1,288.6,35.8,23.96,91.44,246.8,Healthy
NMC,64.0,107,0.286,27.9,89.7,21.46,22.3,105.1,Aggressive,0,175.1,296.2,32.9,27.75,94.46,217.5,Healthy
LFP,45.0,474,0.669,31.0,41.1,30.18,39.5,31.3,Eco,2,53.1,259.1,32.9,17.04,89.67,235.6,Healthy
NMC,64.0,1191,0.755,20.1,41.6,43.51,24.9,124.6,Moderate,2,611.7,192.1,37.6,28.96,74.98,167.0,Replacement Required
NMC,64.0,776,0.259,26.6,49.1,29.74,36.9,111.2,Aggressive,2,38.2,389.9,34.5,32.58,83.37,157.6,Normal Wear
NMC,58.0,450,0.126,28.8,74.5,27.67,25.6,120.6,Aggressive,1,1190.5,308.1,36.8,36.0,88.11,140.3,Healthy
NMC,82.0,930,0.16,29.8,69.8,35.54,-6.5,108.3,Aggressive,1,926.8,264.0,33.2,36.0,81.72,187.4,Normal Wear
NMC,75.0,261,0.684,32.4,76.3,23.66,0.2,35.1,Aggressive,1,933.4,238.4,30.8,31.29,90.9,214.1,Healthy
NMC,64.0,721,0.399,25.8,89.1,32.88,38.9,66.9,Moderate,0,905.4,365.1,36.4,21.72,84.58,248.9,Normal Wear
NMC,64.0,921,0.156,27.3,65.0,35.31,33.9,115.8,Eco,1,769.3,406.4,36.2,25.97,83.17,207.2,Normal Wear
NMC,75.0,760,0.322,22.6,42.4,31.35,12.0,34.1,Moderate,0,84.0,265.0,33.8,18.16,84.87,352.8,Normal Wear
NMC,64.0,85,0.461,29.3,82.0,18.35,-1.6,55.5,Moderate,2,547.2,87.3,36.1,24.55,94.78,242.8,Healthy
NMC,58.0,991,0.732,21.8,84.7,40.1,-1.8,71.7,Eco,2,334.8,241.9,34.0,22.02,77.35,199.5,Degradation Warning
NMC,58.0,397,0.563,30.4,42.7,27.61,37.1,70.0,Eco,1,357.9,295.9,38.8,17.08,87.93,296.7,Normal Wear
LFP,75.0,407,0.191,34.1,53.4,24.67,-1.4,119.4,Moderate,1,444.9,356.1,37.9,34.04,91.45,204.7,Healthy
NMC,100.0,800,0.177,29.8,82.4,32.37,10.1,64.5,Eco,2,384.8,178.7,33.7,18.42,84.12,454.8,Normal Wear
NMC,64.0,228,0.38,34.7,60.7,23.46,36.8,48.9,Aggressive,1,794.6,306.8,34.8,25.77,91.66,227.7,Healthy
NMC,100.0,35,0.11,24.3,66.0,16.18,-8.3,69.5,Eco,2,8.9,86.2,39.4,22.89,96.72,422.7,Healthy
NMC,64.0,1340,0.654,19.8,85.3,42.26,22.8,64.6,Eco,1,439.5,193.0,36.1,15.09,73.9,313.7,Replacement Required
NMC,82.0,1005,0.371,26.0,45.2,37.97,8.2,87.3,Eco,1,1133.3,174.6,35.7,21.39,82.5,316.9,Normal Wear
LFP,64.0,1263,0.324,23.3,77.3,43.59,-4.4,124.4,Eco,0,309.5,100.0,36.6,28.27,83.49,192.8,Normal Wear
LFP,58.0,386,0.457,24.0,51.8,26.03,19.5,80.1,Moderate,0,745.6,315.7,38.7,19.37,92.57,276.8,Healthy
NMC,45.0,799,0.617,13.7,43.4,33.15,15.2,71.2,Aggressive,2,672.5,199.0,33.5,23.17,83.58,159.8,Normal Wear
NMC,45.0,1272,0.505,28.1,76.4,42.7,-4.8,84.4,Moderate,2,587.1,146.3,37.4,27.0,76.06,127.7,Degradation Warning
NMC,45.0,459,0.692,27.1,46.7,28.16,3.9,123.0,Moderate,0,146.6,121.5,35.1,29.03,86.0,125.3,Normal Wear
LFP,45.0,709,0.553,32.1,81.1,30.91,28.5,87.5,Aggressive,0,1003.0,386.3,37.4,26.46,86.03,145.5,Normal Wear
NMC,100.0,1079,0.68,30.3,51.1,39.97,29.3,37.3,Moderate,1,680.7,118.6,33.7,18.7,75.91,400.9,Degradation Warning
NMC,100.0,866,0.607,25.9,42.7,37.64,21.1,116.3,Eco,2,646.3,373.0,37.6,25.03,80.76,321.6,Normal Wear
NMC,64.0,441,0.204,32.5,45.5,23.85,-4.3,84.1,Moderate,1,1139.1,251.9,32.4,28.28,88.71,204.1,Healthy
NMC,100.0,1232,0.092,32.3,86.3,39.83,34.4,40.8,Moderate,2,99.4,80.9,31.0,18.33,77.9,418.2,Degradation Warning
NMC,64.0,1221,0.773,24.1,60.4,44.92,-1.0,48.0,Aggressive,2,589.9,405.4,36.3,32.56,74.47,143.0,Replacement Required
NMC,82.0,627,0.807,28.2,56.6,30.45,27.5,37.1,Aggressive,2,847.2,263.6,37.3,23.7,82.78,286.7,Normal Wear
NMC,64.0,1358,0.632,36.1,67.0,47.58,-7.8,121.1,Moderate,1,956.6,181.2,35.5,36.0,68.03,123.2,Replacement Required
LFP,45.0,39,0.629,29.0,74.8,18.81,7.3,32.1,Moderate,2,1.0,163.9,39.7,19.28,98.75,233.9,Healthy
NMC,75.0,695,0.266,22.1,42.0,29.23,14.9,101.4,Moderate,2,818.6,181.0,34.3,24.48,85.53,260.9,Normal Wear
NMC,75.0,401,0.484,20.3,89.4,27.59,-8.5,58.8,Moderate,2,1146.8,145.2,38.2,30.02,88.88,218.9,Healthy
LFP,58.0,628,0.844,18.2,92.7,33.67,-1.1,33.1,Moderate,2,876.3,155.9,32.6,26.27,85.74,189.3,Normal Wear
NMC,58.0,162,0.735,14.7,63.0,21.42,6.6,68.4,Eco,1,502.8,202.7,35.5,18.33,92.81,292.9,Healthy
NMC,64.0,81,0.294,24.1,62.7,17.92,41.1,25.0,Moderate,2,1051.2,252.2,37.7,23.26,96.06,267.0,Healthy
NMC,75.0,1285,0.291,26.0,88.3,42.79,30.5,106.7,Moderate,2,1054.4,324.0,38.5,26.99,77.04,216.3,Degradation Warning
NMC,45.0,257,0.437,21.1,63.6,22.37,33.7,79.2,Eco,1,825.9,176.1,33.4,17.45,91.68,236.8,Healthy
LFP,100.0,1174,0.374,22.9,87.1,42.26,24.7,70.2,Moderate,1,799.3,117.3,31.6,19.2,84.24,435.7,Normal Wear
NMC,45.0,1166,0.347,21.3,41.6,41.44,5.2,107.9,Moderate,0,413.3,77.2,35.2,24.87,80.0,142.8,Degradation Warning
NMC,45.0,946,0.552,17.5,66.9,33.63,26.9,76.9,Moderate,2,291.0,200.2,37.1,16.4,79.46,218.3,Degradation Warning
NMC,64.0,361,0.059,26.0,92.4,21.58,25.0,84.5,Moderate,1,755.8,346.8,31.6,20.97,89.97,278.5,Healthy
NMC,64.0,474,0.661,31.0,53.9,27.8,21.7,106.5,Eco,1,9.5,185.1,37.0,18.82,85.6,288.8,Normal Wear
LFP,82.0,1241,0.642,23.9,54.6,43.11,5.5,97.1,Moderate,0,1011.6,146.0,40.0,25.39,80.17,260.1,Normal Wear
NMC,45.0,301,0.714,33.8,74.7,25.84,3.7,90.9,Moderate,1,1083.2,389.1,30.9,27.69,89.53,147.8,Healthy
NMC,45.0,905,0.723,27.9,90.9,38.8,7.5,95.4,Aggressive,2,196.8,301.8,28.5,30.64,77.8,120.4,Degradation Warning
LFP,64.0,1044,0.503,32.4,50.9,38.13,6.2,51.3,Moderate,1,687.0,411.5,30.8,23.92,82.35,223.4,Normal Wear
NMC,64.0,742,0.674,27.2,90.7,32.53,-6.0,36.7,Eco,2,213.9,266.3,38.8,23.19,81.63,223.7,Normal Wear
LFP,82.0,1375,0.444,31.0,76.5,44.77,31.7,87.3,Moderate,1,593.4,259.3,33.7,21.03,78.96,299.7,Degradation Warning
LFP,82.0,1255,0.811,18.5,94.6,42.37,9.2,47.4,Aggressive,2,766.1,410.2,33.2,29.26,76.94,212.1,Degradation Warning
LFP,58.0,106,0.203,32.1,80.5,19.17,26.7,29.8,Eco,1,468.6,283.7,33.4,15.89,97.23,353.0,Healthy
NMC,75.0,684,0.782,27.0,76.7,33.22,4.6,50.4,Aggressive,1,1073.8,250.2,36.2,29.43,81.64,205.4,Normal Wear
NMC,45.0,881,0.257,33.6,84.8,33.66,21.3,97.0,Moderate,2,1069.4,153.6,37.9,22.15,80.76,161.8,Normal Wear
LFP,45.0,80,0.132,25.5,49.6,17.66,-8.2,95.8,Aggressive,1,636.9,204.0,37.9,35.13,96.82,118.6,Healthy
NMC,82.0,816,0.401,37.5,92.0,32.63,-4.5,115.3,Moderate,2,696.6,266.7,37.5,36.0,78.65,180.1,Degradation Warning
NMC,82.0,114,0.542,30.2,49.1,20.11,9.0,92.5,Moderate,1,3.3,267.5,34.5,21.85,93.46,350.8,Healthy
LFP,58.0,805,0.235,21.6,41.4,31.69,4.0,69.0,Aggressive,0,405.5,229.4,34.8,24.74,89.15,202.9,Healthy
LFP,75.0,1190,0.495,33.8,78.4,39.5,8.4,51.0,Aggressive,2,912.9,311.3,32.4,29.44,78.45,208.2,Degradation Warning
NMC,58.0,1289,0.696,20.7,50.2,44.95,38.4,100.8,Eco,1,1192.9,124.9,38.6,22.69,74.31,194.4,Replacement Required
NMC,75.0,980,0.256,20.3,81.7,39.16,-6.2,66.2,Aggressive,2,1134.3,373.6,36.4,36.0,81.39,172.0,Normal Wear
NMC,100.0,316,0.514,34.7,83.7,24.44,14.1,106.5,Moderate,2,113.5,328.1,35.3,25.05,88.3,352.2,Healthy
LFP,45.0,1166,0.321,29.0,53.0,39.32,0.3,110.2,Aggressive,0,500.6,358.4,32.1,35.81,83.76,104.4,Normal Wear
LFP,58.0,713,0.474,27.4,44.8,32.17,8.5,60.2,Moderate,0,65.6,82.4,29.3,18.05,86.72,279.9,Normal Wear
NMC,82.0,418,0.584,24.0,67.5,25.55,25.2,59.4,Eco,1,1004.9,343.8,31.9,18.56,88.34,392.1,Healthy
NMC,58.0,965,0.33,32.0,89.0,35.57,40.6,116.4,Moderate,0,876.1,328.9,36.3,30.14,79.3,148.5,Degradation Warning
LFP,100.0,1274,0.846,25.4,86.6,45.04,26.1,64.7,Aggressive,1,1106.1,77.1,33.3,24.03,77.14,322.8,Degradation Warning
NMC,58.0,553,0.501,28.2,46.4,28.4,36.0,95.7,Moderate,1,602.0,227.8,38.8,22.72,86.56,221.0,Normal Wear
NMC,45.0,421,0.71,20.2,93.1,27.32,-2.3,62.8,Aggressive,0,123.9,176.7,31.9,25.11,88.18,161.1,Healthy
LFP,100.0,149,0.63,26.7,54.5,22.59,-0.6,98.1,Eco,2,700.8,159.5,35.0,26.06,94.71,368.4,Healthy
NMC,82.0,311,0.732,28.1,59.2,25.13,35.6,42.4,Eco,1,1040.6,125.0,35.8,18.28,89.1,394.9,Healthy
NMC,82.0,295,0.189,30.2,48.2,21.68,21.6,108.6,Moderate,1,60.1,158.7,29.7,23.26,91.5,324.6,Healthy
NMC,64.0,931,0.228,29.0,60.8,32.69,31.2,123.3,Eco,0,977.8,336.7,37.4,27.58,83.02,193.4,Normal Wear
NMC,100.0,945,0.44,25.0,75.0,34.95,1.6,101.6,Eco,2,748.3,387.7,34.2,27.71,80.65,294.6,Normal Wear
LFP,64.0,74,0.732,28.7,67.8,20.97,8.1,60.9,Moderate,0,158.7,192.9,27.5,19.68,95.42,311.0,Healthy
NMC,64.0,758,0.208,32.9,85.5,32.78,-5.8,80.5,Eco,0,791.0,169.9,34.1,21.18,81.42,245.2,Normal Wear
LFP,45.0,1069,0.827,18.1,75.3,41.12,36.6,92.0,Moderate,2,74.5,172.6,37.7,20.04,80.36,180.1,Normal Wear
NMC,58.0,784,0.152,26.0,54.5,31.5,39.7,44.3,Eco,0,209.3,257.0,32.6,16.71,85.99,293.8,Normal Wear
NMC,82.0,1240,0.19,28.3,70.7,39.24,34.6,53.3,Aggressive,0,70.0,86.0,31.0,21.02,80.65,313.7,Normal Wear
NMC,82.0,661,0.184,21.5,43.5,28.34,12.7,105.2,Aggressive,2,701.2,271.1,31.0,33.22,85.4,213.1,Normal Wear
NMC,58.0,1286,0.519,32.6,71.9,44.12,7.7,119.5,Aggressive,1,345.3,392.1,34.0,36.0,73.35,120.2,Replacement Required
NMC,82.0,743,0.784,30.6,61.4,36.01,14.1,52.2,Eco,1,346.1,242.4,37.0,16.49,80.82,401.2,Normal Wear
NMC,58.0,1233,0.254,33.0,45.4,41.43,23.2,39.8,Aggressive,1,775.8,209.5,35.8,22.35,77.0,205.1,Degradation Warning
NMC,100.0,821,0.492,40.0,56.9,34.22,12.4,123.2,Moderate,0,132.0,83.9,29.9,28.91,78.27,270.3,Degradation Warning
NMC,45.0,757,0.191,29.0,89.4,31.59,11.9,57.0,Eco,1,759.8,261.7,33.3,18.07,84.1,212.7,Normal Wear
LFP,45.0,777,0.555,25.3,72.2,32.66,12.4,102.8,Eco,2,837.5,117.7,36.6,21.74,85.72,172.8,Normal Wear
LFP,45.0,586,0.149,32.6,89.7,26.49,28.7,62.9,Moderate,1,1028.9,231.6,32.2,19.75,89.22,204.9,Healthy
LFP,58.0,1319,0.443,23.5,62.6,43.76,30.9,119.9,Moderate,2,805.7,178.1,33.9,28.91,83.41,167.6,Normal Wear
NMC,58.0,359,0.574,29.8,93.8,24.24,35.3,85.0,Moderate,0,784.1,161.3,31.0,20.98,88.69,244.1,Healthy
NMC,75.0,172,0.513,33.2,59.8,22.36,2.6,66.5,Aggressive,1,787.9,405.1,34.7,30.33,91.82,229.1,Healthy
LFP,82.0,1023,0.162,32.0,81.6,37.56,-1.8,42.8,Aggressive,1,49.4,345.7,35.6,28.44,84.52,244.4,Normal Wear
NMC,82.0,446,0.179,35.4,56.8,24.67,7.9,50.6,Moderate,2,530.1,111.8,39.3,21.23,88.83,344.6,Healthy
NMC,75.0,1022,0.587,25.4,45.8,39.87,11.9,110.7,Moderate,2,661.4,180.7,35.2,27.45,78.67,216.9,Degradation Warning
LFP,75.0,223,0.697,31.3,85.8,25.43,26.5,30.7,Moderate,1,798.1,316.2,35.7,19.48,93.18,356.6,Healthy
LFP,45.0,1155,0.776,27.6,81.9,43.24,29.4,40.7,Aggressive,1,349.5,358.2,35.4,21.85,80.11,171.1,Normal Wear
NMC,75.0,344,0.701,28.5,85.1,27.16,41.2,44.3,Aggressive,0,813.5,254.3,33.8,26.14,88.42,259.0,Healthy
NMC,58.0,1301,0.829,28.5,56.5,45.9,9.7,32.1,Eco,2,475.0,385.1,35.2,19.18,71.52,216.1,Replacement Required
LFP,64.0,969,0.377,30.2,78.7,37.72,10.9,93.6,Moderate,2,858.4,196.6,39.4,24.13,84.9,226.9,Normal Wear
NMC,58.0,970,0.315,26.8,52.1,36.14,18.2,123.1,Moderate,1,222.1,96.6,34.0,26.5,81.44,175.6,Normal Wear
LFP,75.0,1393,0.073,18.5,40.6,42.46,32.7,38.9,Moderate,2,365.6,399.5,32.0,20.35,86.39,313.9,Normal Wear
LFP,82.0,958,0.41,27.9,87.7,37.45,24.4,104.9,Eco,2,1139.5,214.8,36.3,22.43,86.37,317.8,Normal Wear
LFP,58.0,976,0.571,29.2,68.8,38.21,19.8,42.7,Moderate,1,909.5,78.1,32.0,18.41,83.07,266.8,Normal Wear
NMC,82.0,913,0.702,26.7,94.1,38.41,23.7,122.4,Moderate,1,1078.3,321.7,37.2,31.14,78.25,205.1,Degradation Warning
NMC,58.0,454,0.264,29.6,61.2,24.77,14.2,75.7,Eco,2,240.2,158.1,31.7,16.03,89.81,325.9,Healthy
LFP,82.0,1323,0.461,26.3,92.6,44.61,29.5,109.8,Moderate,2,1131.5,101.9,39.3,26.38,78.27,240.2,Degradation Warning
NMC,100.0,390,0.58,25.4,73.8,27.41,-6.1,42.1,Aggressive,1,893.0,365.4,35.7,34.25,89.67,256.4,Healthy
LFP,58.0,952,0.491,35.3,68.2,36.45,16.5,113.5,Moderate,1,708.7,154.9,33.7,26.18,82.55,181.2,Normal Wear
NMC,82.0,268,0.269,40.5,56.7,22.94,31.9,33.2,Aggressive,0,15.3,260.2,36.4,20.89,90.52,355.2,Healthy
NMC,64.0,910,0.687,32.3,85.4,39.21,5.7,27.3,Moderate,2,62.3,284.3,36.2,21.32,77.49,236.1,Degradation Warning
LFP,45.0,200,0.189,23.6,85.6,19.43,33.9,95.9,Eco,1,926.9,400.8,36.1,21.47,94.78,194.4,Healthy
LFP,58.0,722,0.774,28.4,62.9,34.4,30.7,35.7,Aggressive,2,802.8,208.8,35.0,23.36,85.13,207.8,Normal Wear
LFP,64.0,1018,0.812,27.9,80.0,42.34,20.2,111.6,Aggressive,1,256.4,245.5,34.3,29.53,81.11,172.1,Normal Wear
LFP,45.0,97,0.342,31.0,64.6,17.27,3.1,87.1,Moderate,1,529.6,175.6,38.4,23.0,96.46,193.4,Healthy
NMC,58.0,938,0.351,28.1,80.7,36.35,34.8,58.1,Eco,2,787.2,233.2,34.3,18.03,81.42,267.7,Normal Wear
LFP,64.0,904,0.645,30.7,94.7,37.78,-8.4,52.7,Eco,1,18.3,72.5,33.9,20.38,82.53,265.9,Normal Wear
LFP,64.0,355,0.415,37.7,54.4,24.61,20.8,33.2,Moderate,1,812.6,370.5,36.1,19.69,91.82,303.0,Healthy
NMC,100.0,69,0.073,15.9,74.9,19.5,30.7,93.7,Eco,2,481.9,93.1,35.8,18.27,96.66,529.9,Healthy
NMC,64.0,104,0.786,24.0,60.9,22.38,15.2,116.7,Moderate,1,113.8,156.1,32.3,25.81,93.5,231.8,Healthy
NMC,100.0,714,0.395,32.8,70.2,33.26,-4.7,100.7,Eco,1,196.3,321.7,39.0,25.7,81.55,319.8,Normal Wear
NMC,75.0,23,0.213,26.7,88.1,17.74,33.4,86.9,Aggressive,1,512.0,294.5,31.7,26.24,97.2,277.2,Healthy
LFP,82.0,1012,0.495,30.6,59.1,40.0,37.3,36.9,Aggressive,2,751.6,333.1,31.6,27.71,82.64,249.9,Normal Wear
NMC,45.0,336,0.225,25.9,44.0,23.28,19.3,107.8,Aggressive,0,413.2,246.8,39.5,28.3,91.44,147.4,Healthy
NMC,82.0,1154,0.215,36.4,83.9,37.8,30.9,121.5,Aggressive,2,132.1,395.0,34.8,35.25,75.52,174.6,Degradation Warning
NMC,82.0,1377,0.487,34.0,70.5,46.12,21.8,51.3,Aggressive,1,991.6,400.7,35.6,25.49,71.71,228.6,Replacement Required
NMC,100.0,782,0.363,28.8,64.7,30.79,19.8,67.0,Moderate,2,600.3,335.3,33.6,19.68,83.21,423.3,Normal Wear
NMC,82.0,1176,0.508,37.0,50.1,41.17,-3.2,26.4,Moderate,2,339.5,182.6,34.3,25.61,73.88,236.1,Replacement Required
NMC,64.0,631,0.847,28.9,45.1,32.15,12.7,108.2,Moderate,1,820.0,84.4,37.8,25.61,82.62,208.9,Normal Wear
LFP,100.0,1024,0.737,27.4,55.3,39.44,25.3,27.1,Aggressive,1,403.5,262.3,36.5,22.23,81.29,366.6,Normal Wear
NMC,82.0,933,0.056,35.8,79.5,35.51,13.6,73.7,Moderate,0,434.1,73.2,36.3,17.61,80.35,374.6,Normal Wear
NMC,100.0,818,0.09,18.6,62.6,31.87,22.1,82.6,Moderate,2,333.1,353.3,32.0,19.9,83.22,426.6,Normal Wear
NMC,75.0,138,0.538,28.0,71.4,23.46,36.5,30.6,Moderate,2,433.1,275.8,34.5,20.33,92.74,345.0,Healthy
LFP,100.0,369,0.551,29.1,44.5,25.61,9.0,42.6,Eco,1,314.9,286.6,36.7,18.34,92.19,504.7,Healthy
NMC,58.0,936,0.753,25.7,46.8,35.67,33.1,104.1,Aggressive,2,1178.9,91.1,30.1,32.12,78.9,140.2,Degradation Warning
LFP,64.0,706,0.553,22.5,40.6,31.73,-8.5,50.3,Moderate,1,309.0,275.0,32.8,25.82,87.58,210.8,Normal Wear
LFP,45.0,561,0.232,26.6,77.0,28.63,34.3,97.5,Moderate,0,776.5,132.9,36.9,22.1,90.67,195.0,Healthy
LFP,58.0,1098,0.425,17.9,54.5,37.89,-4.5,99.9,Moderate,0,230.6,210.9,32.2,25.99,83.45,185.4,Normal Wear
NMC,58.0,380,0.697,36.3,93.2,26.36,6.7,65.7,Moderate,2,668.2,181.7,33.4,22.5,87.09,220.0,Normal Wear
LFP,58.0,727,0.788,36.6,57.0,35.25,16.7,31.4,Moderate,1,610.7,156.2,37.6,17.77,83.14,270.9,Normal Wear
NMC,82.0,704,0.24,27.4,60.0,30.14,23.8,26.1,Aggressive,1,664.4,226.5,36.2,22.6,85.83,313.3,Normal Wear
LFP,100.0,349,0.482,25.1,65.8,24.2,39.6,74.3,Eco,2,427.7,336.7,36.9,19.34,92.76,481.4,Healthy
NMC,100.0,238,0.177,18.1,57.6,22.33,6.0,32.1,Moderate,1,1044.9,151.6,36.2,23.4,92.52,390.6,Healthy
NMC,82.0,227,0.448,23.1,85.0,21.95,-5.6,97.6,Eco,2,357.5,248.7,36.2,26.87,91.15,266.6,Healthy
NMC,64.0,864,0.122,35.9,88.2,31.76,13.9,63.1,Eco,2,1045.7,194.8,35.2,18.41,81.22,286.9,Normal Wear
NMC,82.0,104,0.803,27.0,40.6,22.9,8.0,93.3,Eco,1,487.6,299.0,31.8,21.76,94.86,362.9,Healthy
LFP,82.0,704,0.56,23.9,76.0,33.81,21.2,65.8,Eco,2,782.7,268.5,34.0,17.08,86.84,421.9,Normal Wear
NMC,82.0,264,0.733,27.3,77.7,24.9,38.0,87.8,Moderate,1,12.1,297.5,34.4,20.58,90.64,360.7,Healthy
NMC,64.0,891,0.849,23.8,92.9,37.22,23.5,108.3,Aggressive,2,529.2,413.8,31.1,31.71,76.62,151.1,Degradation Warning
NMC,64.0,1042,0.196,17.5,60.4,35.95,20.1,113.4,Moderate,2,779.6,247.4,33.6,26.72,82.4,200.0,Normal Wear
LFP,75.0,1378,0.605,25.2,50.7,45.53,2.8,26.7,Moderate,0,357.1,106.0,34.1,19.98,80.05,301.0,Normal Wear
LFP,75.0,1255,0.76,20.7,68.6,43.14,3.8,89.6,Eco,2,385.7,85.7,38.6,21.08,79.89,286.1,Degradation Warning
LFP,75.0,615,0.511,29.6,64.6,29.77,12.7,81.4,Moderate,1,476.4,87.6,30.5,19.79,89.84,340.8,Healthy
LFP,75.0,704,0.562,32.6,83.5,33.11,36.3,88.7,Aggressive,1,322.9,193.3,35.2,25.01,85.65,253.9,Normal Wear
NMC,100.0,1226,0.376,22.7,89.7,42.66,20.1,30.8,Moderate,2,723.7,323.6,35.9,19.77,77.62,394.2,Degradation Warning
NMC,58.0,1176,0.59,28.2,44.8,42.09,15.7,32.0,Eco,0,59.0,364.0,36.8,15.3,77.13,292.6,Degradation Warning
LFP,58.0,1033,0.366,26.9,86.6,38.32,18.2,74.7,Eco,0,997.4,277.9,37.7,17.22,84.7,282.7,Normal Wear
NMC,75.0,1033,0.431,22.6,90.0,37.97,33.4,30.7,Moderate,1,1152.0,238.0,32.0,21.87,77.89,266.6,Degradation Warning
NMC,75.0,369,0.132,13.3,90.8,22.3,25.3,102.6,Moderate,1,198.8,366.3,33.9,22.74,89.26,295.7,Healthy
NMC,45.0,301,0.056,20.9,82.0,20.95,38.2,102.2,Aggressive,2,270.1,89.9,36.6,27.98,91.03,144.5,Healthy
NMC,58.0,312,0.094,22.3,80.8,23.15,20.3,36.7,Eco,1,1138.6,183.3,34.1,17.22,91.33,313.0,Healthy
NMC,45.0,1312,0.204,27.9,40.8,39.73,0.2,70.5,Eco,2,197.0,90.1,35.4,19.58,80.88,181.4,Normal Wear
LFP,45.0,1240,0.415,28.5,90.6,40.92,-9.0,84.5,Eco,0,127.6,395.9,37.9,21.17,81.87,166.9,Normal Wear
NMC,82.0,1003,0.067,34.4,59.3,34.89,6.5,110.9,Moderate,2,951.9,101.2,37.4,30.24,81.65,222.8,Normal Wear
NMC,100.0,39,0.175,20.8,42.3,15.5,-6.7,123.8,Eco,2,813.2,405.8,36.3,36.0,98.1,268.5,Healthy
NMC,64.0,778,0.675,22.1,62.7,35.14,11.2,26.7,Eco,1,815.8,325.8,38.0,18.92,81.07,275.9,Normal Wear
LFP,58.0,424,0.66,23.1,80.3,25.6,-0.2,72.6,Moderate,2,272.0,243.1,33.1,24.36,89.6,216.4,Healthy
NMC,75.0,1158,0.682,25.9,64.3,43.69,11.1,105.3,Eco,0,451.1,179.4,34.4,21.51,75.69,262.0,Degradation Warning
LFP,75.0,720,0.787,28.3,81.7,36.47,10.8,104.6,Aggressive,2,191.2,258.0,35.2,30.65,84.51,210.8,Normal Wear
LFP,64.0,999,0.145,29.6,68.0,36.15,4.4,79.2,Aggressive,0,193.9,294.9,32.7,25.27,88.32,219.6,Healthy
NMC,58.0,45,0.181,15.7,56.5,16.24,23.9,43.2,Eco,2,594.8,238.5,38.2,15.74,97.66,361.9,Healthy
LFP,75.0,585,0.317,34.2,51.2,29.71,12.5,80.9,Moderate,0,807.3,391.1,36.5,21.75,89.97,301.2,Healthy
LFP,75.0,414,0.782,29.8,63.2,27.63,36.5,64.2,Eco,0,384.9,118.8,36.1,15.85,88.94,420.3,Healthy
LFP,82.0,1020,0.67,32.3,42.0,38.4,-6.0,65.9,Aggressive,1,570.4,114.9,31.6,31.04,81.32,214.5,Normal Wear
LFP,45.0,542,0.309,12.7,63.2,27.76,11.4,57.9,Moderate,0,418.0,342.8,32.2,19.71,90.84,208.3,Healthy
NMC,75.0,881,0.12,32.0,43.8,31.45,30.3,39.4,Moderate,1,1097.7,266.3,32.3,21.18,83.52,296.6,Normal Wear
NMC,100.0,1126,0.543,21.0,88.2,39.89,15.7,98.8,Moderate,1,844.1,212.1,28.9,25.09,76.59,312.6,Degradation Warning
NMC,58.0,821,0.255,24.3,71.7,32.03,40.2,95.8,Eco,0,750.2,357.2,35.3,21.48,81.89,226.4,Normal Wear
NMC,100.0,569,0.475,35.6,75.5,29.12,-0.9,79.3,Aggressive,2,876.4,398.7,29.0,36.0,84.25,229.8,Normal Wear
LFP,64.0,106,0.803,30.9,55.9,20.03,6.4,60.5,Aggressive,1,321.5,253.7,34.4,25.41,97.18,246.3,Healthy
NMC,82.0,852,0.508,22.9,52.4,33.98,-4.0,107.3,Aggressive,1,1115.8,269.0,38.5,36.0,83.23,187.3,Normal Wear
LFP,58.0,406,0.789,31.8,78.9,27.24,2.8,41.0,Eco,1,239.4,89.2,35.5,17.84,89.57,296.3,Healthy
LFP,82.0,982,0.364,29.2,76.9,37.4,25.0,68.5,Moderate,1,165.7,244.5,33.3,17.21,85.25,407.7,Normal Wear
LFP,45.0,687,0.557,24.6,46.7,32.08,15.3,90.4,Moderate,0,1087.2,76.9,34.6,20.93,87.36,187.3,Normal Wear
LFP,75.0,305,0.765,29.9,53.1,27.65,-1.6,107.1,Moderate,1,311.9,212.1,37.3,29.06,92.19,243.6,Healthy
NMC,58.0,717,0.52,24.7,92.1,31.38,14.7,90.0,Eco,0,1018.0,408.2,35.7,20.47,82.59,237.9,Normal Wear
NMC,64.0,984,0.542,29.3,56.7,38.99,34.1,36.8,Aggressive,1,357.2,336.9,32.7,23.9,78.74,209.9,Degradation Warning
NMC,45.0,388,0.623,29.2,41.4,27.56,12.9,35.1,Moderate,2,353.4,327.0,35.2,19.43,87.3,201.6,Normal Wear
NMC,45.0,674,0.756,30.0,43.5,33.23,-9.3,30.0,Moderate,1,1149.3,344.7,34.9,28.75,83.49,133.6,Normal Wear
NMC,82.0,673,0.121,38.5,82.7,29.35,-7.1,81.0,Eco,2,1158.4,367.4,31.8,28.42,83.04,239.2,Normal Wear
NMC,45.0,716,0.319,32.7,81.6,31.55,12.8,49.3,Moderate,0,1154.1,84.9,37.6,19.66,82.67,185.5,Normal Wear
LFP,58.0,1043,0.368,33.0,61.0,36.94,20.8,41.0,Eco,0,164.6,377.8,28.6,16.29,83.45,295.7,Normal Wear
NMC,82.0,934,0.778,23.8,48.4,39.5,36.1,33.5,Aggressive,2,686.0,341.1,35.1,26.36,78.14,244.3,Degradation Warning
NMC,45.0,307,0.815,17.9,67.4,26.12,41.1,89.2,Eco,0,43.7,309.4,34.5,17.78,87.86,223.5,Normal Wear
LFP,64.0,114,0.146,25.9,58.3,16.71,41.0,100.3,Eco,0,823.8,212.0,33.2,22.23,97.47,275.2,Healthy
NMC,100.0,688,0.145,24.1,60.6,31.06,19.0,110.8,Moderate,1,805.3,175.2,32.8,26.41,86.25,325.4,Normal Wear
NMC,58.0,60,0.798,30.6,54.4,20.86,-8.1,84.5,Moderate,0,1190.8,137.2,40.0,26.04,96.49,212.1,Healthy
LFP,64.0,350,0.287,25.8,43.5,23.78,1.1,60.4,Moderate,1,1053.4,189.6,33.3,24.77,93.37,246.3,Healthy
NMC,64.0,1198,0.243,35.0,83.5,37.41,12.6,72.0,Eco,1,261.8,377.4,33.9,17.32,76.42,282.6,Degradation Warning
LFP,82.0,523,0.078,16.6,74.0,25.83,35.7,88.6,Moderate,0,532.6,89.8,35.6,20.07,92.44,379.4,Healthy
NMC,75.0,294,0.27,25.3,85.9,24.03,-8.9,96.3,Moderate,2,308.7,324.2,33.8,31.98,89.37,206.9,Healthy
LFP,82.0,198,0.605,29.2,67.7,21.84,16.5,89.5,Moderate,0,57.3,99.8,33.0,18.08,94.67,431.8,Healthy
NMC,58.0,156,0.391,21.1,94.2,18.92,24.0,121.2,Moderate,0,459.0,110.9,33.1,26.98,92.83,197.2,Healthy
NMC,58.0,786,0.463,32.4,92.9,34.05,5.0,100.0,Eco,2,129.2,139.9,34.1,22.03,80.15,210.7,Normal Wear
NMC,82.0,1007,0.784,32.2,54.9,37.75,6.4,100.1,Moderate,1,917.9,305.8,37.6,27.7,74.23,215.8,Replacement Required
LFP,75.0,1223,0.142,24.4,61.3,41.03,10.2,107.0,Moderate,1,467.3,368.0,35.1,27.03,87.55,244.2,Normal Wear
NMC,82.0,1225,0.107,42.9,81.4,39.9,4.3,71.0,Aggressive,1,37.5,119.6,38.9,24.17,72.81,237.9,Replacement Required
NMC,58.0,1302,0.732,20.3,82.7,45.53,12.7,51.4,Moderate,2,324.8,151.9,37.9,18.42,72.13,236.8,Replacement Required
LFP,75.0,262,0.67,18.9,90.1,27.1,-1.8,106.6,Moderate,1,399.3,292.1,37.8,29.85,92.54,235.7,Healthy
LFP,58.0,1139,0.261,24.2,75.9,39.65,0.4,71.4,Aggressive,1,543.8,229.7,35.7,28.15,86.87,178.0,Normal Wear
NMC,75.0,216,0.309,28.1,66.1,19.57,-8.1,85.7,Eco,2,817.4,291.7,35.5,27.21,93.11,261.1,Healthy
LFP,75.0,545,0.298,17.3,60.8,27.83,11.4,68.0,Moderate,2,945.5,125.4,36.7,21.28,89.18,316.6,Healthy
NMC,82.0,651,0.568,30.7,63.1,32.32,26.8,64.6,Aggressive,2,1183.0,230.9,37.4,24.85,84.35,276.0,Normal Wear
NMC,82.0,427,0.099,41.8,86.8,21.71,16.3,92.1,Eco,2,1025.1,189.2,31.9,20.38,86.28,345.8,Normal Wear
NMC,82.0,1312,0.442,18.6,93.9,43.87,17.6,91.5,Aggressive,0,549.1,222.9,36.3,24.97,75.78,243.9,Degradation Warning
LFP,75.0,1214,0.157,28.2,42.9,38.15,13.4,55.9,Moderate,1,126.6,173.7,34.0,17.73,86.35,364.5,Normal Wear
LFP,75.0,710,0.706,32.7,71.9,33.46,20.4,43.9,Eco,0,796.8,120.1,34.5,16.01,83.76,390.5,Normal Wear
NMC,58.0,189,0.355,31.6,68.6,22.76,1.9,38.1,Eco,0,506.9,303.4,35.8,18.98,92.23,280.4,Healthy
NMC,64.0,178,0.472,40.0,60.7,20.87,0.8,36.4,Eco,2,486.7,304.2,30.9,22.57,92.24,258.8,Healthy
NMC,82.0,466,0.073,24.2,86.8,24.86,39.0,106.8,Moderate,2,405.3,162.5,39.0,26.04,89.12,281.5,Healthy
LFP,100.0,1037,0.097,38.9,71.7,36.66,13.4,53.6,Aggressive,2,202.6,272.0,34.1,23.87,82.81,344.9,Normal Wear
LFP,58.0,1125,0.59,26.6,57.2,41.45,33.0,92.9,Moderate,1,106.6,406.6,33.6,21.25,82.6,221.9,Normal Wear
NMC,58.0,1100,0.663,23.9,64.4,41.16,37.7,53.7,Moderate,1,982.7,258.0,36.4,21.47,76.78,208.7,Degradation Warning
LFP,45.0,131,0.618,38.3,59.6,18.92,22.0,91.7,Eco,1,222.0,179.9,36.0,16.03,95.8,269.7,Healthy
LFP,82.0,67,0.64,24.8,63.7,20.4,5.5,123.4,Moderate,2,839.8,178.0,32.1,35.09,98.03,223.7,Healthy
NMC,58.0,395,0.134,33.4,43.9,22.94,25.3,31.6,Aggressive,0,872.1,360.9,38.9,24.05,89.24,215.1,Healthy
NMC,45.0,847,0.605,24.0,46.2,34.2,12.4,90.4,Moderate,1,368.8,241.0,32.1,21.14,80.36,173.3,Normal Wear
NMC,100.0,52,0.195,19.4,74.3,17.45,40.6,53.3,Moderate,1,667.5,162.1,34.5,21.25,97.01,452.6,Healthy
LFP,100.0,523,0.128,19.4,77.6,26.4,32.2,33.3,Eco,2,853.6,290.8,30.8,19.26,92.14,477.8,Healthy
LFP,82.0,646,0.656,31.2,75.0,29.73,32.4,32.9,Eco,0,161.3,372.7,40.0,16.27,87.26,434.9,Normal Wear
NMC,75.0,1046,0.762,20.6,82.0,40.01,20.6,62.2,Eco,2,203.2,324.6,36.4,15.36,75.4,376.4,Degradation Warning
LFP,45.0,61,0.623,25.7,91.9,21.57,-9.6,79.1,Eco,2,861.1,100.2,34.0,25.51,97.79,176.8,Healthy
NMC,75.0,28,0.694,23.1,87.3,18.22,33.3,89.7,Moderate,2,335.8,189.6,34.8,20.37,97.6,356.2,Healthy
NMC,100.0,1019,0.843,21.7,63.0,40.64,-8.7,81.8,Moderate,0,128.6,354.4,32.2,24.9,76.66,309.9,Degradation Warning
LFP,100.0,838,0.158,22.5,52.0,31.26,-3.6,114.8,Moderate,1,624.3,216.4,37.2,33.49,88.69,263.8,Healthy
LFP,64.0,676,0.822,28.2,57.2,35.42,33.6,40.4,Eco,0,967.6,419.5,31.1,19.52,85.02,278.6,Normal Wear
NMC,64.0,1185,0.531,12.0,72.3,42.72,1.4,107.9,Eco,1,367.4,189.7,36.7,24.79,75.69,199.2,Degradation Warning
NMC,64.0,809,0.701,32.1,87.1,34.39,33.7,77.8,Moderate,1,312.6,387.6,32.6,19.92,79.54,259.1,Degradation Warning
NMC,64.0,1070,0.57,19.2,78.6,40.08,2.3,111.1,Moderate,2,249.3,230.8,38.5,30.03,78.83,166.4,Degradation Warning
NMC,58.0,1086,0.506,20.0,69.9,38.11,30.1,67.7,Moderate,0,572.0,397.6,33.3,19.56,78.82,230.7,Degradation Warning
NMC,64.0,1174,0.613,18.3,73.1,39.98,18.2,73.2,Aggressive,0,687.3,217.5,35.2,22.18,75.04,219.9,Degradation Warning
NMC,58.0,1259,0.306,28.6,69.1,41.9,24.9,67.2,Eco,1,161.5,234.0,39.1,14.38,77.97,312.4,Degradation Warning
LFP,58.0,617,0.789,35.8,93.4,31.17,33.6,34.6,Moderate,1,961.7,259.3,36.1,20.52,85.07,246.8,Normal Wear
NMC,82.0,1388,0.142,26.2,84.9,43.85,41.2,39.5,Moderate,2,636.1,83.9,36.4,21.01,78.46,313.2,Degradation Warning
LFP,58.0,955,0.304,29.6,83.0,33.92,-5.5,76.8,Eco,2,675.3,99.4,34.9,23.43,85.77,213.2,Normal Wear
LFP,58.0,1289,0.075,30.2,68.5,40.56,25.6,78.3,Eco,1,141.1,369.1,34.0,15.51,84.42,313.5,Normal Wear
NMC,64.0,1031,0.267,31.4,58.2,39.06,39.9,71.8,Aggressive,0,747.9,162.8,35.8,24.29,79.0,199.7,Degradation Warning
NMC,58.0,40,0.225,21.0,41.1,18.86,9.4,26.3,Eco,1,814.0,289.5,35.2,19.05,96.34,291.7,Healthy
LFP,75.0,1018,0.09,36.6,42.4,37.91,7.4,75.6,Moderate,1,484.6,161.0,36.5,20.59,84.23,301.6,Normal Wear
NMC,64.0,476,0.443,25.0,41.7,29.89,25.4,38.4,Aggressive,2,719.1,193.2,38.6,22.11,87.85,253.6,Normal Wear
LFP,45.0,1033,0.425,28.7,93.9,37.72,10.9,81.6,Eco,1,280.1,281.5,34.4,17.36,84.02,220.3,Normal Wear
LFP,64.0,284,0.112,26.1,46.3,18.02,1.2,53.8,Aggressive,2,767.1,188.5,33.7,30.7,93.48,194.8,Healthy
LFP,58.0,203,0.259,24.3,47.8,21.94,-1.6,124.1,Aggressive,2,639.6,324.0,32.9,36.0,95.05,154.1,Healthy
LFP,75.0,246,0.813,32.6,66.6,23.46,0.0,60.9,Eco,2,699.4,250.8,35.6,22.7,94.01,308.8,Healthy
NMC,64.0,1289,0.139,30.8,66.5,44.08,26.6,107.1,Eco,1,302.0,334.9,37.2,20.78,78.62,238.2,Degradation Warning
NMC,75.0,1116,0.294,13.9,90.6,39.18,37.8,49.6,Aggressive,2,946.9,144.9,34.1,26.37,79.11,229.2,Degradation Warning
NMC,45.0,1193,0.079,29.5,44.0,41.29,31.9,43.9,Moderate,2,991.2,295.7,36.0,20.48,82.12,177.1,Normal Wear
NMC,100.0,1112,0.169,39.6,92.6,38.07,13.3,47.1,Aggressive,1,125.7,179.7,33.7,22.38,76.95,338.6,Degradation Warning
NMC,45.0,988,0.61,28.1,51.9,37.6,17.5,58.3,Aggressive,2,1041.2,193.6,36.2,23.27,79.22,154.0,Degradation Warning
NMC,100.0,824,0.343,23.9,93.4,34.41,22.2,109.9,Moderate,0,931.1,135.3,33.3,26.22,82.14,309.9,Normal Wear
LFP,82.0,1273,0.412,24.7,69.8,43.52,20.2,101.4,Eco,2,663.9,115.0,36.2,19.57,82.65,347.3,Normal Wear
NMC,100.0,742,0.176,23.6,75.9,29.52,40.4,68.5,Moderate,0,66.1,378.5,34.2,19.98,86.09,432.3,Normal Wear
NMC,82.0,1115,0.596,20.1,57.4,40.83,36.1,43.8,Aggressive,1,627.9,401.2,29.7,27.24,77.3,234.7,Degradation Warning
NMC,64.0,1021,0.651,25.9,73.7,38.64,-7.7,29.9,Eco,2,562.3,207.7,35.5,24.52,77.73,201.4,Degradation Warning
NMC,82.0,894,0.195,25.9,79.1,34.29,33.5,86.9,Aggressive,0,268.2,337.2,35.9,24.64,84.15,279.6,Normal Wear
NMC,75.0,103,0.086,30.6,40.6,17.53,-4.1,95.7,Eco,0,1000.2,351.2,33.9,25.2,95.21,280.9,Healthy
NMC,82.0,759,0.115,23.9,41.9,31.03,25.9,85.6,Eco,0,384.6,119.6,30.7,16.53,87.21,435.4,Normal Wear
NMC,75.0,1342,0.576,39.1,94.3,45.31,4.9,75.1,Moderate,1,696.3,398.7,36.3,23.75,68.0,213.1,Replacement Required
NMC,100.0,1336,0.158,21.4,65.2,42.25,30.2,122.3,Aggressive,0,540.7,352.9,34.6,36.0,79.73,215.9,Degradation Warning
LFP,100.0,242,0.445,27.9,91.5,22.94,-9.6,27.5,Moderate,2,1054.2,346.4,34.6,32.07,95.29,295.7,Healthy
LFP,100.0,812,0.172,22.5,80.1,31.36,9.9,123.8,Moderate,2,601.2,393.6,35.3,34.02,90.46,266.2,Healthy
LFP,82.0,752,0.186,23.8,60.5,33.13,-8.9,52.6,Eco,1,333.6,193.5,37.4,22.37,89.26,325.4,Healthy
NMC,100.0,1259,0.053,25.3,48.3,40.48,39.6,63.3,Aggressive,0,866.6,380.3,32.5,28.04,81.68,289.2,Normal Wear
LFP,82.0,1274,0.307,28.2,93.8,43.33,-9.2,100.3,Moderate,0,920.9,419.3,32.5,31.42,84.21,221.4,Normal Wear
LFP,82.0,424,0.122,31.8,72.1,23.57,-1.9,47.7,Moderate,0,1121.6,151.0,36.9,23.98,91.81,316.2,Healthy
NMC,58.0,1212,0.365,24.2,50.6,40.92,18.0,96.0,Eco,0,895.5,112.5,38.6,18.73,78.41,237.3,Degradation Warning
LFP,58.0,348,0.528,18.0,77.5,26.24,23.6,58.3,Moderate,1,59.5,108.1,37.6,15.1,91.85,357.1,Healthy
NMC,82.0,445,0.344,35.2,45.1,26.88,27.9,119.1,Moderate,1,994.9,202.1,34.5,29.04,86.66,242.5,Normal Wear
LFP,75.0,789,0.614,21.1,87.7,34.32,2.8,42.2,Aggressive,1,578.8,353.1,33.3,29.21,84.9,218.3,Normal Wear
LFP,64.0,1239,0.643,25.5,45.0,41.5,5.7,118.2,Eco,1,175.5,332.8,38.1,26.55,80.97,196.6,Normal Wear
NMC,45.0,627,0.607,27.3,53.0,30.55,2.5,104.1,Eco,1,1174.2,139.1,38.3,25.45,83.31,150.0,Normal Wear
LFP,58.0,545,0.799,26.4,45.0,30.59,2.7,42.0,Aggressive,1,780.0,257.2,34.0,28.75,88.2,175.2,Healthy
NMC,82.0,644,0.24,18.5,45.7,28.5,30.7,63.8,Moderate,0,1070.8,196.5,37.3,20.16,87.54,356.2,Normal Wear
LFP,45.0,96,0.202,32.2,68.8,16.6,39.3,35.4,Moderate,1,213.2,361.1,37.8,19.59,97.25,221.4,Healthy
NMC,58.0,1320,0.538,12.0,77.8,45.65,21.0,85.0,Aggressive,0,931.7,351.5,32.0,26.22,74.23,162.5,Replacement Required
LFP,64.0,939,0.526,32.9,83.4,36.72,-1.8,121.1,Moderate,2,715.8,353.5,32.1,36.0,82.86,148.3,Normal Wear
NMC,75.0,965,0.458,33.9,78.2,39.22,-6.6,32.9,Eco,2,463.6,253.8,34.9,24.32,77.65,236.3,Degradation Warning
NMC,82.0,485,0.053,32.4,60.0,24.82,2.4,50.8,Aggressive,0,256.4,352.6,31.1,26.98,87.69,268.5,Normal Wear
NMC,64.0,1363,0.494,25.2,70.7,45.44,-0.8,100.5,Moderate,1,408.9,326.7,33.7,28.28,73.24,164.2,Replacement Required
LFP,58.0,1203,0.796,27.8,91.0,43.13,20.1,70.8,Moderate,2,640.9,253.7,35.0,18.15,77.8,248.3,Degradation Warning
LFP,82.0,511,0.318,23.0,61.3,28.94,26.3,58.9,Moderate,0,879.6,340.5,34.4,20.19,90.91,368.9,Healthy
LFP,45.0,332,0.824,27.4,53.9,26.22,-9.8,85.1,Moderate,0,523.1,201.9,30.5,25.15,93.5,164.7,Healthy
LFP,100.0,1204,0.335,30.8,68.6,40.85,12.9,54.4,Aggressive,1,471.0,342.9,36.5,25.14,83.14,331.4,Normal Wear
NMC,75.0,327,0.162,20.4,56.4,21.37,22.4,57.9,Eco,1,10.3,288.2,33.8,14.73,90.85,471.7,Healthy
NMC,58.0,1189,0.369,26.2,54.4,41.45,0.0,105.6,Moderate,2,1139.2,371.7,30.5,34.22,79.23,139.4,Degradation Warning
NMC,75.0,710,0.446,24.1,82.8,31.48,36.9,64.2,Moderate,1,924.9,382.3,35.9,22.3,83.83,279.6,Normal Wear
NMC,82.0,108,0.554,34.0,89.0,19.32,18.5,95.1,Eco,2,1195.1,206.1,35.2,20.47,93.78,367.7,Healthy
NMC,100.0,754,0.454,21.4,67.6,32.75,8.0,40.1,Moderate,1,1104.4,170.7,36.9,23.13,83.21,352.9,Normal Wear
NMC,64.0,797,0.479,30.8,82.9,34.69,-9.0,64.9,Moderate,1,1035.6,168.0,34.9,27.4,81.0,181.8,Normal Wear
NMC,75.0,770,0.069,26.7,50.3,32.79,15.2,80.2,Eco,1,69.7,184.1,35.2,15.22,84.98,416.0,Normal Wear
NMC,45.0,1351,0.253,26.3,70.1,43.82,7.5,51.7,Eco,1,738.7,87.7,35.8,17.88,77.56,193.3,Degradation Warning
NMC,58.0,390,0.299,30.9,75.0,23.93,40.4,67.2,Aggressive,1,270.4,395.9,33.3,25.43,88.77,199.8,Healthy
NMC,45.0,470,0.84,24.7,67.0,29.99,9.7,101.0,Moderate,1,1057.9,113.4,35.2,25.32,86.2,145.1,Normal Wear
LFP,75.0,186,0.286,27.6,46.4,20.27,37.9,41.2,Moderate,0,983.7,377.3,37.0,22.14,95.34,321.8,Healthy
LFP,100.0,411,0.767,33.7,80.4,27.89,25.7,75.1,Moderate,1,204.5,240.6,38.0,17.38,90.09,522.0,Healthy
LFP,64.0,755,0.294,22.3,86.1,31.86,-6.2,51.2,Moderate,1,943.8,385.1,39.6,27.69,88.16,209.3,Healthy
NMC,64.0,510,0.127,28.6,74.9,26.51,38.5,66.0,Moderate,2,1184.3,396.4,36.7,24.03,89.05,238.8,Healthy
NMC,45.0,944,0.248,32.3,49.3,36.08,-1.2,62.5,Eco,2,429.0,357.4,32.3,22.86,81.33,159.5,Normal Wear
LFP,82.0,1193,0.268,29.8,44.1,40.41,13.3,90.5,Aggressive,0,438.3,212.4,36.7,25.32,85.1,270.9,Normal Wear
NMC,82.0,1086,0.833,34.7,56.6,45.94,38.0,101.7,Moderate,0,30.2,214.4,34.5,22.47,72.63,267.2,Replacement Required
NMC,100.0,964,0.589,26.3,42.0,38.92,33.1,75.0,Eco,0,872.4,408.2,38.7,19.1,79.54,409.4,Degradation Warning
NMC,64.0,48,0.795,31.0,86.2,18.24,15.4,41.7,Eco,0,992.3,187.9,32.5,17.66,96.83,347.5,Healthy
NMC,45.0,1074,0.718,33.6,78.7,40.37,0.8,111.9,Moderate,2,55.9,213.9,38.3,29.69,73.22,106.3,Replacement Required
NMC,45.0,712,0.513,16.9,71.0,32.29,16.5,43.6,Moderate,2,1134.3,171.8,39.0,19.65,82.74,191.2,Normal Wear
NMC,45.0,147,0.59,24.6,88.9,22.21,18.5,82.8,Moderate,0,88.2,249.8,36.3,16.71,93.62,254.2,Healthy
LFP,75.0,786,0.55,29.3,46.1,36.22,41.8,77.7,Moderate,0,682.6,283.7,38.9,21.23,86.52,302.6,Normal Wear
NMC,100.0,1337,0.583,32.5,79.3,44.37,32.8,53.7,Moderate,1,1112.8,302.1,38.3,22.03,70.74,320.4,Replacement Required
NMC,82.0,460,0.262,28.5,48.1,27.15,34.8,120.3,Eco,1,1114.0,125.5,35.1,27.01,88.68,272.7,Healthy
LFP,82.0,888,0.377,35.4,43.4,35.26,41.3,92.7,Moderate,0,159.9,191.3,31.6,21.76,85.04,317.2,Normal Wear
NMC,75.0,543,0.524,23.8,47.3,29.4,17.2,72.0,Moderate,1,1165.6,418.6,33.0,22.09,86.16,289.8,Normal Wear
NMC,58.0,779,0.079,19.6,92.3,32.49,20.4,69.3,Aggressive,0,324.5,95.1,31.5,20.21,86.16,251.2,Normal Wear
LFP,75.0,129,0.436,31.8,64.2,18.2,13.6,34.2,Moderate,1,410.0,200.3,37.0,18.66,96.57,388.2,Healthy
NMC,100.0,1371,0.738,26.3,42.7,47.49,-3.5,103.1,Moderate,0,810.1,144.1,33.3,28.76,72.44,254.3,Replacement Required
NMC,45.0,1288,0.444,22.0,72.1,45.41,17.3,33.4,Eco,1,134.5,168.6,34.0,14.01,75.52,242.8,Degradation Warning
NMC,75.0,182,0.492,37.3,51.0,20.32,20.3,45.1,Aggressive,1,641.2,233.5,36.3,22.39,92.1,312.2,Healthy
NMC,45.0,579,0.212,31.5,40.4,27.85,2.3,41.4,Moderate,1,979.2,415.3,36.1,25.03,86.95,157.4,Normal Wear
NMC,100.0,418,0.685,30.9,81.7,28.29,30.7,31.8,Eco,0,595.4,354.3,33.8,17.77,85.66,480.1,Normal Wear
LFP,100.0,602,0.337,36.6,48.5,26.71,-3.5,108.0,Moderate,1,73.3,154.2,36.2,29.14,86.91,298.5,Normal Wear
NMC,64.0,418,0.815,24.7,91.8,28.65,16.1,115.6,Aggressive,1,966.1,118.1,39.3,33.48,85.88,168.1,Normal Wear
NMC,45.0,258,0.845,35.5,72.6,24.92,24.5,87.6,Moderate,1,288.4,282.2,37.6,18.39,90.33,219.8,Healthy
NMC,82.0,1075,0.783,29.5,44.8,42.88,-7.1,112.8,Moderate,0,966.8,376.7,34.7,33.78,76.75,189.8,Degradation Warning
NMC,75.0,1166,0.118,23.5,52.0,38.14,31.8,92.5,Moderate,2,1125.8,140.1,37.2,22.91,81.1,264.5,Normal Wear
NMC,100.0,129,0.317,27.0,73.6,19.43,5.8,93.5,Moderate,0,905.8,138.3,31.7,25.07,93.3,370.5,Healthy
NMC,45.0,1314,0.806,28.1,58.6,45.15,27.3,113.9,Moderate,2,39.8,309.4,34.4,24.18,72.27,137.2,Replacement Required
NMC,58.0,319,0.694,33.7,69.3,25.4,-4.4,34.2,Moderate,0,791.5,174.0,34.5,23.13,88.75,219.7,Healthy
NMC,64.0,1021,0.779,18.9,84.0,39.23,22.3,30.5,Eco,1,326.6,84.5,36.2,14.07,75.43,347.9,Degradation Warning
NMC,58.0,783,0.508,16.5,83.6,33.25,19.0,30.4,Moderate,1,238.8,175.9,30.9,16.94,81.44,282.8,Normal Wear
NMC,100.0,268,0.434,22.3,78.4,21.59,-2.2,66.8,Aggressive,1,913.0,143.7,36.7,30.99,90.59,288.3,Healthy
LFP,58.0,540,0.135,26.6,88.7,25.78,22.5,119.6,Moderate,1,347.5,184.7,30.2,27.13,91.01,197.8,Healthy
NMC,58.0,53,0.722,31.3,51.0,19.49,25.9,112.0,Moderate,0,172.3,355.1,40.0,24.55,96.45,230.9,Healthy
NMC,64.0,247,0.646,24.3,49.7,23.27,15.9,103.2,Aggressive,1,205.1,305.7,31.1,28.55,89.54,200.3,Healthy
NMC,64.0,604,0.097,29.5,84.0,27.52,20.1,65.4,Aggressive,1,812.7,167.9,34.2,22.46,88.06,251.4,Healthy
LFP,64.0,977,0.218,36.6,57.6,32.36,36.1,107.4,Eco,2,548.9,213.0,40.0,22.82,84.25,231.2,Normal Wear
NMC,64.0,832,0.496,16.8,68.2,34.79,26.3,46.8,Eco,0,250.4,144.9,37.3,14.21,81.91,372.9,Normal Wear
LFP,58.0,743,0.598,26.2,80.9,34.93,37.1,83.5,Moderate,2,95.6,263.8,39.1,19.67,86.04,251.1,Normal Wear
LFP,82.0,603,0.16,41.5,61.8,28.93,18.7,99.6,Moderate,1,1124.7,149.2,35.5,23.65,87.0,294.5,Normal Wear
LFP,82.0,589,0.246,22.7,47.2,27.21,-0.9,34.2,Moderate,0,1197.0,394.5,39.0,25.73,90.33,285.9,Healthy
NMC,64.0,239,0.204,22.1,77.4,22.23,2.8,112.4,Eco,0,473.0,164.4,37.6,24.51,91.79,236.5,Healthy
NMC,75.0,806,0.226,30.1,84.9,31.51,-0.8,97.7,Moderate,2,298.4,319.2,37.3,28.83,83.4,217.7,Normal Wear
LFP,45.0,547,0.787,23.8,40.7,31.01,7.4,78.3,Eco,2,50.1,207.9,33.8,17.72,89.51,232.4,Healthy
LFP,100.0,94,0.623,33.5,70.9,17.72,14.8,31.2,Eco,0,368.7,382.8,35.7,17.28,95.26,552.2,Healthy
LFP,75.0,155,0.64,41.9,65.8,22.67,3.3,94.5,Eco,0,699.3,180.4,34.3,21.5,94.0,330.6,Healthy
NMC,100.0,93,0.685,27.4,54.3,20.98,14.7,69.7,Moderate,0,629.3,75.6,35.9,18.43,95.05,523.7,Healthy
NMC,75.0,273,0.335,43.4,48.9,22.64,8.9,98.7,Moderate,1,493.6,107.1,30.7,24.35,89.79,275.7,Healthy
NMC,75.0,1061,0.664,24.3,50.3,40.22,18.9,28.6,Moderate,1,434.5,93.8,37.0,16.65,77.23,340.7,Degradation Warning
LFP,82.0,1041,0.833,26.0,79.9,43.06,12.3,82.5,Moderate,1,1173.9,178.5,37.4,22.46,80.37,290.1,Normal Wear
NMC,45.0,1086,0.609,21.2,69.5,41.42,12.6,69.7,Moderate,1,600.3,305.3,35.5,19.79,77.12,176.5,Degradation Warning
NMC,75.0,69,0.383,24.3,94.0,19.54,15.5,68.0,Moderate,0,10.6,250.6,35.5,16.81,95.02,420.6,Healthy
LFP,64.0,534,0.623,25.6,53.4,30.08,41.4,76.8,Eco,1,839.1,157.2,35.7,18.72,88.86,306.7,Healthy
NMC,100.0,763,0.771,29.5,92.6,37.29,18.9,37.4,Eco,0,699.9,419.6,35.1,17.92,78.67,435.0,Degradation Warning
LFP,82.0,750,0.153,19.5,68.3,30.62,27.6,118.5,Eco,0,189.8,93.0,38.4,22.19,90.41,330.0,Healthy
NMC,100.0,590,0.262,23.9,48.0,26.71,11.7,95.5,Eco,2,850.0,288.1,34.8,22.55,87.35,382.6,Normal Wear
NMC,64.0,595,0.785,24.0,48.1,33.67,6.9,33.5,Moderate,1,23.9,350.6,37.7,20.2,83.13,271.5,Normal Wear
NMC,64.0,1346,0.807,32.4,73.5,46.19,37.7,32.9,Aggressive,2,870.5,405.3,35.5,27.78,68.0,156.0,Replacement Required
LFP,75.0,1185,0.437,27.7,85.7,41.92,28.6,46.1,Moderate,0,179.3,194.0,34.7,16.62,81.7,367.5,Normal Wear
NMC,64.0,922,0.35,27.7,81.1,36.16,20.3,49.0,Moderate,2,1181.5,269.6,40.0,20.28,80.85,258.2,Normal Wear
NMC,45.0,221,0.276,27.5,76.1,20.2,7.5,74.2,Eco,2,613.7,158.1,32.7,19.1,92.5,220.2,Healthy
LFP,64.0,226,0.449,16.5,49.5,20.52,3.4,78.6,Aggressive,1,12.8,81.8,33.2,24.33,96.41,258.8,Healthy
NMC,75.0,434,0.798,36.6,46.0,29.74,3.1,39.6,Eco,0,1005.7,251.2,35.5,20.27,85.13,321.7,Normal Wear
NMC,100.0,240,0.17,21.5,40.0,22.34,16.2,122.4,Eco,0,989.8,276.7,31.7,28.03,92.75,335.1,Healthy
NMC,64.0,777,0.386,32.3,45.6,33.62,35.5,107.5,Aggressive,0,916.0,166.3,31.6,32.34,82.36,164.8,Normal Wear
NMC,82.0,1124,0.779,25.6,82.2,42.64,35.8,88.3,Eco,0,645.5,151.3,37.4,18.35,74.83,332.7,Replacement Required
NMC,82.0,782,0.329,23.3,89.2,30.94,28.7,52.8,Eco,2,262.1,168.3,37.9,14.88,83.1,461.2,Normal Wear
NMC,82.0,582,0.664,33.3,53.2,30.23,18.2,116.0,Moderate,2,768.0,253.5,33.4,27.89,84.4,252.6,Normal Wear
NMC,100.0,1328,0.361,19.8,83.7,45.18,2.2,56.5,Aggressive,1,1017.6,308.2,32.1,31.82,76.84,240.2,Degradation Warning
NMC,58.0,388,0.694,20.3,50.9,25.99,14.9,56.9,Eco,2,591.6,322.2,35.5,17.33,88.2,294.5,Healthy
LFP,82.0,915,0.835,27.9,53.7,38.47,26.1,60.3,Moderate,2,80.6,167.0,34.6,16.14,83.47,428.2,Normal Wear
NMC,82.0,1389,0.36,28.1,52.3,45.49,20.9,29.8,Moderate,1,1170.3,369.7,31.9,21.86,77.45,280.7,Degradation Warning
NMC,58.0,223,0.726,31.9,42.8,24.43,16.7,31.2,Moderate,0,812.1,239.8,37.2,18.94,90.71,280.0,Healthy
NMC,100.0,1068,0.841,31.3,50.7,40.17,12.3,72.6,Aggressive,0,1178.3,261.8,34.3,27.24,74.68,271.6,Replacement Required
NMC,82.0,976,0.837,26.6,60.5,39.4,29.1,113.2,Eco,1,224.4,149.9,36.3,21.44,77.68,294.3,Degradation Warning
NMC,75.0,88,0.397,27.6,62.3,20.16,33.8,119.2,Moderate,0,244.1,204.1,34.4,27.3,95.65,260.1,Healthy
NMC,100.0,535,0.439,26.1,57.0,30.56,27.6,102.6,Eco,0,120.6,88.1,34.9,18.33,87.19,469.9,Normal Wear
LFP,82.0,259,0.293,35.5,68.3,21.68,38.8,65.4,Moderate,1,252.6,272.0,31.0,20.45,93.4,373.4,Healthy
NMC,82.0,380,0.301,21.1,60.8,24.9,30.6,56.0,Moderate,0,130.0,332.1,39.9,17.8,89.99,417.3,Healthy
LFP,58.0,1074,0.444,27.2,93.4,37.75,13.4,46.6,Aggressive,0,327.6,260.2,35.7,22.09,84.61,219.2,Normal Wear
LFP,75.0,726,0.21,31.6,84.4,30.49,22.1,78.8,Eco,1,696.5,184.3,35.2,16.26,87.37,403.4,Normal Wear
NMC,100.0,709,0.619,33.7,91.2,32.29,16.2,73.2,Moderate,2,983.7,362.2,35.8,21.66,80.73,368.6,Normal Wear
NMC,64.0,676,0.479,23.0,70.7,33.72,18.4,71.7,Aggressive,1,115.6,90.2,30.5,19.65,83.62,265.6,Normal Wear
NMC,45.0,1365,0.768,21.2,77.3,47.79,36.6,56.6,Eco,1,189.0,157.1,35.4,15.39,70.8,195.8,Replacement Required
LFP,75.0,363,0.698,19.6,49.2,26.56,5.6,83.2,Moderate,2,347.8,87.5,31.4,22.67,92.03,305.4,Healthy
NMC,64.0,555,0.308,24.9,81.4,25.66,-9.3,85.8,Eco,0,412.0,207.6,33.9,21.64,85.52,256.2,Normal Wear
NMC,75.0,374,0.455,28.5,53.0,25.58,26.2,112.5,Aggressive,2,1067.0,157.6,33.9,32.93,88.39,202.8,Healthy
NMC,64.0,947,0.65,24.2,48.0,38.22,-0.6,101.1,Aggressive,1,272.1,308.9,36.2,33.58,80.29,148.3,Normal Wear
LFP,64.0,1002,0.205,31.2,42.3,36.0,-2.0,58.0,Moderate,1,153.5,97.5,34.6,21.71,85.54,257.7,Normal Wear
LFP,75.0,124,0.075,26.6,66.0,17.99,41.6,63.0,Moderate,1,1048.5,81.8,32.0,22.19,97.46,331.9,Healthy
NMC,58.0,1365,0.732,30.7,55.8,48.85,3.9,48.9,Aggressive,1,1059.2,263.5,38.7,29.33,70.91,144.0,Replacement Required
LFP,75.0,981,0.16,27.9,94.3,36.72,0.6,42.1,Eco,0,942.3,331.3,32.1,21.51,87.0,306.9,Normal Wear
NMC,75.0,546,0.762,16.9,53.7,29.43,-0.1,35.9,Eco,2,457.6,233.9,36.3,21.89,84.51,292.0,Normal Wear
NMC,64.0,523,0.781,20.1,87.7,32.49,11.4,28.4,Aggressive,0,1095.4,168.4,36.7,25.27,84.63,213.3,Normal Wear
LFP,45.0,1128,0.419,33.9,57.4,39.12,11.3,66.8,Moderate,2,527.2,244.5,35.5,20.09,81.63,180.0,Normal Wear
NMC,64.0,950,0.695,21.4,81.2,40.11,22.9,120.9,Aggressive,2,949.9,188.4,35.3,35.29,78.05,143.3,Degradation Warning
NMC,82.0,728,0.341,32.1,76.3,30.73,-4.6,78.8,Moderate,0,521.9,173.7,36.7,22.9,82.33,292.7,Normal Wear
NMC,75.0,254,0.737,27.8,70.9,24.32,23.0,99.2,Moderate,2,578.3,226.5,34.3,22.17,91.11,308.9,Healthy
LFP,100.0,1306,0.71,21.1,62.9,42.84,13.6,64.8,Moderate,2,1032.3,284.9,37.3,22.33,79.84,357.7,Degradation Warning
LFP,75.0,1049,0.113,31.5,76.9,37.29,0.8,63.4,Aggressive,2,1.1,272.5,34.2,28.48,84.73,221.2,Normal Wear
NMC,58.0,513,0.516,24.1,62.4,26.0,30.5,37.5,Moderate,1,328.8,107.9,36.9,16.57,88.14,309.2,Healthy
LFP,100.0,1332,0.562,27.9,70.1,45.26,14.7,55.0,Moderate,1,772.6,146.4,36.2,19.74,80.39,408.7,Normal Wear
NMC,64.0,897,0.051,25.7,72.4,32.72,27.3,117.9,Moderate,0,1106.3,72.5,35.6,27.71,84.78,195.1,Normal Wear
NMC,58.0,1393,0.834,12.0,54.7,47.36,37.9,74.0,Eco,2,15.1,223.4,30.8,16.89,71.84,238.7,Replacement Required
NMC,75.0,1243,0.375,31.0,58.7,42.58,8.4,45.4,Aggressive,0,557.2,339.5,36.2,25.52,75.01,220.0,Degradation Warning
NMC,64.0,986,0.464,31.6,41.0,38.49,36.7,91.4,Moderate,1,619.8,215.0,33.3,22.35,78.12,221.7,Degradation Warning
NMC,64.0,985,0.206,24.0,86.9,37.51,0.4,65.5,Aggressive,0,1199.3,419.8,35.8,30.82,80.43,162.8,Normal Wear
LFP,82.0,983,0.539,30.9,81.6,36.49,1.6,107.7,Aggressive,0,836.5,332.6,36.9,36.0,81.97,193.2,Normal Wear
NMC,82.0,916,0.698,21.8,50.1,37.14,24.5,34.3,Eco,0,151.6,201.2,34.3,14.68,79.85,443.1,Degradation Warning
NMC,45.0,1378,0.519,21.9,59.9,45.62,-4.7,77.2,Moderate,0,666.4,410.6,31.1,24.88,73.88,138.1,Replacement Required
NMC,82.0,236,0.68,28.4,63.2,24.53,13.6,105.1,Moderate,1,184.8,294.2,36.1,24.1,90.57,308.1,Healthy
NMC,100.0,642,0.635,22.8,58.4,32.35,1.1,110.4,Aggressive,2,871.3,391.8,33.8,36.0,83.44,231.2,Normal Wear
LFP,64.0,372,0.24,26.2,83.9,22.87,19.7,64.6,Moderate,1,436.1,100.6,38.5,16.49,92.65,361.7,Healthy
NMC,82.0,711,0.399,21.4,79.9,33.05,32.0,99.1,Moderate,1,793.1,265.2,31.4,24.68,83.85,284.8,Normal Wear
NMC,45.0,694,0.169,19.3,82.2,30.39,-7.8,121.6,Aggressive,1,1073.5,388.0,36.0,36.0,85.05,106.3,Normal Wear
LFP,75.0,650,0.084,28.2,89.7,30.65,11.5,87.2,Aggressive,1,950.0,297.8,34.6,28.58,89.75,233.8,Healthy
NMC,100.0,344,0.1,28.3,72.7,22.86,28.0,106.2,Aggressive,1,956.1,415.9,34.7,32.94,90.44,276.6,Healthy
NMC,82.0,920,0.804,27.1,73.8,35.82,7.8,82.4,Moderate,2,336.7,418.5,37.3,23.47,77.95,276.0,Degradation Warning
NMC,64.0,1271,0.838,25.3,79.7,44.46,-7.8,104.0,Eco,1,709.3,347.2,35.7,28.41,72.75,165.7,Replacement Required
NMC,75.0,1188,0.126,22.8,77.5,39.32,20.8,119.1,Aggressive,2,225.2,167.6,35.1,31.58,80.07,193.2,Normal Wear
LFP,64.0,327,0.318,20.5,87.8,22.44,-3.8,96.1,Moderate,2,265.2,368.7,34.0,29.81,92.94,203.2,Healthy
LFP,75.0,673,0.142,20.3,82.4,28.25,9.2,40.4,Eco,0,849.4,316.2,35.0,19.0,88.7,354.0,Healthy
NMC,100.0,304,0.717,23.4,46.6,27.67,41.5,33.2,Aggressive,1,488.2,107.2,30.6,25.8,90.59,351.0,Healthy
LFP,64.0,411,0.447,33.1,91.1,24.4,10.7,106.2,Moderate,1,1066.3,205.7,34.3,27.53,90.47,215.2,Healthy
NMC,82.0,379,0.547,28.4,77.6,25.23,33.8,50.8,Eco,1,584.6,376.1,33.8,18.28,89.1,398.7,Healthy
NMC,82.0,788,0.482,29.2,47.0,33.73,34.7,112.5,Eco,2,82.8,317.7,35.0,23.27,83.46,298.9,Normal Wear
NMC,45.0,816,0.618,19.5,82.5,33.45,3.7,44.6,Aggressive,2,497.7,219.6,35.2,27.85,81.18,136.8,Normal Wear
NMC,75.0,951,0.305,28.1,59.7,35.66,21.0,116.1,Aggressive,0,160.8,284.6,34.8,31.23,82.09,200.2,Normal Wear
NMC,45.0,184,0.16,29.0,84.3,16.8,39.3,105.5,Moderate,1,1193.4,397.9,35.5,28.82,91.81,147.1,Healthy
NMC,58.0,752,0.064,36.5,92.5,29.76,21.5,113.1,Moderate,1,28.5,279.2,34.1,24.01,82.64,203.2,Normal Wear
LFP,82.0,600,0.407,26.9,54.0,28.1,32.3,48.3,Moderate,1,674.1,149.7,29.7,19.9,89.1,367.5,Healthy
NMC,75.0,840,0.776,24.6,87.2,36.09,14.1,112.9,Aggressive,1,437.3,304.3,29.3,34.1,78.42,174.5,Degradation Warning
NMC,100.0,1267,0.294,22.4,82.5,42.04,27.4,83.8,Moderate,1,728.3,163.2,34.4,19.68,76.58,394.9,Degradation Warning
NMC,45.0,143,0.207,27.4,76.9,20.72,-8.9,33.4,Moderate,1,646.9,286.7,30.7,27.2,93.91,151.9,Healthy
NMC,100.0,363,0.791,25.8,61.2,26.27,30.9,118.1,Moderate,1,1101.7,295.6,40.0,30.69,87.65,290.2,Normal Wear
NMC,100.0,543,0.134,33.7,46.0,29.23,24.9,44.5,Moderate,1,219.0,196.5,34.7,17.18,86.36,494.3,Normal Wear
NMC,100.0,1095,0.091,32.4,66.6,37.7,8.7,46.3,Moderate,0,143.6,329.2,40.0,19.84,79.6,399.3,Degradation Warning
LFP,45.0,148,0.754,21.0,45.8,21.35,11.7,95.4,Moderate,1,1044.4,172.5,31.5,24.41,96.18,177.9,Healthy
NMC,58.0,1178,0.611,26.9,67.5,42.39,7.0,83.3,Moderate,0,1118.1,75.2,37.0,21.84,75.27,199.7,Degradation Warning
NMC,45.0,676,0.388,41.7,85.1,32.33,17.3,115.3,Eco,1,426.1,192.7,34.4,22.31,80.31,165.6,Normal Wear
NMC,64.0,1170,0.652,18.2,94.9,41.03,-4.3,55.7,Aggressive,1,1147.6,371.8,31.1,34.73,74.74,132.4,Replacement Required
NMC,82.0,757,0.643,25.9,50.9,36.33,33.9,29.2,Eco,1,411.4,271.9,35.0,16.94,82.07,399.4,Normal Wear
NMC,45.0,958,0.082,31.5,51.4,35.29,14.9,124.5,Moderate,0,701.3,367.3,32.7,31.18,83.9,118.2,Normal Wear
LFP,45.0,90,0.591,25.6,84.6,18.97,-7.8,56.3,Eco,2,800.1,115.0,37.4,24.36,95.12,179.0,Healthy
NMC,58.0,292,0.563,25.1,65.8,23.59,18.8,41.2,Eco,2,1192.7,137.5,33.7,17.16,90.49,301.9,Healthy
NMC,64.0,1230,0.821,24.2,90.4,44.03,38.4,123.4,Moderate,2,204.4,127.6,32.3,30.01,72.88,156.8,Replacement Required
NMC,45.0,1046,0.823,20.6,82.3,42.19,-5.5,81.3,Moderate,1,353.6,344.8,37.1,25.31,75.66,139.4,Degradation Warning
NMC,82.0,1328,0.352,26.0,80.5,42.26,-3.6,39.9,Moderate,1,655.4,284.3,39.5,25.55,78.14,248.4,Degradation Warning
NMC,82.0,41,0.522,33.2,45.6,20.8,10.1,108.6,Moderate,1,257.6,187.7,34.6,25.71,97.71,311.6,Healthy
LFP,45.0,185,0.163,19.4,42.0,21.05,28.3,119.5,Moderate,0,696.0,343.2,35.0,28.36,95.05,150.4,Healthy
NMC,100.0,1353,0.103,28.6,57.4,44.68,21.4,113.1,Moderate,1,933.8,222.4,34.1,27.62,79.71,287.3,Degradation Warning
LFP,100.0,894,0.396,33.5,52.0,35.33,13.8,44.9,Aggressive,0,1055.1,285.5,32.6,26.87,85.37,317.4,Normal Wear
NMC,64.0,517,0.602,26.9,79.2,30.43,41.6,30.3,Eco,2,403.5,369.1,34.9,19.33,85.82,278.7,Normal Wear
LFP,82.0,453,0.504,24.5,64.8,26.8,-0.3,62.1,Eco,1,207.1,218.8,35.5,19.82,90.89,377.8,Healthy
NMC,100.0,777,0.394,31.0,68.8,34.13,32.7,60.5,Aggressive,1,822.9,333.3,30.9,26.77,83.75,311.9,Normal Wear
LFP,82.0,253,0.704,21.6,84.8,24.39,-3.6,65.6,Moderate,0,823.8,268.0,31.0,24.83,93.89,309.6,Healthy
NMC,64.0,856,0.686,29.5,66.3,38.39,-0.7,104.9,Moderate,1,525.5,387.7,32.4,30.4,80.99,173.7,Normal Wear
LFP,64.0,682,0.636,26.0,70.0,32.78,5.4,26.0,Moderate,0,712.3,229.4,32.4,21.6,87.17,256.1,Normal Wear
NMC,100.0,744,0.112,27.4,86.3,29.54,35.4,92.5,Aggressive,2,958.2,174.5,33.1,29.74,85.43,287.4,Normal Wear
NMC,45.0,395,0.687,37.1,63.7,28.84,13.1,123.5,Eco,0,879.9,164.3,39.8,26.44,86.71,138.8,Normal Wear
NMC,75.0,749,0.786,33.9,44.6,34.94,10.6,64.9,Moderate,2,807.5,136.8,36.0,21.2,80.16,290.8,Normal Wear
LFP,58.0,1289,0.098,35.9,68.7,40.72,15.5,73.5,Eco,1,794.2,194.8,34.5,16.84,81.63,285.7,Normal Wear
NMC,75.0,322,0.371,22.1,71.9,22.97,22.8,87.8,Moderate,0,869.1,222.0,35.2,20.64,89.61,324.3,Healthy
LFP,75.0,424,0.841,20.9,68.1,27.46,12.0,53.6,Moderate,0,729.0,117.4,34.9,19.18,89.46,356.4,Healthy
NMC,82.0,727,0.529,29.8,54.2,31.0,40.1,96.9,Aggressive,1,101.4,327.5,34.2,28.59,82.76,238.8,Normal Wear
NMC,64.0,936,0.461,28.9,52.3,35.98,-3.0,45.3,Eco,0,699.5,398.3,34.8,21.25,79.58,232.1,Degradation Warning
NMC,82.0,40,0.192,15.1,60.3,17.2,14.7,31.5,Moderate,1,1067.6,214.2,33.4,21.14,97.28,374.4,Healthy
LFP,100.0,276,0.502,29.0,49.1,23.08,11.6,105.1,Eco,0,45.1,393.8,33.8,21.96,91.83,420.1,Healthy
LFP,58.0,418,0.401,39.3,76.6,21.23,26.0,42.7,Moderate,0,478.9,217.7,34.6,17.41,88.63,293.4,Healthy
LFP,100.0,70,0.152,38.4,73.8,15.47,40.1,98.1,Moderate,1,471.5,147.1,35.2,23.98,97.87,406.4,Healthy
NMC,45.0,466,0.421,22.8,74.8,27.98,5.0,112.1,Eco,1,304.9,370.7,34.6,25.5,87.67,156.2,Normal Wear
NMC,58.0,1313,0.182,31.3,52.4,42.21,39.7,29.6,Eco,1,689.4,385.5,32.6,19.53,78.29,235.8,Degradation Warning
LFP,82.0,846,0.635,21.7,53.6,33.68,33.0,95.7,Eco,0,204.8,293.5,37.5,18.78,85.72,371.5,Normal Wear
NMC,82.0,614,0.829,26.4,83.3,31.83,32.1,89.6,Eco,0,1099.6,392.9,34.1,21.07,84.31,334.9,Normal Wear
LFP,100.0,837,0.426,22.1,78.0,34.44,-6.2,87.4,Eco,2,186.8,192.0,32.8,25.04,87.5,348.8,Normal Wear
LFP,82.0,655,0.556,20.0,88.1,32.58,38.9,54.5,Aggressive,1,1158.0,181.6,40.0,27.2,88.93,268.0,Healthy
LFP,82.0,1305,0.395,32.3,62.2,42.65,33.6,29.6,Eco,2,13.9,369.2,29.1,17.46,79.99,375.3,Degradation Warning
LFP,75.0,1092,0.161,28.7,70.1,38.57,25.6,34.8,Aggressive,0,585.5,168.3,35.2,21.6,86.37,295.5,Normal Wear
NMC,45.0,1161,0.826,29.7,80.6,43.15,-3.4,52.3,Eco,0,43.5,373.2,34.2,18.91,71.81,168.4,Replacement Required
NMC,75.0,794,0.154,30.8,93.6,31.36,11.8,65.6,Eco,2,1052.6,153.4,38.6,19.07,84.05,325.4,Normal Wear
LFP,82.0,992,0.139,28.2,94.4,36.72,33.7,116.8,Eco,1,958.5,313.2,38.3,26.53,87.57,265.9,Normal Wear
NMC,64.0,416,0.417,20.8,95.0,24.69,12.8,93.4,Aggressive,1,270.1,356.4,36.1,26.81,87.74,205.9,Normal Wear
LFP,75.0,702,0.577,28.3,89.0,33.64,12.7,27.6,Aggressive,0,165.6,373.8,35.3,22.98,86.52,281.0,Normal Wear
LFP,82.0,1070,0.334,25.7,75.2,37.03,4.0,117.0,Eco,0,254.4,407.8,32.5,27.0,85.46,256.4,Normal Wear
NMC,82.0,730,0.204,25.9,40.4,30.13,-7.3,97.0,Eco,2,94.0,175.1,37.9,26.1,85.59,267.0,Normal Wear
LFP,45.0,1140,0.705,21.3,78.5,41.57,16.7,74.3,Aggressive,0,284.3,260.5,34.3,20.88,80.1,173.0,Normal Wear
NMC,100.0,548,0.34,18.0,53.1,27.87,30.3,71.3,Aggressive,1,81.7,404.8,38.3,22.67,86.76,380.0,Normal Wear
NMC,58.0,704,0.205,23.6,43.1,27.26,-2.4,118.3,Moderate,1,1023.0,73.6,35.4,33.73,85.69,147.2,Normal Wear
NMC,75.0,632,0.342,30.3,78.3,29.82,36.5,80.0,Aggressive,1,1023.7,285.4,33.7,27.48,85.15,238.1,Normal Wear
NMC,75.0,205,0.222,26.6,81.6,18.24,18.9,75.3,Aggressive,2,658.8,122.3,36.6,21.52,92.56,320.6,Healthy
NMC,75.0,715,0.466,37.7,76.3,32.29,32.2,102.5,Moderate,2,1103.9,224.1,34.6,25.9,78.67,226.8,Degradation Warning
NMC,82.0,234,0.585,26.6,60.1,23.52,24.7,84.3,Moderate,0,420.3,99.4,34.1,17.94,91.46,419.4,Healthy
LFP,45.0,1294,0.69,28.2,68.1,46.19,-3.0,49.9,Eco,0,214.6,187.7,34.7,18.14,78.6,198.3,Degradation Warning
LFP,82.0,235,0.232,27.1,91.4,19.49,37.1,124.9,Moderate,1,365.2,312.1,36.6,31.36,94.94,246.6,Healthy
NMC,82.0,48,0.184,20.6,80.1,17.34,27.3,53.1,Eco,1,148.4,354.1,36.1,15.5,96.82,509.4,Healthy
NMC,100.0,121,0.066,26.9,67.8,17.76,-8.1,93.3,Eco,0,986.8,266.4,32.6,25.63,94.28,370.3,Healthy
LFP,64.0,142,0.232,20.6,72.6,18.55,20.2,74.0,Moderate,1,912.5,222.7,38.2,19.01,95.49,324.2,Healthy
NMC,45.0,73,0.069,26.6,91.0,15.58,15.0,37.2,Moderate,2,227.7,189.9,32.2,17.7,96.06,241.9,Healthy
NMC,75.0,1326,0.326,16.4,61.7,43.58,34.7,120.9,Moderate,1,654.6,387.4,34.8,30.98,77.59,188.8,Degradation Warning
NMC,58.0,1160,0.167,26.6,45.6,40.8,-3.6,58.6,Eco,2,336.8,139.1,33.7,22.08,81.34,218.0,Normal Wear
NMC,75.0,635,0.514,27.9,57.9,30.49,20.7,90.7,Aggressive,2,157.4,309.4,36.6,23.56,84.69,275.3,Normal Wear
NMC,82.0,576,0.357,28.3,62.8,30.17,6.1,98.8,Eco,1,294.4,119.3,33.8,21.31,86.63,337.5,Normal Wear
LFP,45.0,133,0.125,18.4,55.0,19.78,2.8,64.5,Aggressive,2,719.8,384.9,37.8,30.64,95.13,141.1,Healthy
NMC,45.0,874,0.37,29.9,69.1,32.13,-8.8,51.1,Moderate,0,780.8,169.9,37.3,23.7,82.54,155.4,Normal Wear
NMC,45.0,695,0.217,31.0,56.8,29.17,7.3,30.9,Eco,0,224.2,200.0,33.3,16.47,84.59,230.1,Normal Wear
NMC,64.0,996,0.594,21.3,45.7,37.83,10.6,120.2,Aggressive,0,928.6,134.1,37.3,36.0,80.11,142.0,Normal Wear
NMC,75.0,720,0.342,32.9,50.3,33.04,13.3,83.2,Eco,0,689.9,396.9,38.5,18.95,84.76,335.8,Normal Wear
LFP,64.0,1336,0.168,28.1,90.5,42.7,28.2,96.6,Eco,1,515.1,380.7,36.0,19.48,84.5,280.4,Normal Wear
LFP,100.0,1238,0.33,26.6,74.6,43.29,11.0,71.9,Eco,2,775.5,235.6,35.8,19.46,82.32,422.0,Normal Wear
LFP,58.0,311,0.23,30.4,57.3,22.43,0.2,48.3,Moderate,2,399.9,80.5,35.4,23.17,92.61,230.9,Healthy
NMC,100.0,280,0.687,36.7,60.2,26.3,10.7,124.5,Aggressive,1,316.6,386.6,36.3,36.0,89.58,251.6,Healthy
LFP,82.0,1250,0.837,26.2,67.1,45.56,-6.4,121.7,Aggressive,0,1111.6,406.9,34.4,36.0,77.62,172.4,Degradation Warning
LFP,64.0,583,0.07,24.0,77.0,26.97,40.5,111.0,Moderate,0,1079.0,94.5,33.2,28.07,92.45,212.3,Healthy
LFP,64.0,68,0.602,39.5,72.0,21.38,-6.6,116.6,Moderate,2,570.3,283.1,37.1,36.0,96.25,171.3,Healthy
NMC,100.0,1049,0.261,26.0,91.3,36.94,0.5,82.5,Moderate,2,724.7,404.5,36.8,28.0,80.89,288.6,Normal Wear
NMC,82.0,398,0.103,29.2,74.4,26.0,12.3,61.8,Moderate,1,788.3,313.8,34.5,21.43,89.62,340.0,Healthy
NMC,45.0,243,0.061,26.0,90.1,18.48,38.5,59.3,Eco,0,786.7,250.7,35.0,17.66,92.31,233.9,Healthy
LFP,82.0,1066,0.755,17.4,40.3,40.33,-0.7,118.4,Aggressive,1,633.8,189.7,35.4,36.0,82.55,189.7,Normal Wear
NMC,75.0,1027,0.333,25.2,89.0,37.66,10.8,120.9,Aggressive,2,375.3,329.0,38.9,36.0,77.96,162.4,Degradation Warning
NMC,100.0,676,0.846,33.7,79.7,32.7,41.4,69.0,Aggressive,1,1067.5,415.7,32.1,30.55,80.15,265.5,Normal Wear
LFP,82.0,129,0.404,22.1,49.5,20.48,21.3,85.7,Aggressive,2,674.3,293.7,35.7,24.7,96.68,323.7,Healthy
LFP,45.0,743,0.2,34.9,54.5,30.92,22.0,105.5,Moderate,0,1088.7,246.7,35.6,24.96,86.69,152.1,Normal Wear
LFP,82.0,572,0.672,31.6,69.9,30.87,40.7,95.3,Eco,2,994.1,128.8,37.3,22.44,88.12,314.4,Healthy
NMC,64.0,1215,0.791,21.0,46.9,42.98,16.3,112.0,Aggressive,1,779.6,371.4,34.0,33.68,74.04,141.2,Replacement Required
LFP,58.0,1025,0.702,19.8,83.2,38.5,-9.9,85.9,Moderate,1,852.6,204.3,34.4,28.49,81.5,164.8,Normal Wear
NMC,64.0,717,0.646,19.6,83.5,33.18,-8.4,83.2,Moderate,1,1093.5,339.3,37.2,29.42,82.07,177.8,Normal Wear
NMC,58.0,745,0.318,24.5,56.6,32.68,25.4,62.6,Aggressive,0,757.6,191.7,33.1,22.54,85.48,219.9,Normal Wear
NMC,82.0,325,0.102,20.5,43.8,24.32,1.0,32.3,Eco,2,562.0,112.3,37.4,21.21,91.34,350.4,Healthy
NMC,75.0,978,0.211,34.3,94.4,33.63,14.9,30.6,Moderate,1,530.7,304.0,33.5,19.69,78.24,298.7,Degradation Warning
NMC,82.0,973,0.407,19.9,53.8,36.67,18.7,40.2,Aggressive,1,1175.8,261.0,33.5,25.41,81.25,263.2,Normal Wear
LFP,45.0,1194,0.815,21.6,43.7,44.3,24.7,30.8,Aggressive,1,901.9,122.8,35.9,21.83,79.83,162.7,Degradation Warning
NMC,82.0,640,0.628,36.1,58.1,32.01,-5.6,78.5,Moderate,0,805.5,360.3,34.6,25.47,82.67,267.1,Normal Wear
LFP,58.0,649,0.713,25.4,93.3,30.79,29.5,65.4,Eco,0,115.3,175.9,35.6,14.09,86.78,353.2,Normal Wear
NMC,64.0,896,0.272,29.5,83.6,33.68,37.8,27.6,Eco,0,705.6,225.0,36.7,17.49,82.58,301.1,Normal Wear
NMC,75.0,575,0.597,29.8,66.4,30.07,3.3,27.2,Moderate,2,226.7,243.9,38.0,22.8,84.76,277.7,Normal Wear
NMC,82.0,86,0.74,18.3,56.8,24.38,9.8,77.3,Moderate,0,467.7,156.2,32.8,19.67,95.41,402.5,Healthy
NMC,82.0,1199,0.434,31.8,63.3,42.71,28.7,79.9,Moderate,1,668.8,245.7,34.8,19.24,75.37,322.0,Degradation Warning
NMC,64.0,854,0.394,30.7,41.0,34.86,2.9,28.7,Moderate,0,9.6,93.7,35.2,18.26,82.37,292.5,Normal Wear
NMC,75.0,225,0.626,30.9,79.5,20.02,18.2,92.0,Moderate,1,1034.7,135.4,37.4,21.42,92.66,324.6,Healthy
NMC,100.0,805,0.498,22.9,45.5,32.51,24.3,37.6,Moderate,0,526.4,166.5,34.8,18.01,83.89,463.6,Normal Wear
NMC,82.0,174,0.845,28.7,68.5,22.07,35.7,74.5,Aggressive,1,747.2,195.8,32.5,25.28,91.6,296.6,Healthy
NMC,82.0,1117,0.39,26.0,71.1,40.11,8.0,40.9,Moderate,0,242.3,157.1,34.3,18.89,77.8,334.6,Degradation Warning
LFP,100.0,1092,0.191,27.6,40.1,37.82,15.6,28.9,Aggressive,1,841.4,234.8,33.0,25.21,87.6,346.8,Normal Wear
NMC,58.0,802,0.428,22.3,93.9,32.84,-0.4,46.2,Eco,2,372.1,300.7,34.1,21.99,82.06,221.1,Normal Wear
LFP,58.0,604,0.238,25.9,56.6,28.91,6.0,71.4,Aggressive,2,619.3,190.8,33.6,27.62,90.04,191.3,Healthy
LFP,45.0,727,0.499,32.9,44.2,30.72,-5.1,99.4,Moderate,2,387.9,83.1,33.6,29.22,88.03,137.8,Healthy
LFP,64.0,198,0.151,15.4,87.0,18.89,0.3,51.6,Moderate,0,773.4,291.8,36.7,22.9,97.33,274.8,Healthy
LFP,75.0,1091,0.81,24.8,48.4,41.6,8.0,93.5,Moderate,1,1020.5,377.9,31.8,27.02,79.76,221.0,Degradation Warning
NMC,82.0,1115,0.738,30.8,41.4,43.97,12.1,111.3,Aggressive,0,769.3,113.6,36.6,32.37,74.52,188.7,Replacement Required
LFP,82.0,132,0.174,20.5,67.2,19.76,26.8,52.0,Moderate,1,213.8,134.8,38.5,16.31,95.3,478.8,Healthy
LFP,45.0,776,0.188,29.4,47.1,32.16,13.8,77.2,Eco,0,299.6,80.4,36.7,14.54,88.57,276.8,Healthy
NMC,82.0,916,0.46,29.8,94.0,35.6,-7.4,65.9,Eco,0,627.3,146.5,34.4,20.71,80.47,317.9,Normal Wear
NMC,64.0,840,0.668,26.1,40.6,35.79,29.3,27.7,Eco,2,325.6,173.5,36.8,14.93,81.21,344.6,Normal Wear
NMC,45.0,178,0.225,28.8,42.8,21.37,17.7,64.2,Moderate,2,234.6,229.6,32.0,16.95,93.96,247.6,Healthy
LFP,64.0,805,0.099,36.8,85.8,33.88,38.8,62.7,Moderate,1,56.0,314.9,34.4,19.12,87.19,300.2,Normal Wear
LFP,45.0,1073,0.486,23.0,53.2,39.09,23.0,87.2,Moderate,1,125.0,221.5,33.4,17.62,84.49,219.2,Normal Wear
NMC,82.0,1140,0.603,18.7,90.1,41.96,17.8,111.6,Eco,1,677.8,197.7,35.5,22.59,75.31,271.4,Degradation Warning
NMC,45.0,270,0.245,24.5,57.1,22.97,5.3,92.2,Moderate,0,233.6,309.3,33.9,22.27,91.97,179.2,Healthy
NMC,58.0,1135,0.642,21.0,43.8,42.04,2.3,60.5,Eco,2,598.1,295.7,32.5,21.98,76.93,204.8,Degradation Warning
NMC,75.0,132,0.811,29.3,40.6,20.93,2.0,69.9,Aggressive,1,770.2,218.4,33.2,29.24,93.54,242.5,Healthy
LFP,82.0,278,0.16,24.3,55.5,20.62,11.2,113.7,Aggressive,0,300.2,188.5,32.4,32.69,93.75,239.8,Healthy
NMC,100.0,126,0.459,30.7,66.1,21.16,-1.1,88.9,Aggressive,1,1139.4,203.0,32.0,34.85,94.75,272.1,Healthy
NMC,75.0,594,0.095,28.7,40.1,26.78,33.9,64.0,Moderate,2,308.0,211.7,35.1,18.64,88.08,353.5,Healthy
NMC,82.0,1010,0.215,22.9,72.0,38.64,31.9,85.0,Moderate,2,194.5,101.4,37.0,18.16,82.46,375.5,Normal Wear
LFP,75.0,1242,0.122,21.5,58.4,40.2,27.9,89.4,Eco,1,548.3,133.6,36.4,16.9,85.81,383.5,Normal Wear
NMC,58.0,446,0.373,18.6,61.5,24.56,-7.5,73.2,Eco,0,530.6,299.8,32.2,21.3,89.03,245.5,Healthy
LFP,75.0,878,0.707,33.3,54.4,38.04,-6.3,111.5,Moderate,1,1030.0,396.0,33.0,35.88,82.82,168.8,Normal Wear
NMC,45.0,937,0.512,30.1,69.1,36.38,23.1,106.3,Moderate,1,56.8,99.6,32.5,20.97,80.07,176.4,Normal Wear
NMC,75.0,1163,0.228,24.5,52.7,39.29,28.9,77.4,Moderate,0,326.9,112.3,31.4,17.35,80.14,347.1,Normal Wear
NMC,82.0,1352,0.082,30.6,47.4,43.57,-8.6,120.8,Eco,1,1054.9,104.5,29.5,33.64,79.43,193.3,Degradation Warning
NMC,100.0,646,0.493,20.4,89.0,29.69,5.1,120.3,Moderate,2,910.5,159.4,30.9,34.96,85.03,241.5,Normal Wear
NMC,100.0,494,0.156,21.8,61.5,25.92,-2.9,121.6,Eco,1,4.7,347.4,35.7,30.02,88.94,300.7,Healthy
LFP,64.0,571,0.324,21.2,44.2,26.91,2.0,47.1,Moderate,2,633.5,362.6,34.4,25.45,90.62,223.3,Healthy
LFP,75.0,363,0.458,28.7,52.7,25.1,17.0,35.3,Moderate,2,293.7,382.1,35.4,18.59,92.72,367.7,Healthy
LFP,100.0,647,0.773,23.4,57.0,30.61,-4.3,86.9,Aggressive,2,1185.9,344.4,35.3,36.0,86.44,235.2,Normal Wear
NMC,75.0,155,0.115,18.3,82.3,17.78,2.0,97.8,Moderate,1,1180.3,230.6,40.0,28.79,94.39,249.8,Healthy
LFP,100.0,296,0.585,27.5,41.2,25.51,19.4,55.7,Aggressive,0,1112.8,268.9,35.8,25.32,93.73,368.7,Healthy
NMC,75.0,50,0.061,30.4,66.3,17.92,16.4,78.8,Moderate,2,12.0,309.7,36.4,17.58,96.97,405.1,Healthy
NMC,82.0,266,0.554,26.2,62.4,22.58,34.6,89.8,Moderate,1,1085.9,156.7,38.7,22.88,90.85,324.2,Healthy
NMC,75.0,430,0.491,33.8,93.3,25.47,-2.2,71.3,Aggressive,0,392.0,260.8,35.8,26.97,86.94,245.7,Normal Wear
NMC,82.0,46,0.699,31.8,49.9,20.24,9.2,79.1,Moderate,0,770.3,250.2,39.6,21.3,96.5,367.4,Healthy
LFP,82.0,92,0.475,33.7,74.5,18.72,38.1,32.5,Moderate,1,539.0,338.4,35.6,21.04,96.29,375.8,Healthy
NMC,64.0,1140,0.332,31.7,51.1,40.92,31.4,124.4,Aggressive,1,425.5,152.0,34.9,35.03,78.68,140.6,Degradation Warning
NMC,100.0,692,0.244,28.4,70.2,28.64,21.1,62.9,Moderate,0,344.3,392.0,38.1,18.92,86.38,463.3,Normal Wear
NMC,45.0,1389,0.118,19.5,70.5,42.74,30.0,45.5,Eco,0,513.3,205.4,34.8,15.37,79.36,230.3,Degradation Warning
NMC,82.0,495,0.478,24.9,44.1,29.94,13.3,73.0,Eco,1,356.4,242.9,31.2,17.33,86.92,406.3,Normal Wear
NMC,100.0,1343,0.761,23.9,65.1,46.88,37.4,56.7,Eco,2,1111.2,187.3,36.7,19.99,71.4,357.6,Replacement Required
NMC,58.0,1342,0.462,21.7,65.4,45.31,21.2,64.2,Aggressive,0,524.4,110.4,31.8,21.12,75.22,205.2,Degradation Warning
LFP,75.0,306,0.641,23.6,57.6,24.74,26.2,81.3,Aggressive,2,1133.6,132.2,32.5,24.86,94.19,281.5,Healthy
LFP,58.0,231,0.289,18.2,55.2,19.6,23.9,52.8,Moderate,0,445.8,416.6,36.9,18.61,95.77,300.7,Healthy
NMC,75.0,1119,0.409,32.3,52.3,41.69,25.0,91.6,Eco,2,311.9,192.4,38.2,16.91,77.99,345.7,Degradation Warning
NMC,64.0,420,0.31,20.6,40.3,25.49,23.3,68.2,Moderate,2,971.0,110.4,32.9,18.81,90.07,304.2,Healthy
NMC,82.0,674,0.137,31.9,40.1,30.44,-6.2,33.4,Aggressive,1,624.6,225.8,35.9,31.51,85.33,219.5,Normal Wear
LFP,45.0,1077,0.384,35.0,72.4,38.51,21.4,113.7,Moderate,1,195.4,118.0,34.9,23.22,82.29,156.1,Normal Wear
NMC,82.0,517,0.661,22.4,56.0,29.28,30.7,72.7,Eco,1,1113.6,285.2,30.9,19.22,86.74,369.8,Normal Wear
NMC,75.0,867,0.366,23.7,49.2,34.06,-10.0,117.3,Moderate,2,1154.5,78.4,34.5,36.0,82.74,171.6,Normal Wear
NMC,45.0,1371,0.57,30.0,77.7,46.09,36.4,63.1,Moderate,1,825.8,266.2,37.6,20.44,71.6,155.9,Replacement Required
NMC,82.0,117,0.657,24.4,69.1,20.72,39.5,79.3,Moderate,1,1166.2,310.4,34.3,23.81,93.22,320.3,Healthy
NMC,45.0,385,0.308,22.2,90.3,23.51,-3.3,112.4,Aggressive,1,809.0,98.3,32.4,36.0,89.49,108.0,Healthy
LFP,75.0,482,0.688,29.6,85.7,28.53,17.8,71.2,Aggressive,0,747.9,121.8,38.5,21.94,88.86,304.5,Healthy
NMC,64.0,47,0.321,22.6,80.0,18.5,-4.2,88.3,Moderate,0,991.1,341.1,31.2,27.36,96.91,223.5,Healthy
NMC,64.0,732,0.255,39.8,47.0,32.57,4.7,49.7,Aggressive,1,81.2,217.3,32.0,25.25,81.46,215.5,Normal Wear
LFP,82.0,292,0.228,30.4,76.6,20.59,22.3,48.8,Moderate,0,531.5,102.3,35.7,17.19,92.76,441.7,Healthy
LFP,58.0,845,0.21,31.0,78.2,34.22,5.7,79.3,Moderate,1,516.5,371.8,36.0,22.64,88.38,225.4,Healthy
NMC,75.0,1170,0.64,26.5,82.0,41.4,9.0,86.3,Aggressive,1,745.0,327.9,33.3,28.99,74.67,195.7,Replacement Required
NMC,82.0,221,0.76,38.2,54.5,22.77,28.8,90.6,Moderate,1,416.6,135.5,31.5,19.92,90.09,372.7,Healthy
NMC,82.0,1330,0.235,22.5,75.2,41.86,19.9,101.9,Moderate,1,544.2,191.5,37.2,22.47,78.2,279.7,Degradation Warning
LFP,64.0,469,0.118,31.6,74.0,28.21,16.9,117.3,Moderate,1,1019.3,268.8,32.6,29.35,91.68,202.7,Healthy
NMC,45.0,1131,0.301,19.0,61.2,40.32,6.9,49.0,Moderate,1,1137.5,77.6,31.9,22.39,78.92,155.4,Degradation Warning
LFP,75.0,1361,0.576,40.8,76.5,44.3,26.6,86.9,Moderate,2,580.9,241.4,32.5,20.06,72.81,270.5,Replacement Required
LFP,45.0,38,0.345,31.9,44.8,17.17,12.0,69.3,Aggressive,0,846.3,189.2,34.9,23.78,98.44,183.9,Healthy
NMC,100.0,1150,0.489,21.4,75.4,39.31,36.7,33.9,Eco,0,656.8,394.0,34.4,18.95,78.98,416.2,Degradation Warning
NMC,100.0,330,0.645,30.2,73.3,23.88,21.3,70.4,Aggressive,2,1041.1,149.1,33.4,24.35,89.19,370.2,Healthy
NMC,75.0,431,0.377,33.4,51.6,24.25,18.0,104.1,Moderate,1,314.1,209.5,34.6,22.29,87.59,291.5,Normal Wear
NMC,58.0,761,0.85,21.6,85.0,34.07,31.8,32.9,Eco,1,1036.1,126.8,36.9,17.13,79.46,267.1,Degradation Warning
NMC,100.0,643,0.288,24.2,88.1,30.51,15.2,85.6,Moderate,1,618.1,114.9,36.4,19.99,84.57,422.7,Normal Wear
LFP,64.0,751,0.833,21.0,51.6,36.29,4.5,66.0,Eco,0,547.4,167.9,38.6,17.87,85.23,306.7,Normal Wear
LFP,58.0,654,0.212,29.9,44.2,28.25,-1.9,90.4,Eco,2,1142.4,355.7,34.2,27.04,89.09,192.2,Healthy
NMC,82.0,517,0.139,28.1,73.2,25.68,19.2,107.1,Aggressive,0,366.1,202.2,36.9,28.41,88.7,255.8,Healthy
LFP,100.0,263,0.651,27.2,66.4,25.17,12.1,79.2,Moderate,2,98.9,135.3,36.3,18.92,92.97,488.6,Healthy
NMC,64.0,709,0.612,22.2,63.5,32.9,10.7,55.4,Eco,0,806.3,75.9,33.7,17.12,83.82,313.7,Normal Wear
NMC,82.0,596,0.699,25.8,81.9,31.53,8.2,34.0,Moderate,1,315.6,261.9,38.6,20.58,84.21,342.5,Normal Wear
NMC,58.0,534,0.325,22.7,93.3,27.01,24.9,53.9,Eco,2,770.2,243.3,40.0,16.31,86.99,306.8,Normal Wear
NMC,75.0,226,0.795,29.9,66.3,26.12,17.0,61.5,Moderate,1,67.2,143.7,34.7,16.08,90.37,425.5,Healthy
LFP,82.0,967,0.146,20.7,40.3,37.27,17.9,89.1,Eco,1,674.8,197.1,34.7,17.82,89.09,410.7,Healthy
LFP,45.0,413,0.074,22.2,72.8,24.57,6.0,63.8,Eco,1,284.6,170.9,36.6,17.39,93.31,243.0,Healthy
NMC,75.0,1064,0.29,31.9,76.0,37.3,21.9,65.3,Moderate,1,90.3,319.1,33.1,17.37,77.38,333.2,Degradation Warning
NMC,75.0,1386,0.688,24.4,85.5,45.27,11.0,54.0,Moderate,0,66.7,198.7,36.8,17.64,72.51,302.0,Replacement Required
NMC,58.0,737,0.588,37.6,51.0,35.36,30.0,61.3,Eco,2,1149.1,234.4,39.3,17.9,80.59,263.7,Normal Wear
NMC,58.0,221,0.399,28.2,68.8,22.21,17.5,51.6,Moderate,1,318.5,416.3,36.8,18.31,91.55,284.8,Healthy
LFP,64.0,139,0.255,16.1,64.6,19.45,5.1,98.4,Eco,2,698.2,383.4,33.7,25.1,96.66,247.0,Healthy
LFP,64.0,408,0.097,19.1,76.5,24.6,-2.3,123.3,Moderate,1,581.5,300.3,36.1,35.44,92.64,163.8,Healthy
NMC,45.0,253,0.32,23.5,43.5,22.01,26.4,98.5,Eco,1,435.5,238.9,35.6,18.36,91.38,228.3,Healthy
NMC,75.0,621,0.418,31.5,88.6,29.61,9.3,32.4,Aggressive,2,651.1,193.3,31.8,27.0,84.39,232.2,Normal Wear
NMC,45.0,1363,0.6,30.8,68.1,48.52,-6.6,88.3,Moderate,1,671.6,400.1,37.1,28.26,72.72,116.5,Replacement Required
NMC,45.0,731,0.567,24.1,88.2,34.44,37.6,95.3,Aggressive,1,1004.7,389.4,33.8,31.07,83.51,114.9,Normal Wear
NMC,58.0,1001,0.808,34.4,58.7,41.86,10.1,102.8,Moderate,1,463.5,127.8,38.9,23.93,75.54,178.4,Degradation Warning
NMC,45.0,1223,0.13,29.0,75.9,42.14,28.8,101.3,Eco,2,423.4,158.2,38.5,18.6,78.83,187.6,Degradation Warning
LFP,45.0,876,0.319,25.1,92.6,32.06,13.9,75.8,Eco,1,815.1,206.7,38.6,17.14,85.52,225.3,Normal Wear
LFP,82.0,95,0.435,34.0,91.9,20.51,36.3,51.2,Aggressive,2,446.1,230.1,35.9,24.46,96.01,324.6,Healthy
NMC,64.0,668,0.587,22.2,91.9,32.48,-8.5,37.1,Moderate,1,613.2,259.8,36.9,26.38,82.63,199.3,Normal Wear
NMC,64.0,669,0.446,30.3,42.4,30.32,3.5,25.8,Eco,2,207.8,83.5,37.4,18.76,86.02,288.6,Normal Wear
NMC,75.0,515,0.78,30.9,62.2,33.51,18.4,25.2,Moderate,1,340.6,93.8,39.2,16.32,84.91,388.2,Normal Wear
NMC,64.0,1244,0.537,30.7,43.3,43.29,6.8,118.6,Moderate,0,241.4,234.3,34.3,28.65,75.18,168.6,Degradation Warning
LFP,100.0,849,0.082,26.1,57.0,31.85,28.6,85.8,Moderate,1,1008.8,391.4,33.5,22.88,89.23,393.0,Healthy
NMC,75.0,1389,0.141,32.2,49.6,43.46,25.8,82.4,Aggressive,1,957.6,329.8,30.9,26.33,77.39,222.8,Degradation Warning
NMC,82.0,502,0.653,38.0,74.1,29.7,-8.7,62.7,Eco,2,470.6,260.1,34.3,25.31,82.43,266.6,Normal Wear
NMC,64.0,1262,0.623,26.1,82.9,44.51,21.2,104.9,Moderate,0,528.4,80.0,35.1,22.04,74.88,221.2,Replacement Required
LFP,82.0,1103,0.173,27.4,68.2,37.47,33.5,47.0,Moderate,1,492.7,93.9,31.8,18.75,87.62,387.5,Normal Wear
NMC,64.0,1010,0.097,32.6,83.8,36.79,6.4,98.8,Moderate,1,231.3,290.5,36.1,24.54,79.53,209.7,Degradation Warning
NMC,64.0,638,0.513,25.4,40.7,30.88,-2.8,61.3,Eco,1,940.0,137.1,37.6,21.91,85.43,242.9,Normal Wear
NMC,82.0,569,0.559,25.2,85.1,29.43,28.4,95.8,Eco,1,994.7,271.6,33.0,20.78,85.47,328.9,Normal Wear
LFP,45.0,665,0.158,20.0,49.8,29.0,36.8,95.6,Moderate,1,731.9,228.7,36.1,23.09,91.03,174.9,Healthy
LFP,45.0,1264,0.429,16.7,65.4,41.45,24.2,56.5,Aggressive,1,890.6,134.6,34.4,22.01,82.96,165.0,Normal Wear
NMC,45.0,521,0.295,20.2,64.3,26.03,34.0,118.4,Eco,1,783.2,232.9,35.4,25.34,86.74,160.4,Normal Wear
LFP,100.0,1176,0.795,32.2,88.0,42.03,41.9,75.8,Aggressive,0,123.1,380.4,36.6,24.8,76.75,310.2,Degradation Warning
LFP,45.0,865,0.225,20.8,93.1,30.79,16.0,50.8,Moderate,1,661.3,148.6,34.1,18.02,88.18,217.7,Healthy
LFP,64.0,72,0.637,29.9,54.0,20.67,38.6,92.4,Eco,1,416.3,404.9,33.9,20.67,95.77,298.4,Healthy
NMC,58.0,469,0.465,35.9,43.7,25.95,7.9,100.1,Moderate,1,264.2,150.2,32.4,23.86,86.3,204.1,Normal Wear
NMC,82.0,81,0.059,28.0,75.8,16.48,28.8,120.1,Moderate,2,797.8,229.8,33.1,29.32,96.15,272.9,Healthy
NMC,58.0,1066,0.464,21.7,67.7,38.74,36.9,32.3,Moderate,2,1066.6,323.0,36.2,22.54,78.75,207.2,Degradation Warning
LFP,100.0,63,0.13,26.2,71.1,15.85,17.1,79.0,Moderate,2,1199.8,341.1,35.4,22.21,97.82,438.5,Healthy
NMC,58.0,839,0.577,29.3,42.5,34.81,22.6,74.0,Aggressive,1,692.7,178.6,32.0,22.38,81.27,210.1,Normal Wear
LFP,75.0,678,0.502,29.3,82.6,31.67,40.5,56.0,Aggressive,2,806.9,75.8,33.0,26.33,87.36,246.8,Normal Wear
NMC,45.0,747,0.058,27.7,52.8,29.46,3.1,101.8,Eco,1,781.7,289.1,35.4,24.49,86.0,159.1,Normal Wear
LFP,100.0,871,0.214,30.8,58.4,32.6,8.5,44.4,Moderate,1,834.0,182.8,38.8,22.1,88.26,397.8,Healthy
LFP,64.0,66,0.671,33.0,52.6,19.61,30.2,57.8,Moderate,1,295.5,252.4,33.4,17.81,96.92,348.8,Healthy
NMC,45.0,839,0.271,24.1,92.0,34.55,7.7,101.6,Aggressive,0,191.3,92.6,32.0,27.5,82.34,135.5,Normal Wear
LFP,45.0,1067,0.449,35.4,49.3,38.36,16.0,72.7,Aggressive,2,488.9,206.9,33.1,22.14,80.59,159.3,Normal Wear
NMC,58.0,108,0.3,29.0,80.3,19.16,-7.4,38.6,Moderate,2,559.1,290.9,34.8,28.22,93.71,198.5,Healthy
LFP,75.0,1217,0.787,13.6,53.5,43.46,19.4,114.4,Moderate,1,916.0,99.1,32.5,26.87,78.48,222.4,Degradation Warning
NMC,45.0,1162,0.479,25.9,63.4,40.99,22.6,98.1,Eco,1,747.3,235.6,35.4,19.22,77.44,180.8,Degradation Warning
NMC,82.0,754,0.607,26.0,94.8,34.74,-5.7,81.3,Eco,2,662.7,222.9,36.5,25.03,81.6,263.9,Normal Wear
LFP,82.0,197,0.117,33.5,45.5,18.56,2.7,85.9,Eco,1,598.2,179.2,34.8,21.09,94.79,369.3,Healthy
NMC,45.0,1038,0.082,23.5,88.5,38.93,12.5,87.6,Moderate,0,267.7,415.0,34.6,20.53,81.79,183.6,Normal Wear
LFP,58.0,1385,0.257,27.9,92.0,44.67,30.6,74.9,Eco,0,447.4,411.0,37.2,16.72,82.25,278.9,Normal Wear
NMC,58.0,1102,0.297,18.5,78.4,39.07,-8.9,99.5,Moderate,1,131.3,241.4,37.0,28.59,80.36,160.5,Normal Wear
NMC,64.0,920,0.6,22.0,40.5,35.74,7.2,96.5,Aggressive,1,79.0,136.0,33.4,27.36,81.14,190.0,Normal Wear
NMC,100.0,457,0.505,31.8,85.1,27.95,-9.7,25.3,Moderate,1,15.8,233.1,34.6,25.29,87.77,352.3,Normal Wear
NMC,100.0,445,0.35,19.7,88.5,27.99,17.1,36.1,Moderate,1,105.2,366.8,39.3,18.19,88.12,484.7,Healthy
NMC,100.0,987,0.573,32.8,94.0,37.27,15.9,27.5,Moderate,1,713.9,190.7,35.7,19.44,77.34,396.9,Degradation Warning
NMC,75.0,505,0.181,33.8,86.2,24.98,29.3,41.9,Moderate,2,1165.8,189.4,37.7,20.23,86.82,323.0,Normal Wear
NMC,58.0,1228,0.101,34.4,64.5,40.22,-9.8,32.2,Aggressive,1,34.4,353.1,33.4,31.2,78.79,150.1,Degradation Warning
NMC,64.0,479,0.734,36.3,77.9,27.77,29.5,44.4,Moderate,1,939.8,289.8,32.6,20.32,84.79,267.6,Normal Wear
LFP,82.0,940,0.501,31.7,66.7,36.27,36.3,78.9,Moderate,2,798.4,211.9,33.8,21.66,83.78,314.7,Normal Wear
LFP,100.0,1145,0.569,29.6,59.4,42.32,6.5,92.0,Aggressive,0,1030.5,251.5,34.1,30.99,80.35,262.2,Normal Wear
NMC,82.0,1058,0.296,30.7,74.5,40.06,7.4,116.9,Moderate,1,1134.4,278.1,35.7,32.58,79.22,202.5,Degradation Warning
LFP,82.0,767,0.348,27.4,82.3,33.48,-9.9,98.9,Eco,2,975.6,126.4,36.5,29.81,87.31,245.8,Normal Wear
NMC,45.0,70,0.116,24.8,75.0,16.06,12.3,28.1,Moderate,1,957.3,237.0,33.9,20.83,95.77,207.8,Healthy
LFP,75.0,328,0.736,31.6,85.5,25.64,21.9,71.9,Aggressive,0,103.5,253.1,32.0,20.93,92.19,329.2,Healthy
LFP,64.0,1077,0.524,29.7,49.7,39.26,-3.6,92.6,Eco,1,430.7,418.4,35.2,24.5,83.48,216.2,Normal Wear
LFP,75.0,1024,0.117,32.3,60.6,36.3,24.2,56.5,Aggressive,0,739.9,158.4,38.3,22.17,86.84,291.4,Normal Wear
NMC,45.0,654,0.694,25.7,57.2,33.3,9.0,61.9,Eco,2,20.5,156.8,39.5,16.37,83.85,226.3,Normal Wear
LFP,64.0,224,0.405,26.3,50.7,20.95,25.0,105.3,Moderate,2,569.5,336.3,30.0,24.98,93.84,241.2,Healthy
NMC,64.0,759,0.662,28.3,64.4,36.78,3.1,29.7,Moderate,1,10.0,187.3,36.6,20.2,83.09,271.1,Normal Wear
LFP,58.0,1113,0.06,26.2,92.1,36.37,30.3,79.0,Eco,2,889.9,89.7,38.6,16.53,86.88,313.5,Normal Wear
NMC,75.0,1273,0.073,44.1,69.6,39.9,18.5,105.4,Eco,0,318.8,405.3,33.7,21.29,73.04,252.9,Replacement Required
NMC,75.0,552,0.187,38.6,55.8,26.2,17.7,104.7,Moderate,0,905.9,84.6,35.3,23.64,86.41,275.7,Normal Wear
LFP,58.0,127,0.219,27.0,59.5,21.8,15.4,37.1,Moderate,1,576.1,391.8,36.9,19.7,95.31,280.3,Healthy
LFP,82.0,895,0.661,26.2,73.7,38.83,33.8,109.5,Moderate,2,129.6,354.5,37.0,25.74,84.16,267.0,Normal Wear
NMC,45.0,1284,0.615,29.7,59.4,43.39,18.8,32.7,Moderate,1,1103.2,283.8,33.7,19.95,74.39,168.8,Replacement Required
LFP,75.0,270,0.543,24.4,69.6,23.1,-1.7,117.4,Moderate,2,837.6,378.6,38.4,36.0,93.2,200.2,Healthy
NMC,58.0,154,0.758,24.3,55.1,22.51,22.5,46.6,Moderate,1,869.3,138.5,34.9,18.16,95.06,306.2,Healthy
NMC,64.0,1133,0.248,27.3,59.0,38.57,16.7,36.5,Moderate,1,277.0,135.6,33.4,16.84,80.79,309.7,Normal Wear
NMC,100.0,708,0.774,24.8,78.8,34.88,-6.4,32.4,Moderate,2,150.7,225.3,32.5,27.21,82.1,297.3,Normal Wear
NMC,58.0,1341,0.778,28.1,72.2,47.07,20.2,59.3,Moderate,0,1145.4,418.8,37.0,21.08,72.88,202.1,Replacement Required
NMC,100.0,426,0.397,29.2,45.1,26.15,-5.9,59.9,Eco,1,415.6,73.2,32.7,21.75,87.51,402.2,Normal Wear
NMC,82.0,1351,0.126,12.0,93.5,43.76,27.7,77.6,Aggressive,1,281.3,119.7,38.0,20.25,78.38,322.0,Degradation Warning
NMC,45.0,121,0.631,15.4,42.7,21.73,24.0,98.3,Moderate,0,1054.1,321.6,37.4,23.56,93.56,174.8,Healthy
NMC,100.0,712,0.32,21.9,44.6,31.96,15.6,76.0,Aggressive,1,556.0,160.4,31.1,23.8,85.43,354.2,Normal Wear
NMC,82.0,1336,0.686,28.7,78.6,46.04,28.9,122.9,Moderate,1,785.0,264.0,36.3,30.07,73.37,202.5,Replacement Required
LFP,100.0,1189,0.181,22.4,78.9,41.93,4.6,46.0,Eco,1,319.5,320.0,31.0,20.41,84.83,419.2,Normal Wear
LFP,64.0,423,0.482,40.9,41.0,26.51,13.2,46.1,Eco,1,1162.9,364.2,32.6,20.05,88.45,283.8,Healthy
NMC,64.0,833,0.456,32.4,75.4,34.22,-9.2,95.5,Aggressive,0,568.8,264.9,39.4,33.18,80.59,162.0,Normal Wear
NMC,64.0,1045,0.13,38.7,41.8,37.64,41.4,56.4,Moderate,2,509.2,105.3,35.0,20.42,79.38,245.9,Degradation Warning
NMC,64.0,1162,0.341,32.4,92.8,40.97,-7.1,42.2,Aggressive,1,77.6,312.9,33.4,30.16,75.64,159.4,Degradation Warning
NMC,58.0,874,0.118,17.5,78.3,33.16,-4.6,104.2,Moderate,2,849.6,245.4,32.2,33.48,83.3,137.9,Normal Wear
LFP,64.0,1234,0.422,20.0,50.3,40.24,15.7,47.6,Aggressive,1,649.2,312.9,38.2,23.69,84.55,226.6,Normal Wear
NMC,64.0,1046,0.724,23.9,48.7,41.96,9.5,99.9,Moderate,1,1159.5,90.0,37.9,25.67,77.18,190.2,Degradation Warning
NMC,58.0,961,0.266,19.8,71.3,37.31,17.7,45.7,Eco,2,153.2,71.2,35.5,13.46,82.43,356.3,Normal Wear
NMC,64.0,1040,0.662,33.5,74.8,38.75,33.4,118.9,Aggressive,0,469.3,387.5,35.8,35.24,75.88,139.9,Degradation Warning
NMC,82.0,196,0.197,26.0,85.7,20.6,-1.8,54.5,Moderate,0,304.8,268.9,35.8,21.91,93.28,348.0,Healthy
LFP,82.0,1300,0.589,28.2,89.7,43.91,23.3,100.0,Moderate,1,801.2,132.5,35.9,22.49,79.46,293.7,Degradation Warning
LFP,75.0,892,0.782,35.3,61.6,38.17,-9.1,109.1,Moderate,1,86.0,316.6,37.0,31.85,80.19,189.0,Normal Wear
NMC,82.0,496,0.309,38.6,86.4,28.11,31.1,37.3,Aggressive,2,1191.1,317.6,33.5,26.98,84.94,268.3,Normal Wear
NMC,45.0,417,0.77,25.4,69.8,27.81,32.4,31.8,Eco,1,857.2,390.2,31.1,18.7,87.42,209.6,Normal Wear
LFP,45.0,239,0.454,18.8,65.9,23.36,9.7,84.8,Eco,0,457.5,338.4,38.3,18.25,94.97,237.3,Healthy
LFP,45.0,192,0.303,19.9,78.4,18.97,-1.0,87.0,Moderate,2,442.0,363.5,32.2,27.42,94.7,149.6,Healthy
NMC,58.0,755,0.767,33.9,45.7,33.67,32.2,87.3,Aggressive,0,576.6,362.4,36.7,25.42,79.27,186.8,Degradation Warning
NMC,82.0,521,0.076,28.6,54.6,26.95,37.3,70.6,Moderate,1,837.4,172.8,36.0,20.76,88.85,350.0,Healthy
NMC,45.0,780,0.072,21.7,84.9,30.27,-6.1,118.5,Eco,1,709.8,252.7,34.4,30.73,84.69,130.2,Normal Wear
NMC,75.0,1303,0.53,31.2,67.7,43.25,20.1,94.2,Moderate,0,580.8,82.4,33.4,20.21,73.82,272.7,Replacement Required
NMC,58.0,150,0.687,20.5,89.9,21.25,38.8,32.4,Moderate,0,234.5,85.0,35.7,17.28,92.61,309.6,Healthy
NMC,75.0,1156,0.651,16.4,44.9,40.73,23.5,103.5,Moderate,1,208.5,378.4,38.3,22.88,76.77,253.4,Degradation Warning
NMC,82.0,817,0.114,15.0,57.2,33.23,32.7,52.5,Moderate,2,1098.9,87.9,31.7,20.93,84.88,333.2,Normal Wear
NMC,64.0,818,0.81,18.3,59.6,37.52,2.0,97.3,Moderate,1,662.0,262.1,34.9,26.88,79.99,184.9,Degradation Warning
LFP,75.0,949,0.612,33.9,63.2,36.74,-4.7,30.9,Moderate,1,695.9,395.0,39.6,26.66,82.43,224.6,Normal Wear
NMC,64.0,742,0.809,25.8,94.3,33.37,9.6,101.7,Aggressive,0,519.4,141.9,37.0,28.65,80.47,182.7,Normal Wear
NMC,58.0,1063,0.313,26.8,57.1,38.03,10.5,79.3,Moderate,0,849.8,224.9,32.0,21.18,81.05,223.5,Normal Wear
NMC,75.0,234,0.605,28.1,68.5,21.91,30.9,97.1,Moderate,1,961.9,296.7,33.0,24.38,90.93,282.0,Healthy
NMC,75.0,1353,0.738,20.9,69.5,47.33,11.1,74.4,Eco,2,493.5,266.6,37.5,18.3,71.66,296.9,Replacement Required
LFP,100.0,1294,0.354,24.1,82.4,43.02,2.3,105.1,Eco,0,63.1,197.3,31.8,22.92,81.84,354.5,Normal Wear
NMC,58.0,507,0.822,24.7,68.5,29.64,36.1,119.7,Moderate,2,302.9,345.7,34.3,29.6,85.18,165.1,Normal Wear
NMC,58.0,1314,0.262,21.4,73.3,44.08,30.7,99.2,Moderate,2,985.9,213.3,33.3,24.08,78.32,183.9,Degradation Warning
LFP,45.0,1237,0.302,24.1,81.4,40.42,24.7,99.4,Moderate,2,672.2,205.1,34.8,21.72,84.02,173.0,Normal Wear
NMC,82.0,332,0.786,26.3,45.6,25.85,0.8,46.7,Eco,0,1057.5,77.6,37.2,19.93,90.25,374.4,Healthy
LFP,75.0,98,0.826,25.5,93.0,20.48,0.7,60.4,Moderate,1,458.1,372.6,34.7,24.09,96.47,299.0,Healthy
NMC,75.0,199,0.278,29.6,86.5,18.99,15.6,37.5,Moderate,2,378.0,419.8,33.9,19.91,92.28,347.6,Healthy
NMC,58.0,1023,0.159,24.1,61.4,35.33,17.6,78.2,Eco,2,1.7,330.1,35.5,14.8,84.16,331.5,Normal Wear
NMC,58.0,694,0.657,36.3,80.1,31.85,3.3,69.7,Moderate,1,216.2,409.8,35.0,22.28,79.67,204.0,Degradation Warning
NMC,82.0,33,0.794,20.8,81.9,19.34,-3.6,54.5,Moderate,2,402.2,243.4,32.9,26.66,97.25,297.2,Healthy
LFP,58.0,878,0.531,23.8,86.8,35.63,8.9,31.9,Aggressive,1,95.3,273.6,34.0,23.64,85.96,213.8,Normal Wear
LFP,64.0,265,0.558,29.4,50.4,23.53,12.3,118.1,Eco,2,725.5,379.6,30.9,27.81,93.81,210.7,Healthy
NMC,64.0,1057,0.66,30.7,78.7,38.24,-7.3,85.5,Moderate,1,1187.7,253.4,33.6,29.4,74.3,161.7,Replacement Required
NMC,100.0,118,0.172,19.8,41.8,19.35,19.4,57.5,Moderate,1,69.9,95.0,38.4,15.88,95.28,602.2,Healthy
LFP,64.0,52,0.829,26.4,46.4,19.19,-9.9,59.8,Eco,1,470.3,328.4,36.6,23.58,97.06,264.8,Healthy
LFP,64.0,276,0.341,31.8,82.7,20.5,-2.1,64.5,Moderate,1,480.1,118.7,34.2,23.11,92.74,258.5,Healthy
NMC,82.0,53,0.553,17.4,84.7,20.62,-2.4,106.2,Moderate,1,83.8,190.0,37.2,28.23,95.17,275.2,Healthy
NMC,75.0,38,0.425,26.5,72.6,16.99,25.8,46.0,Moderate,1,222.5,365.6,38.5,17.81,97.12,406.1,Healthy
NMC,64.0,1303,0.425,18.1,72.0,44.04,15.3,110.6,Moderate,2,543.4,167.2,35.0,25.36,76.05,193.9,Degradation Warning
LFP,100.0,608,0.612,22.1,81.2,30.13,33.5,56.1,Moderate,1,1146.7,397.1,33.0,23.3,88.41,380.7,Healthy
NMC,58.0,156,0.846,27.5,89.8,21.99,3.8,112.1,Moderate,1,684.2,355.3,34.1,30.92,92.22,175.0,Healthy
NMC,64.0,378,0.577,25.7,63.2,24.6,0.9,114.6,Moderate,2,119.8,408.9,36.3,32.38,91.18,175.6,Healthy
LFP,100.0,773,0.685,20.2,46.3,35.03,31.8,94.7,Eco,1,890.6,106.7,37.5,19.87,85.89,428.3,Normal Wear
NMC,82.0,1159,0.072,34.3,86.1,37.49,13.1,114.5,Aggressive,1,1028.7,173.1,35.1,35.37,79.12,181.5,Degradation Warning
NMC,58.0,423,0.698,25.0,58.8,28.96,4.3,99.7,Eco,2,969.8,346.9,34.4,26.03,88.25,195.4,Healthy
NMC,100.0,1245,0.29,30.3,47.4,39.81,11.7,39.5,Moderate,1,982.0,305.7,37.4,22.48,78.85,352.0,Degradation Warning
NMC,64.0,269,0.151,36.0,73.8,22.99,12.1,120.6,Moderate,1,974.1,337.4,32.6,32.21,90.24,176.1,Healthy
NMC,75.0,465,0.141,22.9,71.8,22.65,19.7,44.0,Moderate,2,267.4,375.4,35.0,18.04,90.19,374.7,Healthy
NMC,58.0,973,0.594,30.7,66.1,38.37,-8.0,74.5,Moderate,1,713.0,165.3,37.8,25.81,78.21,178.5,Degradation Warning
NMC,58.0,297,0.848,29.5,87.3,24.62,2.9,63.3,Aggressive,0,195.1,410.3,35.3,25.64,89.41,201.9,Healthy
NMC,75.0,131,0.583,18.7,55.0,19.21,14.3,59.8,Moderate,2,394.0,335.8,34.6,19.75,93.92,360.0,Healthy
LFP,58.0,765,0.26,34.2,40.7,31.74,18.2,103.4,Moderate,1,500.7,401.7,31.8,24.26,87.33,208.3,Normal Wear
LFP,64.0,707,0.213,27.6,57.8,31.23,-1.7,54.1,Aggressive,1,518.3,108.1,33.9,28.19,89.85,206.2,Healthy
NMC,58.0,411,0.471,23.8,40.5,25.81,0.1,78.8,Eco,0,525.5,265.3,35.4,19.4,87.63,269.8,Normal Wear
NMC,64.0,988,0.102,17.3,69.9,35.32,27.8,58.7,Moderate,1,940.2,355.7,37.4,20.04,83.35,270.9,Normal Wear
NMC,75.0,162,0.369,19.4,60.8,20.7,30.8,114.3,Aggressive,0,744.2,101.2,31.7,32.77,94.04,209.0,Healthy
NMC,45.0,1075,0.583,26.3,84.8,40.74,-6.1,40.5,Eco,1,770.1,239.9,33.3,22.85,76.86,154.5,Degradation Warning
NMC,75.0,200,0.824,19.0,83.9,25.92,41.5,42.5,Eco,1,922.4,349.2,34.2,20.42,91.65,340.1,Healthy
LFP,64.0,598,0.391,30.8,63.9,28.41,12.5,36.1,Moderate,2,248.3,87.3,35.8,17.9,87.87,317.8,Normal Wear
NMC,82.0,817,0.21,24.7,51.9,33.18,20.5,100.8,Aggressive,1,557.3,321.1,33.0,28.69,85.28,239.5,Normal Wear
NMC,75.0,288,0.704,17.6,63.2,24.3,20.9,41.1,Eco,1,1026.2,409.0,33.7,18.63,91.16,368.7,Healthy
NMC,82.0,1279,0.645,23.0,75.3,44.24,8.0,78.3,Moderate,1,846.8,89.7,38.8,21.51,74.16,280.3,Replacement Required
LFP,82.0,1320,0.738,20.6,50.5,46.65,18.3,101.7,Aggressive,1,1056.1,391.3,35.4,31.25,79.14,206.8,Degradation Warning
NMC,64.0,572,0.222,19.7,82.5,27.99,20.3,36.6,Eco,2,543.9,216.7,34.1,15.7,87.09,356.9,Normal Wear
NMC,64.0,652,0.374,13.7,58.2,29.39,29.6,118.0,Aggressive,0,919.1,78.5,36.4,33.43,85.86,160.6,Normal Wear
NMC,45.0,294,0.835,27.6,91.3,26.02,24.4,53.4,Moderate,2,319.2,191.8,31.3,16.99,89.56,238.6,Healthy
LFP,100.0,762,0.176,21.3,68.2,31.72,13.2,104.2,Aggressive,0,1041.3,176.4,34.0,32.08,90.1,277.7,Healthy
LFP,58.0,105,0.587,38.3,86.6,21.38,-0.1,104.4,Eco,1,356.0,157.1,33.2,24.29,96.25,221.6,Healthy
NMC,75.0,1106,0.24,33.0,73.9,39.93,-8.7,59.8,Eco,1,408.7,360.0,33.4,23.71,78.8,253.2,Degradation Warning
NMC,64.0,423,0.45,36.8,70.5,28.31,23.9,80.1,Moderate,1,861.2,228.3,32.9,19.65,86.98,281.8,Normal Wear
NMC,75.0,211,0.69,31.3,77.5,23.37,14.8,88.1,Eco,1,897.3,177.8,34.6,18.95,91.94,363.5,Healthy
NMC,100.0,1336,0.441,23.5,84.6,43.04,40.2,66.6,Eco,0,63.1,178.5,34.5,16.27,74.81,469.2,Replacement Required
LFP,100.0,1074,0.694,28.9,75.4,41.03,-4.9,60.8,Aggressive,0,180.2,417.2,33.8,29.02,79.86,277.6,Degradation Warning
LFP,82.0,1373,0.391,25.2,83.8,43.2,-6.2,110.2,Eco,2,299.7,286.6,30.7,30.67,81.31,220.7,Normal Wear
LFP,58.0,126,0.849,29.0,50.5,24.9,-0.6,45.2,Moderate,2,1199.8,84.6,33.0,26.63,96.84,211.0,Healthy
LFP,45.0,641,0.399,32.3,55.3,29.54,9.6,104.5,Moderate,2,986.9,380.8,33.5,28.87,88.69,134.9,Healthy
NMC,75.0,295,0.17,30.6,52.6,23.1,-0.9,45.4,Eco,1,858.1,324.3,31.5,23.05,91.62,300.1,Healthy
NMC,58.0,670,0.371,27.1,83.9,31.01,14.1,95.0,Eco,2,1156.1,144.1,38.4,20.89,83.96,237.3,Normal Wear
LFP,45.0,575,0.644,27.4,44.7,30.66,7.7,53.8,Moderate,0,824.6,109.7,31.1,20.5,89.31,198.0,Healthy
NMC,75.0,1125,0.728,28.3,83.8,39.97,42.0,117.7,Moderate,0,830.0,202.0,39.0,30.07,74.19,191.0,Replacement Required
LFP,58.0,1107,0.418,33.6,61.4,38.7,40.3,85.5,Aggressive,0,1077.8,142.8,30.5,27.89,81.74,170.1,Normal Wear
NMC,64.0,586,0.526,24.1,44.4,29.4,9.0,78.4,Moderate,1,362.3,315.6,31.9,21.3,85.48,259.6,Normal Wear
NMC,75.0,605,0.726,25.4,63.3,31.01,31.2,54.5,Aggressive,0,2.1,131.0,34.1,19.6,84.32,326.2,Normal Wear
LFP,58.0,904,0.701,24.0,56.5,37.4,2.6,75.9,Eco,1,857.9,253.3,37.6,20.85,84.21,234.8,Normal Wear
NMC,100.0,148,0.576,27.8,72.6,20.62,-7.0,31.6,Moderate,0,187.3,293.0,33.1,23.53,94.11,396.1,Healthy
LFP,45.0,275,0.702,30.8,66.0,25.3,-7.9,39.3,Aggressive,2,344.7,304.2,40.0,33.51,93.34,132.5,Healthy
LFP,58.0,953,0.511,28.8,56.3,37.01,-8.5,54.5,Eco,2,987.0,338.0,31.8,27.3,85.75,181.8,Normal Wear
LFP,64.0,250,0.054,26.7,87.4,21.11,28.3,119.9,Moderate,2,933.5,246.0,36.0,29.03,96.81,213.7,Healthy
LFP,75.0,1180,0.083,33.4,62.4,37.32,7.8,71.8,Moderate,0,569.7,143.9,35.6,19.72,83.98,318.4,Normal Wear
NMC,75.0,882,0.834,22.2,65.9,38.58,32.8,65.0,Aggressive,1,125.2,188.8,32.6,21.61,78.24,270.3,Degradation Warning
LFP,75.0,374,0.166,18.0,86.6,25.43,35.4,102.3,Eco,1,358.0,202.9,31.7,21.17,92.69,330.7,Healthy
NMC,64.0,165,0.374,28.9,44.9,20.35,5.9,94.4,Moderate,0,570.6,310.6,35.1,23.96,92.05,241.5,Healthy
NMC,45.0,1076,0.797,26.8,61.4,42.75,5.0,91.4,Moderate,2,921.8,289.0,35.3,26.51,76.02,123.5,Degradation Warning
NMC,75.0,279,0.206,26.0,62.2,21.78,6.0,85.6,Moderate,2,1181.7,243.3,31.5,26.88,91.45,255.8,Healthy
NMC,45.0,106,0.725,19.1,67.3,20.97,14.7,38.0,Moderate,0,750.7,235.7,36.4,18.87,95.3,228.8,Healthy
NMC,58.0,862,0.705,28.2,45.8,36.72,-9.2,64.1,Moderate,1,64.0,91.1,36.4,23.37,80.88,197.9,Normal Wear
NMC,100.0,284,0.839,37.8,45.6,27.6,-9.4,115.1,Moderate,1,265.4,311.4,37.0,34.78,89.1,253.1,Healthy
NMC,100.0,411,0.275,19.0,62.9,26.66,28.2,121.0,Moderate,2,311.4,351.4,32.5,29.08,89.38,305.4,Healthy
LFP,45.0,251,0.302,26.1,41.8,20.0,32.0,68.3,Moderate,1,761.3,381.0,40.0,20.08,94.02,216.6,Healthy
NMC,45.0,920,0.772,27.5,54.0,36.8,0.6,25.1,Moderate,1,22.1,77.2,34.0,20.03,78.82,179.1,Degradation Warning
LFP,100.0,607,0.237,24.3,51.1,28.46,20.9,74.9,Eco,0,607.9,376.2,34.5,17.44,90.97,517.5,Healthy
LFP,75.0,466,0.488,28.0,66.9,26.4,1.2,47.7,Aggressive,2,1194.9,376.6,32.4,34.66,90.82,195.4,Healthy
LFP,82.0,1172,0.616,24.3,40.6,42.59,28.2,43.8,Moderate,0,922.4,302.1,35.0,19.99,82.25,334.6,Normal Wear
NMC,82.0,1314,0.268,27.9,77.2,42.72,11.9,53.4,Moderate,1,923.2,167.5,32.3,21.39,78.02,290.8,Degradation Warning
LFP,64.0,1132,0.801,25.5,87.1,41.9,32.8,37.3,Moderate,2,894.5,382.4,35.3,21.36,79.61,238.8,Degradation Warning
NMC,100.0,485,0.583,23.8,78.9,30.57,39.3,29.6,Eco,1,820.1,191.6,29.9,19.85,87.19,443.0,Normal Wear
LFP,100.0,953,0.088,26.5,85.0,35.53,18.9,69.5,Eco,0,358.0,273.4,36.5,15.96,86.3,541.0,Normal Wear
NMC,64.0,1213,0.159,29.9,75.4,41.07,36.8,51.3,Moderate,2,939.5,224.3,30.9,22.25,79.49,223.9,Degradation Warning
LFP,82.0,147,0.203,17.7,67.9,18.19,-8.2,50.6,Moderate,1,775.1,380.1,36.1,28.07,96.11,285.3,Healthy
LFP,58.0,1217,0.246,31.2,52.0,40.77,14.1,47.2,Eco,1,274.7,160.3,33.4,15.6,84.46,310.5,Normal Wear
NMC,75.0,1069,0.635,22.6,55.4,40.02,16.2,74.7,Moderate,2,1174.8,185.9,36.8,20.61,77.59,282.6,Degradation Warning
NMC,75.0,592,0.121,30.7,57.5,27.68,11.6,98.3,Aggressive,1,1181.4,212.8,35.2,31.5,85.4,198.5,Normal Wear
LFP,58.0,530,0.33,23.0,42.1,27.05,6.4,90.7,Aggressive,1,448.7,369.2,35.3,29.26,89.84,185.7,Healthy
NMC,58.0,507,0.779,31.3,90.2,30.92,27.6,122.6,Moderate,1,903.8,181.4,38.4,29.13,82.99,165.9,Normal Wear
LFP,82.0,910,0.495,26.7,89.5,37.77,18.7,116.4,Eco,0,817.6,171.0,33.3,24.3,85.74,285.8,Normal Wear
NMC,64.0,598,0.262,21.4,45.9,29.45,-5.7,66.7,Eco,1,700.7,348.6,32.1,23.74,85.87,232.3,Normal Wear
NMC,58.0,969,0.816,24.4,70.6,39.15,39.4,106.3,Aggressive,1,217.0,205.7,36.8,29.96,78.04,149.8,Degradation Warning
LFP,64.0,425,0.245,34.2,65.7,24.49,36.2,43.4,Aggressive,2,561.4,302.7,34.4,25.2,90.96,237.6,Healthy
LFP,45.0,1069,0.774,27.3,77.6,42.32,8.4,46.2,Moderate,2,875.9,376.5,37.2,23.39,80.71,153.9,Normal Wear
LFP,75.0,1126,0.631,24.3,73.2,41.69,2.8,95.1,Aggressive,2,1186.0,148.9,32.6,35.55,82.9,170.5,Normal Wear
NMC,82.0,383,0.642,33.8,46.8,27.18,22.7,46.7,Aggressive,2,736.3,232.5,32.0,23.62,87.78,301.6,Normal Wear
LFP,75.0,1103,0.662,32.1,76.3,41.4,-7.7,70.1,Eco,2,902.6,240.4,35.8,25.97,78.7,220.1,Degradation Warning
NMC,82.0,570,0.455,22.0,73.5,28.24,15.8,57.2,Eco,2,1096.7,268.9,32.7,19.03,85.93,370.3,Normal Wear
NMC,45.0,311,0.702,25.8,69.2,27.31,25.0,48.3,Eco,1,736.5,391.5,32.5,17.28,90.22,233.4,Healthy
LFP,75.0,808,0.719,16.4,62.1,38.42,11.1,40.4,Moderate,0,917.4,413.2,36.3,22.09,84.79,288.6,Normal Wear
NMC,45.0,835,0.338,32.2,92.5,33.21,40.6,86.2,Moderate,1,549.7,350.4,33.5,22.52,82.27,165.6,Normal Wear
NMC,82.0,210,0.37,27.0,86.7,21.37,27.4,30.6,Moderate,1,350.3,80.5,35.9,16.4,91.44,453.5,Healthy
NMC,58.0,480,0.761,31.0,72.2,28.71,38.6,95.3,Eco,2,591.6,111.0,30.2,20.94,83.88,230.0,Normal Wear
LFP,75.0,683,0.47,15.4,40.4,30.68,37.2,114.5,Moderate,1,106.8,111.2,31.6,26.29,89.98,264.0,Healthy
NMC,45.0,252,0.744,25.3,63.8,25.22,-3.2,59.3,Eco,2,1116.0,256.1,35.4,24.6,90.16,160.9,Healthy
LFP,100.0,493,0.551,28.0,78.5,27.47,24.8,66.3,Moderate,0,372.5,85.1,33.9,17.08,89.38,529.0,Healthy
NMC,75.0,677,0.525,14.3,46.5,30.54,21.0,84.1,Moderate,1,553.2,249.1,33.9,19.31,83.93,328.7,Normal Wear
NMC,75.0,290,0.075,30.9,62.4,21.78,-7.1,91.6,Eco,2,784.1,333.1,31.7,28.51,90.64,249.3,Healthy
LFP,75.0,1177,0.272,25.1,50.5,39.12,6.5,79.5,Moderate,1,605.4,175.7,35.3,21.7,86.18,301.3,Normal Wear
NMC,64.0,190,0.452,16.5,58.6,20.77,17.8,94.0,Aggressive,2,339.3,234.3,39.3,24.35,92.41,243.1,Healthy
NMC,45.0,47,0.52,23.9,41.5,18.25,18.5,105.9,Aggressive,1,1181.2,103.8,35.4,29.73,95.81,146.9,Healthy
NMC,45.0,155,0.554,29.7,47.0,21.98,32.3,124.0,Eco,1,1018.0,94.1,34.6,26.51,93.13,160.0,Healthy
NMC,75.0,944,0.623,21.5,65.0,37.71,20.6,64.3,Eco,2,123.3,256.8,36.2,14.7,78.67,404.6,Degradation Warning
LFP,58.0,424,0.575,26.7,89.4,24.69,14.3,83.5,Moderate,2,440.9,74.3,30.8,19.3,90.78,271.2,Healthy
NMC,75.0,996,0.729,24.4,67.0,39.64,29.1,62.6,Eco,2,233.2,316.2,36.9,15.67,76.88,363.4,Degradation Warning
LFP,64.0,907,0.286,15.0,64.9,33.87,19.7,48.8,Aggressive,0,574.4,119.7,40.0,20.87,87.2,261.8,Normal Wear
NMC,82.0,1284,0.563,30.7,83.3,45.9,36.0,124.8,Moderate,2,250.6,383.0,32.8,32.01,73.03,183.0,Replacement Required
NMC,64.0,875,0.091,31.8,54.7,30.56,37.1,26.4,Moderate,0,374.7,367.6,36.4,19.59,84.64,280.9,Normal Wear
LFP,58.0,463,0.434,33.9,45.2,27.32,21.4,31.5,Aggressive,1,625.1,149.3,34.0,21.42,91.05,245.7,Healthy
NMC,75.0,453,0.264,27.1,51.5,26.58,19.3,83.3,Moderate,2,172.9,152.3,37.2,16.99,88.86,397.4,Healthy
NMC,45.0,1271,0.355,29.9,83.5,41.1,26.5,96.0,Moderate,0,1033.1,82.9,36.0,21.29,75.95,156.1,Degradation Warning
NMC,100.0,528,0.334,17.3,77.2,27.23,27.7,97.9,Eco,1,435.2,414.3,32.4,20.69,86.8,421.6,Normal Wear
NMC,75.0,1346,0.098,28.4,45.0,42.62,27.8,95.3,Eco,1,1097.2,89.4,38.3,19.38,80.58,308.9,Normal Wear
NMC,58.0,53,0.423,25.1,76.7,18.42,22.3,103.9,Moderate,2,36.1,237.9,35.9,21.04,95.83,268.4,Healthy
NMC,45.0,1045,0.846,26.5,91.2,41.56,29.7,99.5,Moderate,1,926.0,367.2,33.2,24.39,74.78,136.6,Replacement Required
NMC,64.0,381,0.289,20.3,42.5,24.54,-2.5,79.6,Moderate,2,1037.9,126.1,32.5,27.71,89.63,210.5,Healthy
NMC,82.0,1238,0.639,33.7,73.9,44.54,32.7,72.0,Moderate,0,1181.5,339.9,32.1,22.4,71.72,259.9,Replacement Required
NMC,82.0,625,0.488,17.1,60.9,30.83,6.1,97.0,Moderate,1,158.2,129.1,35.1,23.18,85.14,298.5,Normal Wear
NMC,75.0,1351,0.31,28.6,67.6,44.01,36.1,98.2,Moderate,2,520.5,176.6,35.4,23.46,77.49,254.8,Degradation Warning
NMC,64.0,735,0.122,21.5,69.0,30.1,-3.1,58.3,Moderate,0,912.4,159.5,30.4,24.04,86.34,235.8,Normal Wear
LFP,100.0,269,0.223,39.7,82.4,22.01,-9.8,25.3,Aggressive,2,616.3,86.5,34.9,35.1,93.16,260.6,Healthy
LFP,100.0,166,0.675,31.2,70.6,24.47,-9.2,56.4,Eco,0,984.9,113.0,33.2,22.45,95.92,423.8,Healthy
NMC,58.0,1389,0.273,26.8,72.6,44.32,0.9,78.5,Aggressive,1,1180.7,306.4,33.1,32.02,77.68,137.6,Degradation Warning
LFP,82.0,367,0.165,20.8,58.3,21.8,-4.1,77.6,Eco,0,908.0,100.1,34.3,20.8,93.26,361.3,Healthy
NMC,64.0,1297,0.315,32.3,46.9,44.15,18.8,63.0,Aggressive,1,890.6,411.5,37.6,24.71,76.15,189.8,Degradation Warning
NMC,75.0,418,0.517,12.0,77.6,28.95,13.3,118.2,Eco,1,681.5,161.3,40.0,25.19,88.66,270.3,Healthy
NMC,45.0,1377,0.613,29.3,40.0,46.91,21.5,72.6,Aggressive,2,555.8,108.4,32.7,20.72,73.37,163.4,Replacement Required
NMC,75.0,1219,0.36,30.1,58.1,43.9,0.0,38.9,Moderate,1,1002.0,200.3,34.9,24.94,77.76,227.8,Degradation Warning
NMC,75.0,144,0.449,29.7,52.0,20.74,29.2,44.4,Eco,2,279.5,166.6,33.3,15.18,94.08,457.8,Healthy
NMC,64.0,782,0.414,32.0,61.4,36.66,21.7,34.5,Eco,1,1033.7,97.5,36.4,16.33,80.23,319.6,Normal Wear
NMC,82.0,417,0.057,23.6,57.1,21.92,1.5,51.8,Moderate,0,1004.8,299.8,33.7,24.1,88.94,305.8,Healthy
LFP,64.0,150,0.366,30.3,78.7,20.02,10.7,55.5,Aggressive,1,884.6,342.2,36.6,26.82,96.09,231.6,Healthy
NMC,45.0,624,0.52,23.0,54.3,31.32,27.3,58.4,Moderate,1,835.1,70.7,34.3,17.42,85.28,223.9,Normal Wear
NMC,64.0,911,0.506,22.0,70.8,35.34,25.4,108.6,Moderate,1,9.7,270.2,32.9,22.93,78.68,220.5,Degradation Warning
LFP,58.0,841,0.65,20.8,65.1,37.14,19.2,101.5,Eco,0,1188.5,296.0,36.7,21.91,83.29,219.4,Normal Wear
NMC,75.0,921,0.586,25.5,84.1,37.59,40.9,74.6,Moderate,1,470.3,414.2,37.7,21.81,80.51,268.6,Normal Wear
NMC,82.0,964,0.271,33.7,63.5,35.65,-3.1,69.4,Eco,2,455.8,301.1,35.9,23.49,80.28,278.9,Normal Wear
LFP,100.0,751,0.255,37.3,87.5,32.06,15.4,62.8,Moderate,1,1186.0,174.6,34.2,21.3,86.63,405.9,Normal Wear
LFP,45.0,353,0.421,25.4,40.0,24.83,22.4,26.4,Eco,0,290.3,304.3,36.6,14.98,92.13,277.2,Healthy
LFP,100.0,1063,0.636,23.1,73.3,40.86,41.7,117.0,Aggressive,0,1143.8,166.9,37.4,36.0,81.94,228.3,Normal Wear
LFP,75.0,224,0.125,35.0,40.5,19.95,18.2,54.1,Moderate,0,462.2,118.9,36.2,16.92,95.76,430.9,Healthy
LFP,64.0,975,0.809,29.6,79.3,36.7,13.0,109.2,Moderate,1,117.8,329.5,34.3,25.17,81.42,213.4,Normal Wear
LFP,100.0,374,0.485,27.2,52.9,26.42,38.0,99.1,Moderate,1,627.7,239.4,32.9,25.32,92.26,361.3,Healthy
NMC,58.0,1216,0.295,20.4,60.9,41.01,16.3,36.4,Moderate,2,847.5,403.2,34.1,20.74,79.06,218.2,Degradation Warning
NMC,64.0,1232,0.605,35.6,60.9,42.33,38.8,56.3,Moderate,1,730.9,91.8,35.5,19.8,70.46,227.1,Replacement Required
NMC,75.0,843,0.086,27.6,86.6,31.92,29.0,73.5,Eco,2,1142.6,237.8,36.3,17.97,85.2,364.5,Normal Wear
NMC,100.0,1045,0.438,27.0,45.6,38.29,-1.3,51.2,Aggressive,2,460.5,157.8,35.8,30.89,78.73,253.2,Degradation Warning
LFP,45.0,960,0.439,30.3,76.7,35.05,-1.3,65.2,Aggressive,1,530.4,246.7,33.4,28.9,84.81,127.7,Normal Wear
NMC,100.0,187,0.18,27.1,94.0,18.75,6.5,53.2,Moderate,1,295.1,84.9,36.8,20.13,93.15,465.1,Healthy
NMC,100.0,387,0.72,35.8,41.2,26.92,-6.5,88.6,Eco,2,693.4,84.2,36.2,25.87,87.17,336.0,Normal Wear
NMC,82.0,555,0.687,33.1,93.1,30.02,18.2,61.1,Moderate,1,1127.6,257.7,37.2,20.37,83.05,335.0,Normal Wear
LFP,100.0,982,0.172,23.6,41.0,34.55,34.7,59.6,Aggressive,1,414.7,193.6,37.1,23.46,89.3,378.8,Healthy
NMC,75.0,599,0.341,27.5,86.3,27.48,10.8,52.2,Moderate,2,138.0,78.0,37.1,18.35,85.41,348.8,Normal Wear
LFP,45.0,969,0.13,23.5,92.9,34.14,23.7,105.2,Aggressive,2,439.3,283.0,37.3,27.87,87.43,143.9,Normal Wear
NMC,75.0,226,0.729,38.3,94.6,24.25,41.0,89.6,Eco,1,1059.8,225.4,34.7,21.59,90.24,313.4,Healthy
NMC,58.0,1092,0.309,22.7,65.3,37.92,0.1,97.1,Moderate,1,1080.2,411.9,40.0,29.79,80.03,156.3,Normal Wear
NMC,64.0,563,0.401,26.3,87.7,29.72,8.6,64.4,Moderate,1,146.4,361.4,34.5,20.27,86.3,272.1,Normal Wear
NMC,100.0,148,0.309,29.2,46.7,21.21,-8.7,108.9,Moderate,2,917.4,325.6,37.4,36.0,94.37,258.7,Healthy
LFP,82.0,633,0.298,30.0,63.4,31.54,2.1,66.6,Eco,1,170.0,237.7,39.3,19.17,89.3,382.0,Healthy
LFP,45.0,54,0.648,31.0,56.9,20.72,30.5,42.6,Aggressive,0,1061.3,239.7,35.6,24.0,97.83,182.2,Healthy
NMC,82.0,838,0.648,31.8,61.7,36.16,24.1,76.1,Eco,1,570.2,399.0,35.3,17.11,79.88,387.9,Degradation Warning
NMC,82.0,218,0.464,31.2,78.6,23.8,30.8,69.5,Moderate,1,1078.5,326.1,37.4,21.27,92.0,363.0,Healthy
NMC,82.0,96,0.576,24.4,44.8,18.91,12.1,34.2,Moderate,2,89.4,101.6,29.9,18.89,96.04,415.5,Healthy
LFP,100.0,388,0.459,23.7,94.9,26.27,28.3,91.3,Moderate,2,91.7,222.5,34.9,19.17,92.82,483.1,Healthy
LFP,45.0,852,0.073,27.2,74.9,33.62,21.2,106.2,Aggressive,2,1122.4,216.3,36.0,30.55,88.98,135.2,Healthy
NMC,45.0,545,0.103,23.7,88.0,26.5,7.1,60.6,Aggressive,0,926.8,109.3,37.6,24.75,87.55,156.9,Normal Wear
NMC,82.0,368,0.357,23.1,85.6,25.49,11.4,100.9,Eco,1,174.6,365.9,33.4,21.54,89.86,343.8,Healthy
LFP,64.0,525,0.65,24.5,82.1,29.0,18.1,83.6,Moderate,1,1068.6,168.5,37.0,20.06,89.07,284.4,Healthy
NMC,100.0,662,0.781,39.6,42.2,32.97,39.7,52.3,Aggressive,1,1024.5,200.8,34.9,27.47,80.07,289.5,Normal Wear
NMC,100.0,257,0.074,36.3,68.4,21.02,38.4,59.4,Aggressive,2,645.3,412.9,40.0,28.01,90.46,327.5,Healthy
NMC,75.0,1323,0.344,25.6,58.0,43.93,41.3,119.6,Aggressive,1,198.1,308.7,37.3,36.0,77.37,159.4,Degradation Warning
NMC,100.0,157,0.229,14.6,46.2,17.85,-9.1,46.6,Moderate,0,506.9,352.1,40.0,25.19,93.91,371.0,Healthy
LFP,82.0,1312,0.702,23.5,58.9,44.84,27.3,40.2,Moderate,1,660.3,106.8,34.1,17.84,78.49,352.8,Degradation Warning
LFP,58.0,1244,0.727,32.3,75.5,44.29,36.5,32.6,Eco,0,251.5,259.0,32.6,16.38,75.76,269.5,Degradation Warning
NMC,82.0,1185,0.215,17.6,52.7,40.46,28.4,112.6,Moderate,1,1030.2,320.4,33.4,28.35,81.5,234.0,Normal Wear
NMC,45.0,631,0.619,30.6,64.5,32.14,11.7,92.2,Eco,1,1000.3,354.6,31.6,21.87,82.37,166.3,Normal Wear
NMC,100.0,699,0.635,30.2,62.2,32.82,27.7,36.7,Moderate,0,28.0,379.7,33.6,17.98,83.43,457.8,Normal Wear
NMC,100.0,858,0.192,27.1,42.9,34.64,13.1,101.6,Aggressive,1,23.6,101.5,36.9,26.61,85.18,321.3,Normal Wear
NMC,75.0,957,0.397,26.8,74.5,36.17,27.1,87.9,Eco,1,524.2,328.7,33.3,18.05,81.04,338.2,Normal Wear
NMC,58.0,374,0.546,21.6,74.0,26.79,30.6,123.6,Moderate,1,1109.0,104.4,35.3,30.2,89.06,166.5,Healthy
NMC,100.0,597,0.071,31.2,93.2,27.19,33.8,76.1,Moderate,2,921.7,211.5,34.7,21.38,86.93,407.3,Normal Wear
NMC,75.0,866,0.374,28.9,56.4,33.46,27.9,76.6,Moderate,0,1150.2,226.2,32.0,20.7,81.99,290.1,Normal Wear
NMC,75.0,1372,0.174,24.1,63.0,46.63,-1.7,49.9,Moderate,2,340.8,170.3,40.0,24.65,78.7,245.8,Degradation Warning
NMC,58.0,578,0.484,22.3,62.2,30.06,38.7,44.1,Eco,0,1161.8,372.2,34.3,19.92,85.61,248.3,Normal Wear
NMC,82.0,868,0.724,19.8,90.6,34.5,1.1,98.4,Aggressive,2,637.8,275.2,37.5,35.66,79.3,184.0,Degradation Warning
NMC,82.0,1274,0.47,29.2,62.5,44.38,8.6,62.3,Eco,0,733.2,119.2,35.8,17.67,75.38,350.8,Degradation Warning
LFP,82.0,1351,0.079,25.8,64.4,42.69,12.3,97.4,Eco,2,274.7,200.5,30.7,20.73,85.7,343.8,Normal Wear
NMC,64.0,1189,0.074,25.9,53.9,40.26,27.0,102.4,Aggressive,0,553.7,97.6,32.4,26.95,83.45,197.8,Normal Wear
NMC,82.0,1195,0.534,17.6,40.1,42.76,26.5,115.3,Moderate,1,907.5,243.1,35.4,27.8,77.68,225.3,Degradation Warning
LFP,58.0,159,0.312,20.4,46.1,19.14,40.0,67.7,Aggressive,0,421.3,194.2,33.6,23.35,94.86,237.0,Healthy
LFP,64.0,682,0.508,19.8,78.7,32.79,-0.2,34.6,Aggressive,2,83.6,182.6,38.1,28.1,88.46,206.2,Healthy
NMC,82.0,40,0.181,31.6,77.5,16.09,13.4,27.2,Aggressive,0,1005.3,365.1,30.0,27.56,96.75,292.0,Healthy
LFP,64.0,1297,0.671,28.0,57.7,44.0,0.6,54.2,Eco,2,40.1,367.4,37.6,21.0,79.26,238.4,Degradation Warning
NMC,58.0,83,0.739,25.3,66.0,20.69,25.0,118.2,Eco,2,115.6,307.8,33.9,22.95,96.92,242.7,Healthy
NMC,82.0,1261,0.761,33.6,56.4,43.54,1.1,99.8,Eco,2,764.5,391.8,30.2,27.9,70.64,208.2,Replacement Required
NMC,45.0,1115,0.293,32.8,80.2,39.66,35.1,80.9,Moderate,1,802.2,299.1,33.7,21.07,76.95,167.0,Degradation Warning
LFP,100.0,1009,0.579,33.6,86.3,41.15,41.1,49.0,Eco,1,659.8,286.7,36.2,19.47,80.44,407.0,Normal Wear
LFP,58.0,181,0.273,25.5,89.5,18.93,6.5,96.3,Moderate,2,93.3,102.8,33.9,23.23,95.31,238.7,Healthy
NMC,75.0,149,0.66,18.5,49.6,23.59,28.4,99.1,Moderate,2,932.2,73.7,36.0,22.31,93.53,316.2,Healthy
NMC,75.0,600,0.146,37.2,78.2,27.16,17.7,48.0,Eco,2,717.8,143.5,39.1,15.94,85.0,398.1,Normal Wear
NMC,58.0,244,0.66,30.1,93.0,23.13,8.7,95.8,Eco,2,804.6,345.4,40.0,23.09,89.52,225.8,Healthy
NMC,75.0,599,0.402,30.3,75.8,28.02,-0.1,37.0,Moderate,2,3.5,395.2,33.3,24.72,84.31,261.2,Normal Wear
NMC,58.0,1002,0.734,31.1,59.3,39.86,27.4,35.2,Eco,1,105.5,150.4,37.8,13.69,76.2,324.7,Degradation Warning
LFP,45.0,1024,0.641,43.6,75.0,37.74,-1.7,30.5,Moderate,0,865.1,129.0,34.6,22.23,75.74,151.1,Degradation Warning
LFP,58.0,126,0.351,26.4,77.9,19.06,4.6,106.0,Moderate,2,813.3,362.5,31.3,31.17,95.31,179.6,Healthy
LFP,82.0,640,0.773,35.6,61.8,33.77,37.8,52.1,Eco,1,238.0,202.8,31.4,17.29,85.36,401.6,Normal Wear
LFP,82.0,859,0.277,21.9,45.7,35.72,16.4,85.4,Eco,0,605.8,412.3,35.0,18.6,88.6,394.8,Healthy
NMC,64.0,1146,0.824,31.9,73.4,41.72,34.4,39.4,Eco,1,374.9,406.3,37.6,17.42,73.46,271.7,Replacement Required
LFP,75.0,1184,0.664,37.7,84.1,42.3,29.9,69.2,Moderate,2,749.9,187.0,33.3,19.23,76.01,306.5,Degradation Warning
NMC,100.0,596,0.843,26.7,94.9,31.8,9.6,27.8,Moderate,1,957.0,265.9,34.7,22.84,83.38,368.2,Normal Wear
NMC,75.0,1177,0.093,15.5,52.3,37.33,1.3,111.0,Moderate,1,225.6,307.9,35.5,29.6,81.87,211.5,Normal Wear
NMC,58.0,218,0.269,30.4,78.5,20.29,-4.8,79.0,Eco,1,779.2,294.0,28.5,24.11,94.07,225.7,Healthy
NMC,100.0,529,0.643,25.7,41.5,28.68,40.0,114.1,Moderate,1,521.3,411.4,36.3,30.19,85.79,282.9,Normal Wear
NMC,100.0,686,0.788,32.1,93.3,34.03,6.9,71.8,Aggressive,1,231.3,195.7,37.0,25.11,80.3,318.6,Normal Wear
NMC,75.0,98,0.073,24.2,40.7,17.69,25.0,56.6,Eco,2,475.8,324.1,37.3,16.2,96.06,442.9,Healthy
LFP,100.0,913,0.05,41.3,59.7,33.71,28.0,65.1,Aggressive,0,125.1,273.3,36.0,21.14,83.16,400.8,Normal Wear
NMC,100.0,531,0.255,27.6,44.2,26.9,0.3,49.4,Aggressive,1,789.2,252.2,35.1,30.45,87.75,284.6,Normal Wear
NMC,82.0,269,0.732,31.7,74.2,26.35,26.1,113.6,Eco,0,1197.8,121.9,35.5,24.15,89.99,306.1,Healthy
LFP,45.0,908,0.664,21.0,58.7,37.12,-9.5,54.6,Moderate,0,879.9,333.8,37.7,25.34,84.11,146.3,Normal Wear
NMC,58.0,1043,0.322,19.9,80.3,38.99,11.7,54.2,Eco,1,1022.4,209.1,35.3,18.57,81.02,253.9,Normal Wear
NMC,75.0,618,0.052,19.2,66.8,28.38,8.2,88.2,Eco,0,270.9,115.2,37.0,17.62,87.81,373.2,Normal Wear
NMC,82.0,772,0.494,19.3,63.1,33.59,38.5,37.3,Moderate,2,127.4,74.0,35.0,18.44,83.02,367.9,Normal Wear
NMC,64.0,619,0.24,31.1,59.2,29.89,41.3,46.9,Moderate,2,2.6,122.0,38.1,18.73,85.78,295.5,Normal Wear
NMC,100.0,994,0.646,23.4,44.7,38.39,5.0,68.0,Aggressive,0,875.5,311.6,34.4,28.29,78.63,281.9,Degradation Warning
NMC,100.0,502,0.407,19.4,51.3,26.41,21.7,43.3,Aggressive,2,987.8,332.1,38.4,25.32,85.96,343.3,Normal Wear
NMC,75.0,855,0.593,22.8,75.2,35.62,28.8,50.7,Aggressive,0,226.9,86.1,31.7,20.24,81.01,300.6,Normal Wear
NMC,45.0,191,0.732,31.2,67.3,25.01,-0.1,95.0,Eco,0,573.9,124.2,35.8,20.88,92.61,196.5,Healthy
NMC,45.0,888,0.479,31.1,43.9,35.89,25.7,53.0,Moderate,2,702.0,419.7,38.1,19.27,80.62,185.3,Normal Wear
NMC,75.0,36,0.319,33.0,69.9,17.03,3.4,88.7,Moderate,1,1149.8,214.9,36.2,26.24,96.01,271.7,Healthy
NMC,75.0,1337,0.666,25.3,43.0,44.76,-1.2,74.4,Moderate,1,1096.7,383.3,36.2,26.92,73.71,206.1,Replacement Required
LFP,82.0,413,0.262,39.0,68.1,23.01,34.2,101.8,Aggressive,0,18.9,212.4,36.5,26.54,90.13,279.8,Healthy
NMC,75.0,1262,0.763,33.5,93.1,43.84,16.1,100.1,Moderate,2,59.1,255.2,35.3,21.38,69.12,243.7,Replacement Required
NMC,64.0,253,0.107,20.0,56.9,21.06,5.4,44.8,Moderate,2,1150.7,376.5,34.3,26.01,92.58,228.2,Healthy
LFP,82.0,267,0.718,31.9,79.8,24.37,11.0,119.3,Moderate,2,69.7,416.5,36.3,30.06,91.6,250.4,Healthy
NMC,100.0,71,0.123,27.1,81.0,17.43,11.5,105.2,Eco,0,698.4,94.8,36.6,21.99,95.85,433.5,Healthy
NMC,100.0,34,0.095,26.0,62.3,15.15,30.0,78.3,Eco,1,95.1,291.3,33.2,16.13,97.18,595.8,Healthy
NMC,100.0,1367,0.341,27.1,72.6,45.62,36.1,81.0,Moderate,2,800.2,234.0,36.8,22.14,77.68,350.4,Degradation Warning
LFP,100.0,460,0.815,23.0,66.0,29.99,14.7,107.9,Aggressive,2,221.1,258.7,34.9,30.57,89.85,298.5,Healthy
LFP,58.0,1155,0.837,33.1,55.6,42.45,6.8,73.4,Moderate,2,41.0,140.6,32.8,20.09,76.97,223.5,Degradation Warning
NMC,64.0,715,0.212,23.5,81.5,28.88,27.8,72.8,Eco,1,334.6,383.0,37.8,15.93,86.08,341.3,Normal Wear
LFP,82.0,26,0.169,23.6,78.7,16.83,37.1,88.0,Aggressive,0,637.6,170.4,36.1,25.75,97.57,311.6,Healthy
NMC,82.0,845,0.332,31.6,89.5,31.53,-4.1,33.8,Moderate,2,642.0,118.8,37.7,26.43,80.72,245.7,Normal Wear
NMC,100.0,1288,0.32,40.0,74.0,41.1,31.4,83.2,Eco,0,916.3,318.1,33.8,19.36,69.97,362.4,Replacement Required
NMC,45.0,1330,0.658,24.0,61.4,45.06,19.0,47.4,Eco,0,72.6,413.1,38.7,14.98,74.72,225.0,Replacement Required
NMC,82.0,1149,0.405,19.5,79.3,39.35,35.1,36.7,Eco,2,9.8,154.1,35.0,15.54,78.36,409.3,Degradation Warning
LFP,64.0,1056,0.674,33.8,74.0,41.72,16.7,106.5,Moderate,0,857.0,234.1,36.8,24.99,79.36,202.3,Degradation Warning
NMC,75.0,1189,0.649,28.2,73.9,42.28,34.9,63.2,Moderate,0,1145.1,92.7,33.1,20.57,76.06,274.5,Degradation Warning
NMC,64.0,497,0.513,30.0,86.7,28.6,18.8,75.3,Moderate,0,231.3,186.7,36.6,16.38,85.74,338.6,Normal Wear
LFP,100.0,650,0.717,27.2,90.1,29.69,-2.5,54.3,Moderate,0,179.9,352.0,36.7,22.57,86.53,389.7,Normal Wear
NMC,100.0,734,0.207,30.6,49.9,28.78,-9.7,28.1,Moderate,1,411.5,378.5,34.5,27.69,85.48,303.0,Normal Wear
NMC,58.0,134,0.179,29.2,57.3,17.95,22.2,69.2,Aggressive,1,842.7,152.0,32.6,22.66,93.91,240.0,Healthy
NMC,82.0,528,0.651,23.9,75.8,29.72,20.8,100.0,Aggressive,0,914.2,261.6,36.7,29.04,85.2,237.1,Normal Wear
LFP,82.0,1195,0.246,31.2,70.6,38.85,0.9,100.8,Aggressive,1,1124.0,344.7,37.8,36.0,83.52,187.7,Normal Wear
LFP,82.0,76,0.052,30.0,75.9,17.27,34.2,117.2,Moderate,2,962.3,76.5,32.2,29.59,97.44,273.5,Healthy
NMC,100.0,401,0.78,24.8,63.8,29.32,35.1,109.0,Aggressive,1,33.3,144.3,35.2,29.45,88.03,299.2,Healthy
LFP,82.0,1200,0.548,26.0,62.7,41.34,31.8,123.2,Eco,1,247.7,83.1,36.5,24.34,81.86,277.2,Normal Wear
NMC,45.0,971,0.406,22.3,46.5,36.84,38.7,82.2,Eco,0,426.6,114.4,32.6,16.72,80.1,217.2,Normal Wear
LFP,45.0,1176,0.631,29.8,74.3,41.97,16.3,30.1,Moderate,1,1136.3,132.2,38.9,19.29,80.43,186.8,Normal Wear
NMC,75.0,1206,0.317,29.8,49.7,40.51,26.5,111.3,Eco,1,726.7,80.4,37.6,21.76,78.61,264.7,Degradation Warning
NMC,82.0,294,0.813,26.8,76.9,26.14,37.0,120.2,Moderate,1,1195.6,223.3,36.8,32.12,89.68,231.0,Healthy
LFP,58.0,1120,0.105,20.2,93.2,38.04,13.7,71.4,Moderate,1,381.1,214.4,36.0,18.29,85.94,264.3,Normal Wear
NMC,75.0,63,0.563,14.9,54.1,19.42,22.2,36.4,Eco,0,1105.7,172.1,33.5,17.43,94.71,401.4,Healthy
NMC,100.0,737,0.672,25.6,47.8,33.94,16.7,27.5,Aggressive,2,838.4,181.4,34.4,24.18,82.4,333.0,Normal Wear
NMC,82.0,337,0.425,28.4,41.3,25.33,41.1,86.4,Moderate,1,1064.5,258.0,31.3,24.96,89.37,288.9,Healthy
LFP,45.0,553,0.654,30.9,60.8,30.71,12.8,91.8,Eco,1,1107.1,351.7,33.5,21.5,88.73,183.6,Healthy
NMC,58.0,1197,0.792,33.8,51.8,41.58,6.5,26.6,Eco,1,543.6,411.3,36.2,19.77,71.94,211.9,Replacement Required
NMC,75.0,256,0.645,24.9,67.1,22.93,22.7,119.9,Moderate,1,1046.3,355.9,35.6,30.35,89.79,222.3,Healthy
NMC,58.0,912,0.297,17.5,68.8,35.73,4.6,79.2,Aggressive,2,1179.9,206.4,33.8,31.18,81.86,151.2,Normal Wear
NMC,82.0,536,0.499,23.9,59.2,31.81,34.6,86.2,Moderate,1,800.5,376.4,35.5,22.78,87.55,312.5,Normal Wear
NMC,64.0,1264,0.779,40.1,81.2,44.17,36.4,81.4,Eco,1,310.9,358.5,36.6,17.81,68.0,238.5,Replacement Required
LFP,58.0,1353,0.409,36.9,89.8,42.72,7.9,56.7,Eco,1,323.2,389.3,32.9,18.89,76.27,233.0,Degradation Warning
LFP,58.0,1220,0.595,29.6,51.6,45.71,8.6,115.1,Eco,1,902.9,92.9,38.8,25.57,81.44,185.6,Normal Wear
NMC,100.0,1263,0.422,24.4,86.0,44.31,-5.5,25.4,Aggressive,0,394.4,193.7,34.9,27.94,76.57,276.7,Degradation Warning
NMC,45.0,57,0.147,26.5,47.2,18.46,3.3,99.7,Aggressive,1,493.3,86.3,35.5,30.28,97.22,147.8,Healthy
NMC,82.0,673,0.097,37.3,52.6,29.17,-6.5,61.1,Eco,0,631.8,182.5,34.5,20.75,84.88,341.2,Normal Wear
NMC,58.0,766,0.812,28.3,70.9,35.13,29.4,44.0,Eco,0,1094.0,168.2,35.5,17.04,81.4,277.3,Normal Wear
LFP,82.0,1246,0.54,24.7,56.9,42.99,-0.6,68.6,Eco,2,853.6,388.7,30.2,25.13,81.92,272.4,Normal Wear
NMC,45.0,860,0.133,35.0,42.3,33.91,-5.9,44.8,Aggressive,1,349.2,400.7,34.2,30.99,82.06,117.2,Normal Wear
NMC,100.0,467,0.736,15.3,56.2,30.26,-1.5,111.9,Aggressive,1,160.4,313.3,33.0,36.0,85.59,230.9,Normal Wear
LFP,82.0,703,0.468,21.0,89.8,32.06,9.6,104.6,Moderate,1,347.8,169.0,35.8,24.89,87.95,292.9,Normal Wear
NMC,45.0,144,0.668,22.2,49.6,22.82,12.0,110.7,Aggressive,1,400.2,72.4,34.8,30.07,94.42,141.7,Healthy
NMC,45.0,1108,0.151,33.0,82.0,39.74,36.7,108.6,Eco,1,879.1,304.7,32.7,24.42,78.34,143.9,Degradation Warning
NMC,75.0,812,0.776,23.6,79.7,37.02,4.5,107.5,Moderate,1,510.3,244.8,33.3,28.49,79.4,209.3,Degradation Warning
LFP,100.0,803,0.522,16.4,45.8,34.89,27.3,83.1,Aggressive,0,1197.5,142.6,33.8,25.85,86.74,331.5,Normal Wear
LFP,100.0,1287,0.641,22.8,58.1,43.72,36.5,115.2,Aggressive,0,41.4,131.5,35.9,31.32,79.53,249.8,Degradation Warning
NMC,82.0,245,0.075,24.2,50.4,19.57,34.5,30.9,Moderate,1,425.1,266.0,36.5,19.38,92.58,391.2,Healthy
LFP,64.0,484,0.302,26.6,41.3,24.42,0.3,53.6,Eco,1,103.1,115.6,32.2,18.8,91.38,313.1,Healthy
NMC,75.0,662,0.264,27.8,49.5,30.29,4.5,46.3,Aggressive,1,428.1,262.2,37.8,26.78,85.17,237.7,Normal Wear
NMC,100.0,312,0.81,32.8,51.1,26.23,-7.2,37.1,Moderate,2,520.5,390.6,36.1,29.5,88.16,290.8,Healthy
NMC,45.0,740,0.198,25.1,49.1,32.52,15.1,25.6,Moderate,1,1069.4,347.0,34.1,21.09,86.51,178.5,Normal Wear
NMC,100.0,775,0.616,23.5,45.0,34.74,11.1,65.3,Moderate,0,510.4,399.5,33.8,21.29,82.36,384.6,Normal Wear
NMC,64.0,185,0.084,27.3,68.9,18.82,18.4,97.4,Moderate,1,30.6,156.9,35.9,19.0,94.43,318.8,Healthy
NMC,58.0,788,0.208,28.5,57.7,31.43,13.8,89.5,Moderate,0,1146.2,403.2,37.0,23.77,84.19,205.0,Normal Wear
NMC,58.0,1261,0.321,23.4,90.0,42.56,28.3,90.1,Eco,0,174.3,236.3,39.1,16.23,76.45,271.7,Degradation Warning
NMC,100.0,1026,0.686,16.8,50.3,39.94,24.8,113.8,Moderate,1,928.5,290.7,35.5,28.12,77.74,272.0,Degradation Warning
NMC,100.0,890,0.682,24.1,73.2,39.08,12.3,120.7,Moderate,2,240.3,172.9,38.4,29.26,80.59,276.7,Normal Wear
LFP,75.0,1318,0.812,31.8,89.5,46.1,-8.0,93.1,Moderate,0,1108.0,418.0,37.8,29.6,72.98,191.2,Replacement Required
NMC,100.0,1095,0.783,26.5,42.6,42.18,7.9,33.5,Eco,1,271.9,223.2,37.5,18.13,74.97,420.9,Replacement Required
NMC,64.0,586,0.115,34.5,68.4,29.37,6.9,92.7,Moderate,1,1026.2,135.6,35.5,24.74,85.68,219.8,Normal Wear
NMC,100.0,1057,0.714,30.0,64.8,40.25,-5.4,80.5,Moderate,2,497.5,270.9,35.6,28.32,76.67,266.7,Degradation Warning
NMC,82.0,1383,0.411,23.8,91.1,44.73,5.8,31.4,Moderate,2,536.6,159.5,37.1,22.43,74.18,269.0,Replacement Required
LFP,64.0,621,0.743,35.8,76.5,30.28,41.3,50.7,Eco,1,755.0,222.6,34.3,18.89,85.44,284.1,Normal Wear
NMC,75.0,1132,0.121,21.8,59.2,37.94,32.7,48.8,Aggressive,1,584.9,142.8,39.3,22.62,81.86,269.9,Normal Wear
NMC,82.0,924,0.708,16.9,79.1,38.18,31.7,102.3,Moderate,1,404.1,205.4,37.0,22.98,79.39,283.2,Degradation Warning
LFP,82.0,60,0.178,29.1,72.0,18.92,33.9,59.5,Moderate,1,291.1,102.4,31.6,18.23,99.12,443.4,Healthy
NMC,58.0,1347,0.317,22.3,59.1,42.19,35.0,75.1,Moderate,1,319.5,169.7,33.5,18.21,77.04,240.6,Degradation Warning
NMC,64.0,1311,0.073,26.7,83.2,40.58,6.9,103.6,Eco,1,844.3,157.1,36.9,23.55,79.79,216.5,Degradation Warning
NMC,82.0,1181,0.149,20.6,76.7,37.25,6.8,118.7,Aggressive,0,130.5,401.7,38.6,36.0,80.57,187.9,Normal Wear
LFP,75.0,1049,0.407,27.0,40.3,40.58,7.5,78.8,Moderate,0,673.9,277.4,38.7,21.36,85.03,299.6,Normal Wear
NMC,58.0,261,0.705,29.9,87.6,24.64,32.6,80.5,Moderate,0,455.4,79.3,35.3,17.48,91.52,302.6,Healthy
NMC,82.0,181,0.669,30.8,61.8,22.11,31.5,34.6,Moderate,1,423.7,389.8,35.5,19.57,91.58,386.8,Healthy
NMC,64.0,1038,0.238,20.2,75.5,35.03,-9.1,74.4,Moderate,2,858.6,295.5,35.7,30.07,82.14,174.9,Normal Wear
NMC,58.0,711,0.171,18.9,61.8,30.25,39.4,93.6,Aggressive,1,603.9,188.0,38.3,27.73,85.47,173.8,Normal Wear
NMC,64.0,828,0.361,29.4,88.5,33.24,4.8,43.9,Aggressive,0,92.6,198.2,32.7,23.51,81.95,226.5,Normal Wear
NMC,64.0,998,0.757,24.7,75.8,37.35,22.6,36.1,Moderate,1,1091.5,81.0,37.1,18.64,77.13,264.4,Degradation Warning
NMC,64.0,537,0.123,23.7,71.9,26.13,23.3,111.3,Moderate,1,1077.6,411.0,39.5,28.05,87.65,195.2,Normal Wear
LFP,58.0,917,0.484,26.3,93.9,37.72,-4.1,36.5,Eco,2,510.4,371.2,37.2,24.0,85.48,207.1,Normal Wear
LFP,82.0,802,0.121,26.0,55.4,31.45,26.2,116.3,Aggressive,2,16.5,92.9,34.2,29.37,90.0,245.1,Healthy
NMC,100.0,803,0.426,29.2,43.6,35.03,17.7,52.4,Moderate,1,72.3,308.5,35.8,17.47,83.92,478.3,Normal Wear
LFP,45.0,1199,0.151,29.9,68.4,41.76,21.8,58.0,Moderate,2,589.9,227.2,37.7,17.53,85.61,222.0,Normal Wear
NMC,82.0,104,0.114,32.9,63.3,17.44,13.2,77.6,Moderate,2,97.7,352.9,33.4,19.75,94.08,385.9,Healthy
NMC,58.0,1053,0.203,25.5,65.0,37.17,31.8,43.8,Moderate,2,531.9,288.2,33.4,19.35,81.61,242.2,Normal Wear
NMC,45.0,157,0.254,33.0,74.1,20.27,23.0,93.9,Moderate,0,227.7,214.5,28.1,20.17,94.48,211.9,Healthy
LFP,45.0,773,0.271,30.5,73.8,33.31,0.0,77.4,Moderate,1,963.0,222.7,38.6,24.48,87.3,160.0,Normal Wear
LFP,45.0,925,0.566,32.2,61.6,38.6,29.1,119.6,Moderate,2,441.1,298.1,36.9,27.43,84.33,144.6,Normal Wear
NMC,100.0,732,0.094,20.4,87.5,32.03,16.1,116.1,Aggressive,2,454.2,299.1,36.8,34.09,86.06,258.3,Normal Wear
LFP,75.0,175,0.115,26.4,75.8,18.31,-8.1,102.0,Eco,0,29.9,265.2,34.0,23.75,96.17,304.4,Healthy
NMC,58.0,427,0.201,38.4,88.9,26.49,10.5,43.5,Eco,2,784.5,379.5,31.6,20.33,85.61,251.1,Normal Wear
LFP,100.0,806,0.748,18.8,90.2,36.22,10.9,46.4,Eco,1,928.2,342.8,33.1,20.38,84.7,410.6,Normal Wear
LFP,100.0,1268,0.553,37.7,49.2,43.05,31.7,51.8,Eco,0,316.2,111.5,32.6,15.74,77.98,491.7,Degradation Warning
NMC,75.0,599,0.634,37.5,77.4,29.41,2.2,108.4,Eco,0,740.2,375.2,38.5,25.96,81.4,235.3,Normal Wear
LFP,45.0,1227,0.346,31.4,57.5,40.66,13.5,89.8,Eco,2,776.3,140.6,29.8,19.55,83.5,196.3,Normal Wear
NMC,75.0,1238,0.221,18.9,86.0,41.52,-7.2,42.6,Moderate,1,755.6,402.6,35.2,27.69,79.1,213.3,Degradation Warning
NMC,75.0,573,0.08,25.7,80.3,26.35,35.8,70.8,Eco,2,838.0,352.6,35.0,19.37,87.07,335.6,Normal Wear
NMC,100.0,415,0.441,31.8,50.9,26.38,13.1,122.5,Moderate,2,942.0,388.2,37.9,33.47,87.79,255.9,Normal Wear
NMC,58.0,1177,0.509,19.0,91.6,40.24,34.5,98.2,Aggressive,2,909.7,306.8,32.0,31.13,75.2,137.8,Degradation Warning
LFP,64.0,1352,0.768,31.1,77.6,45.74,25.2,118.4,Moderate,1,688.8,298.0,30.6,28.79,75.51,166.0,Degradation Warning
LFP,75.0,829,0.756,27.6,92.2,36.01,6.6,105.9,Aggressive,1,1126.6,157.2,40.0,34.97,84.26,182.0,Normal Wear
NMC,75.0,981,0.39,23.6,51.1,36.75,27.1,97.5,Moderate,2,936.6,289.1,36.0,23.34,82.83,263.6,Normal Wear
LFP,45.0,561,0.389,20.3,87.8,27.02,14.4,108.0,Aggressive,0,1069.0,217.1,32.1,32.54,90.11,124.5,Healthy
LFP,45.0,1052,0.179,35.8,76.7,36.36,7.7,94.3,Moderate,1,609.4,123.7,36.6,22.88,84.35,165.5,Normal Wear
NMC,100.0,1006,0.256,31.7,70.4,34.56,24.7,81.7,Aggressive,2,840.6,196.0,31.2,25.13,79.36,309.5,Degradation Warning
LFP,45.0,189,0.791,26.0,85.1,23.6,30.3,98.6,Moderate,2,1035.7,301.8,35.3,24.05,94.09,174.7,Healthy
NMC,82.0,309,0.163,27.2,74.8,23.99,25.8,47.9,Moderate,0,647.7,376.5,39.5,19.52,91.27,385.7,Healthy
LFP,75.0,1211,0.825,25.4,76.8,43.25,14.1,74.0,Aggressive,0,1048.8,223.3,32.0,25.76,77.83,221.6,Degradation Warning
NMC,45.0,1387,0.454,16.2,54.0,44.32,3.5,120.1,Eco,2,870.3,171.5,36.1,29.61,75.5,114.8,Degradation Warning
NMC,58.0,1188,0.415,34.7,84.9,42.43,32.1,105.9,Moderate,0,904.5,126.4,34.2,24.62,74.8,180.8,Replacement Required
NMC,82.0,759,0.19,28.3,75.8,29.91,8.0,117.6,Moderate,2,1112.8,211.1,32.4,33.41,86.43,215.7,Normal Wear
NMC,100.0,607,0.579,32.7,86.4,31.82,21.9,121.7,Moderate,1,396.4,169.6,32.3,28.33,83.78,298.9,Normal Wear
NMC,64.0,754,0.418,24.3,59.3,31.14,-4.0,83.7,Eco,2,713.6,226.5,34.5,24.67,83.16,216.6,Normal Wear
NMC,75.0,476,0.347,27.6,58.2,26.17,28.5,44.6,Moderate,2,327.2,105.3,36.8,16.49,87.96,401.5,Normal Wear
NMC,75.0,720,0.262,28.9,41.3,30.68,39.6,99.1,Moderate,1,635.0,327.4,34.5,25.52,84.46,245.3,Normal Wear
LFP,58.0,998,0.103,33.2,82.3,36.42,13.4,25.7,Eco,0,532.4,71.5,32.3,15.84,85.74,311.8,Normal Wear
NMC,64.0,1345,0.465,37.8,58.2,46.94,18.5,33.9,Moderate,0,548.9,314.9,34.8,18.41,71.42,248.9,Replacement Required
NMC,64.0,65,0.3,24.9,58.0,17.69,36.8,53.6,Eco,1,250.3,177.3,29.7,16.92,96.31,365.3,Healthy
NMC,100.0,1060,0.616,24.9,77.9,39.88,31.4,26.5,Aggressive,0,750.6,195.7,31.1,24.67,77.34,315.3,Degradation Warning
NMC,100.0,1304,0.629,25.5,53.9,42.8,40.0,93.3,Eco,2,954.7,129.9,37.6,22.13,74.52,337.2,Replacement Required
LFP,82.0,1166,0.316,23.4,90.0,40.17,3.8,106.7,Aggressive,0,322.4,408.9,32.5,34.19,84.14,205.7,Normal Wear
LFP,75.0,250,0.585,42.9,69.6,24.9,14.4,100.4,Moderate,1,148.7,88.5,37.7,20.96,93.23,338.7,Healthy
NMC,45.0,969,0.257,16.9,93.3,38.76,13.7,39.4,Moderate,1,306.4,169.1,40.0,17.46,81.97,212.4,Normal Wear
NMC,100.0,656,0.632,43.1,44.2,31.48,14.6,105.4,Aggressive,2,906.3,121.4,35.5,31.54,79.14,252.3,Degradation Warning
LFP,58.0,131,0.063,30.8,58.5,18.86,37.5,107.8,Aggressive,2,76.1,238.8,35.6,30.28,95.81,183.5,Healthy
NMC,58.0,612,0.171,26.5,61.0,29.66,0.7,34.7,Eco,2,741.4,266.0,36.8,22.39,87.82,220.8,Normal Wear
LFP,58.0,1289,0.246,22.0,80.2,40.53,36.5,74.2,Moderate,2,983.8,138.7,35.2,20.87,84.27,230.0,Normal Wear
NMC,100.0,878,0.668,26.8,51.7,38.27,19.7,93.8,Moderate,2,962.0,299.4,37.8,23.19,78.94,342.9,Degradation Warning
LFP,100.0,410,0.103,23.6,60.6,22.85,17.9,65.7,Moderate,1,1185.0,263.4,36.2,20.99,93.8,451.5,Healthy
NMC,58.0,411,0.2,35.3,90.1,24.74,11.7,113.9,Moderate,2,948.0,364.7,35.6,30.41,87.64,169.9,Normal Wear
NMC,100.0,347,0.337,30.8,46.3,22.45,18.1,77.9,Moderate,2,161.8,387.3,34.5,18.53,89.26,478.6,Healthy
LFP,45.0,1258,0.057,37.0,81.0,40.06,31.8,37.2,Aggressive,2,416.5,313.1,40.0,22.63,82.36,160.5,Normal Wear
NMC,45.0,766,0.66,25.3,78.6,32.25,15.6,78.0,Moderate,1,260.4,290.6,31.4,18.41,82.14,203.5,Normal Wear
NMC,82.0,386,0.498,27.8,47.2,26.03,30.4,82.7,Eco,2,451.7,281.9,39.8,17.22,88.88,427.3,Healthy
NMC,75.0,101,0.771,26.4,77.9,23.49,11.7,120.4,Aggressive,1,764.3,128.5,36.1,36.0,94.88,199.3,Healthy
NMC,45.0,825,0.075,24.8,71.3,31.99,-0.5,67.2,Moderate,2,347.8,379.1,33.6,25.32,84.58,153.8,Normal Wear
NMC,82.0,841,0.267,20.8,55.8,31.69,11.6,114.3,Eco,0,154.5,196.1,32.9,23.17,83.2,299.8,Normal Wear
NMC,64.0,1119,0.635,31.3,57.1,40.78,27.6,57.0,Eco,1,857.0,312.0,34.6,17.18,75.11,282.5,Degradation Warning
NMC,75.0,971,0.59,29.0,85.8,38.22,34.3,70.2,Moderate,2,140.6,224.2,37.5,18.25,78.01,321.6,Degradation Warning
NMC,45.0,391,0.244,26.7,52.7,24.11,30.1,92.5,Eco,0,1137.5,386.0,36.9,20.57,89.29,197.1,Healthy
LFP,64.0,1308,0.527,30.0,68.2,45.13,9.5,113.6,Aggressive,2,742.3,212.6,34.7,36.0,80.45,143.6,Normal Wear
NMC,82.0,283,0.685,24.5,77.5,27.19,20.1,102.4,Eco,0,917.3,266.0,32.6,21.88,90.19,337.3,Healthy
NMC,45.0,129,0.077,27.1,47.1,17.97,8.7,40.5,Moderate,2,989.1,135.6,31.0,22.66,93.97,184.7,Healthy
LFP,45.0,326,0.624,32.2,91.3,25.11,26.6,44.4,Moderate,1,771.6,263.9,34.7,18.47,91.12,221.9,Healthy
NMC,100.0,1243,0.252,33.0,54.3,40.5,12.7,31.8,Moderate,2,842.4,140.9,35.4,21.01,76.14,362.8,Degradation Warning
NMC,64.0,245,0.808,36.2,57.5,25.99,29.8,87.1,Moderate,0,948.4,348.1,38.5,21.75,89.92,272.7,Healthy
NMC,45.0,204,0.481,20.3,76.6,24.26,-9.3,69.0,Moderate,1,544.9,198.6,30.2,26.45,93.3,160.3,Healthy
NMC,58.0,983,0.077,21.2,44.3,34.89,7.7,112.6,Moderate,1,3.3,218.5,37.4,26.35,84.3,185.7,Normal Wear
NMC,100.0,50,0.373,20.1,74.5,18.54,35.7,123.9,Moderate,0,1160.4,294.1,36.9,33.32,96.63,290.9,Healthy
NMC,100.0,633,0.823,23.1,90.4,32.79,6.8,112.9,Aggressive,2,291.3,100.1,33.4,35.36,81.48,230.8,Normal Wear
NMC,45.0,118,0.634,25.0,53.7,20.24,10.5,29.7,Moderate,1,179.6,180.2,31.0,18.79,95.23,229.0,Healthy
NMC,100.0,1382,0.29,29.6,59.9,45.26,31.1,119.4,Moderate,2,1103.1,396.7,35.5,32.02,76.63,237.9,Degradation Warning
NMC,75.0,830,0.51,34.0,52.8,34.61,-5.1,35.3,Moderate,1,649.5,371.7,38.9,26.46,80.1,228.1,Normal Wear
NMC,64.0,1309,0.529,24.6,85.0,44.63,6.2,69.7,Moderate,2,330.8,150.9,29.8,22.07,73.82,217.1,Replacement Required
NMC,75.0,671,0.069,30.4,49.2,29.99,30.3,54.7,Moderate,0,1118.1,249.5,39.9,20.5,86.31,321.1,Normal Wear
LFP,82.0,833,0.193,34.7,59.1,32.43,39.8,40.6,Moderate,0,1026.4,274.2,39.7,22.01,85.89,320.8,Normal Wear
NMC,75.0,1393,0.491,24.3,73.1,45.92,30.7,42.1,Eco,1,547.0,175.6,35.5,16.02,73.95,347.5,Replacement Required
NMC,58.0,1039,0.372,25.3,62.3,37.14,-1.0,59.6,Aggressive,2,1147.4,191.7,31.9,33.66,79.16,139.9,Degradation Warning
NMC,100.0,997,0.202,27.4,43.6,34.84,33.4,27.5,Aggressive,1,111.9,412.3,37.1,23.7,81.5,341.7,Normal Wear
NMC,100.0,107,0.668,16.9,92.1,21.29,14.7,31.5,Moderate,0,1125.1,118.5,30.2,21.32,95.96,455.3,Healthy
NMC,58.0,1106,0.441,30.1,58.6,40.02,30.7,96.4,Moderate,1,552.4,389.0,32.1,23.22,78.16,191.3,Degradation Warning
NMC,100.0,941,0.298,19.8,64.5,36.72,2.4,87.6,Moderate,2,553.7,194.0,36.8,25.97,82.91,317.2,Normal Wear
LFP,75.0,605,0.179,31.7,49.2,27.26,7.7,34.9,Eco,2,544.0,153.7,35.6,18.94,89.92,360.2,Healthy
NMC,82.0,837,0.539,24.4,87.6,33.71,36.9,68.2,Moderate,2,516.6,161.2,32.6,20.39,80.91,326.9,Normal Wear
LFP,45.0,951,0.583,23.9,56.0,39.65,37.4,85.8,Aggressive,0,644.9,169.2,36.9,24.45,83.88,150.7,Normal Wear
NMC,58.0,1312,0.586,21.1,41.1,44.91,4.8,34.8,Moderate,2,1194.2,170.4,36.0,24.72,75.82,183.5,Degradation Warning
NMC,75.0,816,0.226,30.2,57.4,31.02,-5.7,122.2,Eco,0,17.4,158.9,33.7,27.74,84.04,232.5,Normal Wear
NMC,75.0,1038,0.526,30.2,94.1,38.85,38.3,109.9,Eco,2,600.1,364.9,34.1,25.36,77.49,224.1,Degradation Warning
NMC,75.0,1032,0.774,24.3,48.1,39.5,5.6,47.7,Aggressive,1,340.4,163.7,34.5,25.28,77.08,231.4,Degradation Warning
NMC,45.0,992,0.333,37.8,41.7,37.27,-3.8,76.9,Aggressive,1,205.8,371.6,28.3,30.74,77.96,110.4,Degradation Warning
NMC,64.0,652,0.219,27.2,71.8,28.85,8.1,75.8,Eco,1,1110.1,409.2,37.2,21.19,85.72,263.2,Normal Wear
NMC,100.0,365,0.668,26.9,60.4,27.79,4.7,58.4,Moderate,0,461.4,167.6,36.5,20.7,89.37,437.2,Healthy
LFP,100.0,743,0.192,27.4,83.7,29.45,-5.8,101.0,Moderate,1,655.7,267.8,33.9,31.07,88.19,285.4,Healthy
LFP,82.0,920,0.253,22.9,80.3,36.45,41.2,90.8,Eco,0,1116.5,229.7,35.1,21.45,86.58,330.5,Normal Wear
NMC,64.0,1121,0.131,21.0,50.2,39.09,5.3,111.4,Moderate,1,575.3,366.3,34.2,30.06,82.01,172.1,Normal Wear
NMC,100.0,1057,0.264,24.8,71.1,38.11,4.2,25.5,Moderate,0,345.8,177.9,38.0,20.47,80.04,391.8,Normal Wear
NMC,82.0,155,0.378,30.8,41.8,21.61,11.8,85.4,Aggressive,1,116.1,337.7,33.2,25.33,92.45,296.2,Healthy
NMC,82.0,1347,0.101,15.9,64.2,44.01,11.6,124.3,Aggressive,1,718.0,236.5,36.7,36.0,79.88,186.0,Degradation Warning
NMC,75.0,416,0.747,18.0,79.3,27.81,12.6,103.9,Aggressive,2,1093.9,290.8,33.9,33.94,86.87,188.0,Normal Wear
NMC,58.0,811,0.461,23.4,62.8,35.94,37.1,59.4,Aggressive,2,96.9,271.8,36.5,23.01,82.4,205.2,Normal Wear
NMC,75.0,98,0.52,16.2,46.5,20.82,-6.9,40.6,Moderate,1,535.1,91.8,33.9,24.85,94.98,288.1,Healthy
NMC,45.0,724,0.347,18.5,43.4,30.9,39.0,67.8,Moderate,0,797.6,276.0,34.3,20.47,85.25,187.8,Normal Wear
LFP,100.0,1001,0.586,31.9,87.0,36.92,24.6,67.4,Eco,1,120.9,359.6,32.2,16.22,81.69,506.0,Normal Wear
LFP,82.0,1285,0.395,24.4,89.0,44.36,26.3,83.5,Eco,0,94.5,171.0,36.0,14.97,83.22,456.4,Normal Wear
LFP,58.0,1094,0.659,21.9,58.9,40.83,-1.8,31.6,Moderate,2,245.4,211.0,33.9,24.5,82.32,201.6,Normal Wear
NMC,100.0,763,0.707,27.8,49.0,32.35,7.1,63.7,Moderate,0,157.6,141.8,36.8,18.91,82.83,439.9,Normal Wear
NMC,82.0,403,0.587,27.7,93.8,26.99,-7.3,110.5,Aggressive,2,453.4,143.4,38.4,36.0,88.6,205.8,Healthy
NMC,82.0,394,0.443,34.0,70.0,25.23,24.0,89.4,Moderate,1,492.2,177.5,35.4,19.44,88.61,373.0,Healthy
NMC,75.0,225,0.676,16.3,66.2,22.75,7.7,68.5,Eco,1,543.3,333.8,31.6,19.8,90.41,340.1,Healthy
NMC,58.0,508,0.445,21.4,80.8,29.04,18.7,56.0,Moderate,0,589.3,238.4,33.2,18.18,86.9,276.4,Normal Wear
LFP,58.0,900,0.139,23.4,49.3,32.89,29.1,53.0,Aggressive,1,69.9,311.9,37.5,20.51,89.22,251.9,Healthy
NMC,100.0,1354,0.143,29.3,71.9,42.39,18.8,99.8,Aggressive,1,795.6,397.5,36.1,30.08,78.23,259.6,Degradation Warning
NMC,82.0,651,0.809,44.4,89.0,32.61,-6.3,67.9,Eco,0,880.5,325.6,32.8,22.62,77.97,280.1,Degradation Warning
NMC,58.0,611,0.221,30.5,41.3,29.77,-6.8,49.6,Eco,1,164.7,200.6,38.6,20.9,85.66,233.5,Normal Wear
NMC,58.0,1085,0.703,25.4,77.0,39.51,35.1,106.3,Moderate,2,272.4,248.7,37.5,24.5,77.17,180.5,Degradation Warning
NMC,100.0,552,0.247,19.7,70.3,26.76,3.6,51.6,Eco,0,336.7,167.5,37.5,18.03,87.21,486.2,Normal Wear
NMC,75.0,541,0.395,19.0,92.3,28.7,8.8,31.4,Moderate,1,499.4,93.0,34.2,19.84,86.61,328.7,Normal Wear
NMC,64.0,844,0.574,32.4,54.2,35.92,1.4,79.8,Moderate,1,481.9,303.1,40.0,23.57,79.28,215.0,Degradation Warning
NMC,45.0,1196,0.177,22.2,87.2,38.63,26.3,52.9,Eco,1,246.8,301.6,34.9,14.85,80.95,248.0,Normal Wear
LFP,64.0,1355,0.64,24.9,57.0,45.47,10.1,25.5,Eco,1,88.2,369.7,36.6,17.24,80.02,290.8,Normal Wear
NMC,58.0,1337,0.602,36.9,63.6,45.21,13.7,75.2,Aggressive,1,348.6,125.9,35.5,21.42,69.86,193.0,Replacement Required
LFP,82.0,617,0.484,16.7,51.7,30.59,25.1,114.5,Eco,2,935.1,379.5,29.8,25.99,90.64,290.8,Healthy
NMC,45.0,132,0.503,28.6,87.5,20.4,22.4,89.4,Eco,1,70.0,348.0,33.8,16.4,93.75,255.6,Healthy
NMC,45.0,1155,0.135,21.6,50.7,40.75,30.3,26.8,Eco,1,439.4,107.5,36.1,14.66,82.22,250.9,Normal Wear
NMC,82.0,1218,0.399,36.8,87.2,41.63,28.9,62.9,Eco,1,231.3,413.8,37.5,16.3,73.08,365.8,Replacement Required
NMC,45.0,1345,0.119,21.4,65.1,44.43,12.9,49.7,Moderate,1,855.0,83.7,30.0,19.92,79.41,174.2,Degradation Warning
NMC,82.0,753,0.296,31.0,85.9,31.28,-0.0,92.0,Eco,1,397.7,348.2,34.2,23.34,83.3,293.1,Normal Wear
LFP,45.0,1264,0.77,16.2,54.5,42.98,1.6,70.7,Moderate,1,476.7,220.0,37.8,22.13,78.51,152.6,Degradation Warning
LFP,100.0,1214,0.51,36.3,47.3,45.35,26.8,42.3,Aggressive,2,1100.5,372.9,32.4,26.72,78.54,294.2,Degradation Warning
NMC,100.0,337,0.644,32.5,70.5,25.5,3.6,70.6,Aggressive,2,733.4,324.9,35.3,31.14,87.41,280.6,Normal Wear
NMC,64.0,1015,0.509,23.7,68.0,38.8,12.9,118.1,Eco,0,988.6,91.2,34.8,25.24,78.69,202.1,Degradation Warning
LFP,45.0,232,0.205,29.4,59.6,19.13,-4.4,66.1,Eco,1,821.9,154.0,34.7,21.81,93.35,190.6,Healthy
NMC,75.0,272,0.526,32.7,76.5,23.91,-3.6,112.0,Moderate,0,1152.0,403.3,32.4,33.9,91.28,204.7,Healthy
NMC,82.0,143,0.654,27.9,45.2,22.77,3.0,72.5,Eco,1,685.9,121.5,36.7,19.79,94.08,389.1,Healthy
NMC,45.0,1256,0.161,24.7,74.2,39.71,-5.6,100.8,Moderate,1,299.9,94.0,33.7,27.41,79.51,133.3,Degradation Warning
LFP,100.0,643,0.704,26.4,51.6,31.91,4.3,103.6,Moderate,0,833.2,124.0,34.3,26.96,87.13,324.2,Normal Wear
LFP,100.0,1128,0.494,27.7,47.1,40.45,19.5,101.1,Eco,1,984.3,322.1,38.3,22.08,84.6,386.1,Normal Wear
NMC,82.0,1108,0.053,27.3,90.0,35.94,28.7,88.8,Aggressive,0,1161.1,83.9,34.0,26.02,83.17,263.1,Normal Wear
LFP,75.0,1361,0.466,29.6,65.3,46.96,-8.3,120.2,Eco,0,741.3,221.5,37.0,30.12,80.86,200.4,Normal Wear
LFP,45.0,1389,0.367,20.9,82.0,41.77,21.2,117.9,Eco,1,986.4,102.0,32.3,24.28,82.52,154.9,Normal Wear
NMC,45.0,1286,0.287,23.1,44.9,39.88,8.9,55.3,Aggressive,2,852.7,310.5,38.5,27.62,79.05,129.8,Degradation Warning
NMC,75.0,917,0.667,24.7,43.2,37.47,1.8,94.5,Moderate,1,930.0,158.5,33.1,27.06,78.4,218.3,Degradation Warning
NMC,75.0,1180,0.77,29.8,67.2,42.02,-8.3,91.5,Aggressive,1,717.3,309.6,33.1,36.0,73.36,149.3,Replacement Required
LFP,75.0,266,0.66,17.8,57.4,25.09,6.9,45.0,Eco,1,349.3,131.3,34.6,17.69,93.35,398.7,Healthy
NMC,100.0,460,0.727,27.9,40.3,28.15,31.1,51.5,Eco,1,105.1,208.7,34.7,15.41,87.61,569.2,Normal Wear
LFP,82.0,64,0.777,31.7,50.1,21.42,17.6,56.1,Eco,0,863.9,393.9,40.0,18.03,96.76,437.0,Healthy
NMC,75.0,677,0.78,27.3,52.0,31.58,30.3,58.2,Eco,2,995.4,204.4,33.6,17.85,81.82,344.5,Normal Wear
LFP,82.0,899,0.142,27.5,55.9,33.35,11.4,110.4,Moderate,1,925.4,109.9,34.9,27.55,87.54,260.8,Normal Wear
NMC,64.0,1036,0.415,25.2,88.3,37.68,33.8,100.7,Moderate,2,47.5,199.5,34.4,21.84,79.76,239.1,Degradation Warning
NMC,45.0,573,0.05,27.4,63.1,29.57,-2.2,105.8,Moderate,2,66.0,229.1,34.8,29.35,87.83,132.2,Normal Wear
LFP,45.0,828,0.455,24.4,77.4,33.75,32.6,116.3,Eco,1,123.8,230.5,39.1,22.46,85.77,172.6,Normal Wear
LFP,58.0,990,0.789,26.0,41.0,36.79,14.8,76.4,Moderate,1,989.3,318.2,35.1,20.89,83.15,231.9,Normal Wear
LFP,64.0,1132,0.209,24.4,84.8,40.22,28.8,108.5,Eco,1,732.8,113.6,32.9,21.59,86.12,250.2,Normal Wear
NMC,75.0,749,0.562,25.9,53.2,33.06,2.5,94.5,Moderate,1,707.6,231.5,31.8,26.83,82.73,229.4,Normal Wear
LFP,75.0,1040,0.566,25.1,57.0,39.52,15.3,71.5,Moderate,2,256.0,158.9,39.9,17.56,84.45,360.8,Normal Wear
NMC,100.0,973,0.178,19.9,42.5,35.12,28.1,44.4,Moderate,2,91.9,225.6,35.5,16.9,83.79,487.2,Normal Wear
NMC,64.0,1271,0.241,18.0,62.5,40.33,15.2,68.0,Eco,1,955.3,130.6,36.7,17.06,79.06,299.1,Degradation Warning
NMC,75.0,1334,0.42,27.5,86.9,45.77,13.8,45.7,Moderate,1,994.1,152.4,36.2,20.31,75.39,278.4,Degradation Warning
NMC,58.0,1110,0.201,30.6,60.8,37.23,32.2,53.7,Aggressive,1,301.6,263.5,34.1,22.08,79.82,211.3,Degradation Warning
NMC,82.0,1294,0.518,36.3,90.0,42.21,-1.6,53.4,Moderate,1,991.1,175.4,34.4,25.45,70.3,229.2,Replacement Required
LFP,45.0,1084,0.438,33.6,87.7,39.87,14.7,101.1,Moderate,2,375.5,125.9,34.0,21.97,82.18,166.5,Normal Wear
NMC,64.0,118,0.465,32.4,43.4,20.34,32.8,75.8,Aggressive,1,974.4,286.9,33.0,25.73,95.1,230.3,Healthy
LFP,45.0,1349,0.158,28.4,56.8,44.21,34.0,104.3,Moderate,1,82.4,362.8,34.6,23.3,85.52,155.6,Normal Wear
NMC,82.0,891,0.464,27.7,90.1,35.94,-3.8,112.7,Eco,1,413.7,357.5,34.7,28.95,82.06,235.8,Normal Wear
NMC,64.0,320,0.09,22.3,41.6,21.85,34.2,86.2,Moderate,0,924.5,361.9,29.2,23.35,92.15,256.4,Healthy
NMC,82.0,1242,0.755,21.6,82.1,45.46,-9.4,65.7,Moderate,1,346.5,76.0,36.3,24.79,72.97,240.7,Replacement Required
LFP,75.0,507,0.325,28.1,89.9,25.11,34.5,110.7,Eco,0,48.4,310.1,33.2,22.11,91.13,312.9,Healthy
LFP,75.0,1149,0.735,22.0,82.4,42.17,3.8,81.8,Moderate,0,180.4,419.6,38.8,21.8,81.0,281.8,Normal Wear
LFP,75.0,1024,0.611,26.5,80.9,38.01,20.1,110.7,Aggressive,0,1154.0,324.3,38.2,33.85,82.94,186.6,Normal Wear
LFP,82.0,496,0.663,12.0,86.4,29.2,-9.5,51.5,Eco,1,720.3,163.0,35.6,23.54,89.28,313.3,Healthy
NMC,82.0,1165,0.302,29.8,76.6,41.09,28.0,81.6,Moderate,1,212.4,267.4,28.5,19.0,79.58,340.7,Degradation Warning
NMC,82.0,1120,0.232,20.8,63.3,39.13,12.4,46.2,Aggressive,0,777.2,237.3,37.8,24.67,81.16,277.4,Normal Wear
LFP,45.0,1355,0.375,18.4,43.5,45.2,34.0,94.8,Eco,0,748.0,230.7,35.4,19.39,83.87,192.1,Normal Wear
NMC,82.0,1155,0.069,31.3,83.3,40.0,18.9,83.7,Eco,1,489.4,322.9,32.3,17.57,79.41,373.0,Degradation Warning
NMC,75.0,880,0.785,32.8,89.8,37.91,33.4,80.6,Moderate,2,800.1,114.4,37.8,20.02,77.29,287.6,Degradation Warning
NMC,58.0,828,0.36,26.5,68.1,34.61,21.8,88.9,Moderate,1,134.2,111.8,28.0,18.42,82.79,264.6,Normal Wear
NMC,82.0,537,0.841,22.7,69.3,33.03,28.8,62.5,Aggressive,1,385.7,247.3,34.3,21.95,84.53,314.6,Normal Wear
NMC,58.0,1240,0.659,31.3,62.2,46.92,28.9,44.2,Moderate,2,45.1,410.9,39.1,17.41,72.43,246.6,Replacement Required
NMC,75.0,1141,0.114,22.4,87.1,38.32,2.8,105.6,Eco,1,1097.4,91.5,36.8,25.7,80.91,238.8,Normal Wear
NMC,82.0,478,0.578,26.1,40.8,26.9,20.0,63.4,Eco,0,1071.6,199.7,35.5,17.39,86.18,415.2,Normal Wear
NMC,45.0,249,0.267,35.1,74.4,18.48,35.4,123.9,Moderate,2,244.7,248.1,34.9,29.49,91.88,134.0,Healthy
NMC,45.0,1211,0.245,29.3,89.9,43.0,35.7,73.1,Eco,2,849.2,70.4,35.2,17.1,77.86,205.8,Degradation Warning
NMC,58.0,27,0.255,26.7,45.7,16.39,10.0,74.0,Eco,0,975.7,173.1,39.3,18.06,97.81,316.4,Healthy
LFP,100.0,1215,0.783,25.3,92.8,44.55,6.9,92.8,Eco,0,488.6,108.8,28.9,20.7,77.54,370.4,Degradation Warning
NMC,45.0,214,0.45,27.3,93.2,22.77,24.0,91.7,Eco,0,980.3,316.9,36.3,19.21,92.38,221.2,Healthy
NMC,45.0,1312,0.586,28.6,91.1,45.72,30.5,43.1,Eco,0,590.9,223.7,34.9,15.78,71.62,199.3,Replacement Required
LFP,45.0,1062,0.275,20.2,65.4,37.59,-8.2,52.2,Aggressive,1,956.6,287.9,35.4,33.3,85.42,113.1,Normal Wear
NMC,75.0,373,0.468,34.2,61.1,26.22,-5.1,48.2,Moderate,0,908.8,280.8,30.4,25.55,89.13,263.8,Healthy
NMC,45.0,1092,0.33,24.3,78.8,39.47,30.5,30.3,Moderate,0,674.3,195.2,35.8,18.0,79.21,190.1,Degradation Warning
LFP,64.0,483,0.307,25.8,57.5,25.69,12.7,27.2,Eco,1,608.8,82.4,32.7,16.72,91.38,348.1,Healthy
NMC,82.0,375,0.248,31.9,43.8,25.94,24.7,89.5,Aggressive,1,351.3,163.7,37.6,23.03,87.91,316.9,Normal Wear
LFP,45.0,869,0.377,26.2,89.6,35.46,32.7,74.9,Eco,2,493.7,238.4,33.5,16.55,87.37,234.4,Normal Wear
LFP,100.0,993,0.578,32.3,74.9,36.79,29.4,114.5,Aggressive,2,470.1,140.9,30.2,32.81,81.75,252.3,Normal Wear
NMC,100.0,1201,0.228,26.7,51.4,39.94,32.1,55.1,Aggressive,0,123.9,398.2,31.4,23.8,81.28,344.0,Normal Wear
NMC,45.0,85,0.822,27.6,41.0,21.16,16.7,103.8,Aggressive,2,628.9,214.8,33.1,28.7,94.65,144.2,Healthy
NMC,45.0,878,0.15,28.3,79.8,32.77,-1.8,35.3,Moderate,1,696.4,193.3,37.6,23.76,82.54,151.5,Normal Wear
NMC,64.0,590,0.434,29.2,86.9,30.14,14.6,106.6,Moderate,1,1162.8,107.6,33.9,26.16,86.13,210.3,Normal Wear
NMC,45.0,327,0.118,30.4,62.3,23.8,40.1,117.1,Aggressive,0,339.5,166.7,36.8,32.96,90.95,124.2,Healthy
NMC,45.0,1380,0.068,33.3,44.4,41.7,5.9,87.7,Moderate,2,479.4,272.5,32.4,24.29,77.88,145.8,Degradation Warning
NMC,82.0,802,0.788,33.0,75.7,35.34,11.8,98.6,Moderate,1,662.3,356.9,37.2,25.16,77.93,250.2,Degradation Warning
NMC,100.0,140,0.698,22.2,56.3,23.37,29.8,123.8,Moderate,1,1023.6,340.7,37.0,32.28,94.43,293.9,Healthy
NMC,64.0,785,0.605,35.7,47.9,33.32,-6.0,62.8,Eco,0,309.6,309.8,36.4,20.06,78.33,253.3,Degradation Warning
NMC,100.0,792,0.742,16.8,68.1,34.44,29.4,27.9,Moderate,0,281.2,396.4,34.1,19.12,81.22,424.2,Normal Wear
NMC,64.0,115,0.692,23.2,66.5,18.75,4.3,93.3,Moderate,1,638.3,155.1,34.1,24.6,93.42,251.1,Healthy
LFP,100.0,1157,0.568,26.2,68.4,42.47,3.9,26.3,Eco,1,154.3,152.2,33.2,18.69,82.42,438.3,Normal Wear
NMC,45.0,1006,0.728,20.0,85.3,39.73,20.3,81.8,Moderate,1,835.7,86.3,36.3,18.04,78.32,196.0,Degradation Warning
NMC,100.0,559,0.363,28.7,66.7,27.95,3.3,84.7,Moderate,1,1031.7,316.3,35.4,26.4,86.39,326.7,Normal Wear
LFP,100.0,21,0.492,31.4,89.5,16.45,23.3,83.5,Eco,0,35.4,350.4,37.7,16.2,98.43,604.3,Healthy
NMC,64.0,1255,0.671,22.7,86.3,43.71,37.3,41.6,Moderate,2,234.0,160.9,30.9,19.45,73.33,249.1,Replacement Required
NMC,58.0,599,0.118,29.8,75.8,25.38,11.0,32.7,Eco,0,694.9,346.7,35.2,18.06,86.63,277.7,Normal Wear
NMC,64.0,352,0.737,32.0,43.1,26.25,39.1,115.8,Eco,1,993.3,318.1,36.9,27.1,87.93,205.7,Normal Wear
NMC,64.0,1067,0.175,15.4,87.6,39.7,39.0,79.2,Moderate,1,588.1,259.3,35.0,20.81,81.23,246.1,Normal Wear
NMC,64.0,761,0.742,28.0,89.8,34.91,0.8,57.3,Moderate,1,941.2,263.7,33.4,24.99,80.53,210.0,Normal Wear
NMC,75.0,525,0.299,29.2,60.6,28.77,12.5,102.2,Moderate,0,506.7,316.8,35.3,24.37,87.07,272.5,Normal Wear
NMC,75.0,1019,0.311,21.5,68.9,38.82,41.5,117.2,Moderate,2,465.0,419.4,36.9,31.57,80.58,195.3,Normal Wear
LFP,75.0,1219,0.109,19.8,55.5,39.4,-3.3,65.4,Aggressive,2,218.0,181.7,36.4,30.44,86.76,212.9,Normal Wear
NMC,64.0,752,0.759,22.9,40.8,35.33,14.7,34.8,Eco,1,181.9,95.4,37.0,14.58,81.71,358.4,Normal Wear
NMC,58.0,533,0.19,25.9,66.4,23.52,12.5,94.3,Moderate,1,894.3,314.8,33.7,24.26,88.96,213.6,Healthy
LFP,64.0,914,0.554,22.5,47.1,36.94,32.1,115.8,Moderate,0,203.2,80.1,34.8,24.65,86.61,220.3,Normal Wear
NMC,45.0,380,0.565,30.3,50.1,27.28,-1.6,123.0,Eco,0,489.3,383.2,38.5,29.29,88.66,132.9,Healthy
LFP,58.0,293,0.275,29.6,66.4,23.14,1.5,106.4,Eco,1,654.0,410.4,30.4,27.25,93.27,205.7,Healthy
NMC,75.0,196,0.839,29.3,87.7,23.52,-0.9,51.8,Eco,0,317.3,324.3,40.0,19.37,91.92,359.9,Healthy
LFP,100.0,1307,0.101,34.5,86.5,43.25,-1.3,60.8,Eco,1,998.9,190.1,31.7,23.18,81.19,348.2,Normal Wear
NMC,100.0,1229,0.536,30.9,93.1,44.16,3.4,38.7,Eco,0,485.7,149.0,34.4,18.52,73.49,393.9,Replacement Required
LFP,82.0,546,0.434,28.7,66.5,28.46,17.5,96.3,Moderate,1,452.1,108.6,32.8,20.8,89.98,357.4,Healthy
LFP,58.0,932,0.246,19.7,70.4,36.91,26.8,41.9,Moderate,1,213.8,72.1,35.8,15.39,86.85,334.4,Normal Wear
NMC,75.0,298,0.181,33.9,85.2,22.67,9.8,68.2,Eco,2,263.8,220.7,35.6,17.78,89.9,379.0,Healthy
NMC,58.0,725,0.64,34.6,78.5,31.41,13.2,78.2,Eco,1,349.5,296.5,36.4,16.83,79.93,275.5,Degradation Warning
NMC,58.0,1241,0.783,25.0,50.1,44.9,31.2,63.3,Moderate,1,419.2,201.7,35.4,17.71,75.4,252.1,Degradation Warning
NMC,100.0,1392,0.136,22.1,61.9,42.8,17.3,40.0,Aggressive,0,841.6,223.4,33.8,24.22,79.41,326.5,Degradation Warning
NMC,64.0,1348,0.205,31.5,91.1,43.79,20.7,54.0,Eco,2,1195.6,309.8,35.6,18.14,74.64,264.2,Replacement Required
NMC,45.0,83,0.839,16.1,48.0,17.33,16.9,88.3,Moderate,1,607.9,213.2,37.1,19.48,95.31,220.6,Healthy
NMC,82.0,309,0.062,29.4,51.5,23.47,31.1,97.7,Eco,2,846.4,340.7,34.0,21.64,91.65,342.7,Healthy
NMC,75.0,37,0.457,36.0,62.0,19.82,-0.5,86.5,Moderate,1,292.5,294.8,34.9,24.6,96.89,297.4,Healthy
NMC,58.0,83,0.463,24.7,91.7,21.35,41.0,121.6,Eco,2,1136.5,305.0,35.0,29.95,95.79,180.6,Healthy
NMC,82.0,349,0.261,28.5,46.3,23.53,35.7,86.4,Eco,0,972.5,286.8,36.0,19.88,89.9,369.7,Healthy
NMC,58.0,782,0.58,27.6,77.0,35.51,10.8,47.5,Moderate,2,822.1,111.9,34.9,20.66,81.68,220.6,Normal Wear
NMC,100.0,1060,0.806,33.3,47.3,41.29,11.6,74.1,Aggressive,0,376.1,309.4,37.4,24.24,73.99,304.7,Replacement Required
NMC,45.0,462,0.41,27.6,68.8,25.52,34.1,108.6,Moderate,1,97.9,277.3,32.5,24.32,87.32,166.0,Normal Wear
NMC,100.0,160,0.65,24.9,69.5,21.12,13.2,57.6,Aggressive,2,1161.9,271.0,34.4,28.01,92.42,330.8,Healthy
NMC,82.0,1351,0.567,17.9,42.3,45.01,16.4,98.7,Moderate,0,870.2,279.4,33.9,24.0,75.15,252.0,Degradation Warning
NMC,75.0,463,0.428,27.6,92.5,28.33,28.8,103.5,Moderate,1,163.9,415.5,37.4,23.16,87.59,288.4,Normal Wear
NMC,58.0,515,0.09,26.6,84.4,27.3,10.2,118.4,Moderate,0,662.2,222.6,35.6,28.97,86.29,168.8,Normal Wear
LFP,45.0,445,0.643,14.8,56.7,26.98,13.6,65.1,Eco,1,733.2,107.1,35.0,16.32,90.24,246.6,Healthy
NMC,100.0,1288,0.341,21.0,47.2,43.66,-8.1,50.9,Moderate,1,532.1,249.5,37.9,26.61,78.14,298.4,Degradation Warning
NMC,82.0,469,0.23,23.4,59.0,25.78,-3.1,75.8,Aggressive,0,566.1,122.5,37.4,26.98,88.7,269.8,Healthy
LFP,100.0,370,0.809,23.4,89.2,26.12,13.9,124.4,Aggressive,0,655.2,352.2,32.6,36.0,91.41,257.9,Healthy
LFP,58.0,618,0.669,26.8,47.3,29.95,-7.6,115.2,Moderate,1,961.8,157.4,32.8,35.16,88.04,145.3,Healthy
LFP,58.0,730,0.82,26.3,59.2,34.24,6.0,53.4,Moderate,1,974.0,418.5,36.9,24.18,86.01,210.0,Normal Wear
NMC,75.0,889,0.255,26.6,67.2,35.43,12.7,44.7,Moderate,1,1152.7,132.2,31.0,21.78,82.04,282.7,Normal Wear
NMC,45.0,1204,0.719,40.6,41.8,42.78,-4.7,72.7,Moderate,1,206.3,202.3,35.4,23.01,69.94,136.4,Replacement Required
LFP,64.0,1183,0.536,24.4,54.7,42.83,-6.6,41.6,Moderate,1,132.3,121.2,36.0,23.14,82.53,234.2,Normal Wear
NMC,100.0,412,0.835,21.8,72.8,28.62,-9.2,100.8,Eco,0,732.6,216.7,37.3,25.85,85.94,334.7,Normal Wear
NMC,58.0,861,0.807,36.4,57.8,35.1,15.2,28.7,Aggressive,2,844.6,239.4,31.6,24.98,76.66,175.7,Degradation Warning
LFP,82.0,420,0.828,35.8,87.9,30.78,-2.4,47.5,Moderate,2,407.9,330.2,34.5,26.52,88.38,270.4,Healthy
LFP,100.0,69,0.811,20.5,91.5,22.68,25.8,26.8,Moderate,0,1181.8,70.5,32.3,20.09,98.19,494.6,Healthy
LFP,75.0,763,0.056,34.3,64.3,28.91,15.6,47.7,Eco,2,1009.4,150.8,34.2,17.72,89.39,376.0,Healthy
LFP,75.0,1338,0.643,15.9,69.3,46.1,-9.0,30.2,Eco,2,591.8,164.5,36.2,24.99,79.8,240.9,Degradation Warning
LFP,58.0,925,0.268,44.2,74.7,36.88,-6.9,92.4,Aggressive,0,869.0,280.2,33.0,33.46,78.83,139.5,Degradation Warning
NMC,58.0,1055,0.614,37.7,76.5,40.28,37.7,82.0,Aggressive,1,543.7,167.0,35.3,24.36,73.06,170.6,Replacement Required
LFP,58.0,1378,0.834,30.2,43.5,47.07,-3.5,46.4,Moderate,0,239.5,240.4,34.4,21.49,76.88,205.0,Degradation Warning
NMC,64.0,1010,0.081,32.2,43.0,35.54,29.4,45.5,Moderate,1,191.2,240.7,31.4,17.56,82.68,302.0,Normal Wear
NMC,58.0,1058,0.504,29.7,87.6,38.88,2.8,54.1,Moderate,2,348.0,353.7,34.4,23.95,76.81,184.7,Degradation Warning
LFP,100.0,47,0.638,23.0,52.1,19.6,6.7,104.8,Eco,2,1074.9,376.6,36.7,27.46,97.59,360.7,Healthy
NMC,100.0,407,0.253,34.2,72.1,26.01,-8.7,40.1,Eco,1,450.9,412.0,37.2,24.34,88.61,365.0,Healthy
NMC,45.0,1335,0.23,35.1,74.4,43.65,18.9,37.2,Moderate,1,1088.0,364.3,40.0,20.23,73.16,156.2,Replacement Required
NMC,82.0,852,0.098,22.6,49.0,31.59,14.3,75.8,Moderate,1,957.7,377.3,34.8,21.82,83.98,316.8,Normal Wear
LFP,58.0,269,0.125,26.8,81.9,20.8,28.7,111.5,Moderate,0,728.3,409.8,32.1,27.38,96.04,204.1,Healthy
NMC,100.0,117,0.575,19.6,87.6,20.32,37.1,47.4,Moderate,2,1076.9,359.6,33.9,23.93,94.05,397.2,Healthy
LFP,100.0,1380,0.454,26.7,55.7,45.67,18.5,35.6,Eco,1,227.4,141.6,33.0,15.07,80.18,528.4,Normal Wear
NMC,100.0,1082,0.074,25.4,88.3,35.74,39.5,74.2,Aggressive,2,91.5,347.3,34.6,25.54,81.54,326.6,Normal Wear
LFP,64.0,1081,0.826,34.5,44.5,39.77,-2.3,98.2,Aggressive,1,900.5,318.3,34.4,36.0,78.41,137.6,Degradation Warning
LFP,82.0,1343,0.575,36.6,84.0,44.2,7.9,86.8,Eco,1,1086.5,264.6,38.5,21.8,75.17,286.1,Degradation Warning
NMC,75.0,198,0.462,20.6,75.2,19.86,33.2,66.8,Moderate,1,459.7,131.1,31.4,18.77,92.0,369.5,Healthy
NMC,100.0,911,0.268,31.6,72.1,33.0,18.8,29.0,Moderate,0,5.6,86.8,35.7,15.6,80.32,520.0,Normal Wear
NMC,58.0,1325,0.576,32.3,52.7,46.43,18.4,55.1,Moderate,2,919.6,146.0,32.4,18.84,73.2,222.3,Replacement Required
LFP,100.0,769,0.341,16.5,59.9,32.27,13.9,116.9,Aggressive,1,437.9,376.9,36.2,35.61,87.68,246.6,Normal Wear
NMC,82.0,1207,0.612,32.8,90.1,43.26,-9.0,47.3,Moderate,2,702.7,164.4,36.9,28.93,72.34,205.1,Replacement Required
LFP,75.0,472,0.596,18.1,65.6,28.09,-5.8,86.4,Eco,2,251.3,226.4,37.6,24.38,90.79,278.0,Healthy
NMC,64.0,116,0.124,23.9,72.7,18.21,-5.3,115.7,Eco,2,817.6,419.2,32.5,33.59,94.47,173.8,Healthy
LFP,45.0,328,0.777,21.6,91.5,26.58,-0.1,73.8,Moderate,2,638.3,248.3,37.1,25.03,93.04,171.4,Healthy
LFP,58.0,281,0.44,17.6,65.7,23.96,-5.1,69.6,Moderate,2,33.7,338.6,33.3,26.07,92.91,207.1,Healthy
LFP,45.0,312,0.364,33.6,61.4,23.87,-4.5,39.1,Aggressive,1,7.3,348.3,36.1,28.37,92.33,151.9,Healthy
LFP,64.0,268,0.814,21.3,89.1,28.59,23.1,123.1,Aggressive,1,525.3,377.7,33.2,36.0,92.36,157.0,Healthy
NMC,82.0,264,0.401,24.6,90.1,21.45,-3.8,42.7,Aggressive,0,196.7,186.5,35.2,26.13,90.68,283.6,Healthy
NMC,82.0,270,0.627,27.0,59.5,22.89,14.2,73.1,Eco,1,1086.8,123.4,35.6,18.0,91.43,415.2,Healthy
LFP,64.0,142,0.574,31.5,72.6,20.63,-6.7,42.1,Eco,1,125.2,381.0,38.9,21.98,95.07,275.0,Healthy
LFP,100.0,344,0.182,21.2,93.0,21.39,4.0,59.8,Eco,2,859.4,283.3,30.4,23.17,95.19,410.3,Healthy
NMC,64.0,1005,0.843,29.9,43.1,39.81,38.1,113.4,Eco,1,419.9,278.5,39.0,24.28,76.26,201.8,Degradation Warning
NMC,58.0,520,0.421,25.6,42.2,26.78,-8.4,89.3,Aggressive,1,1122.0,269.4,33.2,36.0,87.36,139.2,Normal Wear
NMC,75.0,706,0.366,21.0,68.4,31.41,35.6,26.0,Aggressive,1,159.5,82.3,33.2,21.44,83.38,292.2,Normal Wear
NMC,45.0,1109,0.786,33.1,56.0,41.98,29.5,121.7,Moderate,0,933.3,157.1,32.9,29.13,72.8,110.5,Replacement Required
NMC,45.0,855,0.473,39.5,72.0,33.37,37.9,103.4,Aggressive,0,1151.1,305.4,40.0,32.47,78.01,112.7,Degradation Warning
NMC,82.0,78,0.614,28.2,79.8,21.16,30.9,124.8,Moderate,1,1148.4,81.5,35.2,31.1,95.81,253.5,Healthy
LFP,100.0,750,0.727,23.3,43.8,33.4,33.0,101.3,Moderate,1,307.4,282.4,34.0,23.74,85.49,361.5,Normal Wear
NMC,82.0,285,0.238,22.6,88.5,21.0,-4.4,101.5,Moderate,1,355.8,87.6,33.2,28.22,90.82,259.2,Healthy
NMC,58.0,255,0.186,31.8,55.2,21.74,33.4,94.9,Moderate,0,179.4,73.0,34.7,19.2,89.37,272.2,Healthy
NMC,64.0,917,0.105,27.1,61.0,33.97,14.8,67.3,Eco,1,447.2,382.1,30.5,17.86,83.52,302.4,Normal Wear
NMC,45.0,237,0.768,20.6,58.5,24.35,8.3,56.5,Eco,1,818.5,388.8,34.8,19.8,92.29,213.2,Healthy
LFP,58.0,994,0.21,16.8,86.2,34.95,-2.0,77.5,Moderate,1,12.9,171.5,36.1,21.69,86.86,226.9,Normal Wear
LFP,82.0,608,0.296,29.3,49.4,27.6,-10.0,42.8,Moderate,0,780.4,372.7,34.3,26.24,90.85,286.7,Healthy
NMC,82.0,936,0.279,19.4,41.6,36.35,23.4,97.2,Aggressive,1,21.4,96.2,37.6,23.02,81.71,293.0,Normal Wear
LFP,45.0,937,0.294,24.6,93.4,35.41,27.8,124.7,Moderate,0,800.9,214.1,33.4,29.72,86.39,130.7,Normal Wear
LFP,82.0,1153,0.584,36.8,93.9,41.84,10.2,85.1,Aggressive,0,1008.5,236.8,34.3,27.77,76.92,227.5,Degradation Warning
LFP,100.0,372,0.813,22.0,54.2,27.5,-1.5,110.6,Aggressive,0,432.2,213.0,32.4,36.0,90.68,252.0,Healthy
NMC,82.0,110,0.314,33.3,40.5,19.89,-2.5,42.2,Moderate,1,487.9,191.9,37.5,23.97,94.45,321.3,Healthy
LFP,75.0,721,0.376,20.9,75.5,31.61,-1.3,107.5,Eco,1,873.2,284.0,32.6,28.12,87.94,230.4,Normal Wear
NMC,64.0,92,0.667,32.2,75.7,20.56,-7.1,115.7,Moderate,0,971.1,306.7,38.5,33.75,93.97,174.5,Healthy
NMC,82.0,704,0.396,30.5,91.7,32.32,8.7,108.9,Aggressive,1,1199.6,405.5,33.3,36.0,83.27,188.8,Normal Wear
NMC,75.0,741,0.791,29.9,56.4,37.25,22.0,87.7,Moderate,1,648.7,114.3,36.7,19.11,81.42,319.9,Normal Wear
NMC,58.0,1341,0.453,23.3,50.4,43.04,13.2,117.6,Aggressive,1,1025.5,385.1,33.2,36.0,75.77,129.6,Degradation Warning
NMC,82.0,1326,0.328,30.8,73.9,42.83,-3.5,121.1,Moderate,1,67.3,349.1,32.1,34.53,75.1,180.7,Degradation Warning
NMC,100.0,1241,0.827,29.2,71.0,45.14,32.4,106.5,Eco,2,128.5,169.0,35.4,20.8,72.56,349.0,Replacement Required
NMC,58.0,977,0.391,38.3,79.5,34.27,4.9,79.7,Moderate,1,1044.5,140.1,31.7,23.77,76.33,185.4,Degradation Warning
LFP,82.0,1075,0.235,23.3,88.7,39.24,21.3,108.5,Moderate,0,454.1,110.8,40.0,23.34,85.44,299.3,Normal Wear
LFP,45.0,667,0.192,34.7,70.8,30.45,2.8,62.2,Eco,1,271.3,218.3,35.6,18.52,88.28,215.7,Healthy
NMC,75.0,779,0.846,21.6,48.3,35.69,20.9,59.7,Moderate,1,486.3,262.5,35.0,18.02,81.98,339.0,Normal Wear
LFP,75.0,890,0.652,25.6,72.9,37.27,-3.3,59.8,Eco,2,630.7,269.4,28.9,24.71,85.18,259.3,Normal Wear
LFP,45.0,1384,0.377,23.2,60.6,46.75,24.1,44.9,Eco,1,388.9,215.9,35.6,14.74,83.47,249.1,Normal Wear
LFP,64.0,1377,0.711,24.0,64.9,47.15,19.8,87.3,Eco,0,237.2,309.9,36.9,16.49,78.55,305.3,Degradation Warning
NMC,100.0,162,0.487,26.1,92.8,19.65,17.0,91.1,Moderate,0,44.4,317.7,33.5,20.05,92.64,458.6,Healthy
LFP,75.0,968,0.304,35.7,70.5,37.34,1.3,111.0,Aggressive,1,921.1,250.3,34.7,36.0,83.1,168.0,Normal Wear
LFP,58.0,63,0.645,29.7,48.2,21.24,17.5,94.5,Moderate,2,1084.8,263.1,35.9,22.85,96.66,247.1,Healthy
LFP,100.0,51,0.647,34.4,64.4,20.15,36.6,103.0,Aggressive,0,20.7,138.2,38.9,27.2,97.83,358.4,Healthy
NMC,75.0,47,0.45,27.1,52.6,21.78,-3.5,93.9,Moderate,1,419.4,263.9,32.0,27.71,96.45,260.3,Healthy
NMC,64.0,1039,0.086,34.7,47.5,36.17,26.6,94.7,Moderate,1,1071.2,96.3,37.9,21.62,79.94,232.6,Degradation Warning
NMC,58.0,442,0.112,28.4,79.2,22.36,-4.1,59.1,Moderate,1,24.8,269.7,36.9,22.91,89.05,225.6,Healthy
NMC,100.0,510,0.681,22.3,74.6,29.6,7.6,121.6,Moderate,0,877.8,295.0,31.6,33.25,84.75,255.9,Normal Wear
NMC,58.0,179,0.709,33.3,67.4,23.01,25.6,88.9,Eco,2,292.0,413.6,30.3,18.18,92.84,301.0,Healthy
NMC,45.0,864,0.593,35.9,63.3,38.51,19.1,83.7,Aggressive,2,927.6,218.7,32.6,24.38,77.24,145.3,Degradation Warning
LFP,82.0,1250,0.721,30.8,57.7,44.76,25.3,109.7,Moderate,2,815.1,243.5,33.9,26.06,78.85,248.9,Degradation Warning
LFP,45.0,37,0.626,32.0,44.8,19.2,40.1,67.1,Moderate,0,1129.5,228.3,31.6,21.97,98.23,202.1,Healthy
NMC,100.0,1146,0.768,34.7,56.5,41.02,40.4,34.6,Moderate,1,367.9,160.9,35.9,20.07,72.4,364.4,Replacement Required
LFP,82.0,691,0.17,25.4,86.1,32.01,37.6,49.0,Moderate,0,181.9,103.0,32.2,18.01,88.92,403.4,Healthy
NMC,45.0,251,0.36,22.7,83.1,19.44,15.7,105.8,Eco,0,594.0,294.2,36.3,21.24,91.57,192.5,Healthy
LFP,82.0,443,0.421,29.2,93.5,26.95,7.7,98.2,Eco,2,1181.8,95.2,34.1,24.08,90.52,303.6,Healthy
LFP,75.0,923,0.288,37.4,76.1,32.78,4.5,36.7,Eco,1,48.5,220.5,34.4,18.0,82.09,338.0,Normal Wear
LFP,58.0,774,0.63,28.8,70.5,33.91,19.9,32.0,Eco,0,214.1,73.9,37.8,13.55,86.81,374.2,Normal Wear
LFP,82.0,856,0.78,30.8,56.3,36.37,13.6,87.2,Eco,1,1028.7,399.2,37.7,20.98,83.14,325.7,Normal Wear
NMC,75.0,913,0.38,27.4,44.2,34.72,41.7,118.9,Moderate,1,823.6,314.1,36.8,31.9,81.93,184.8,Normal Wear
LFP,64.0,258,0.803,28.8,74.0,24.54,17.8,42.5,Eco,1,509.9,148.1,31.9,15.55,93.83,388.9,Healthy
NMC,45.0,1377,0.463,23.8,66.8,45.49,7.1,79.9,Eco,0,592.4,166.7,32.1,17.97,75.87,187.3,Degradation Warning
LFP,64.0,168,0.468,30.3,81.7,20.61,23.1,106.2,Moderate,2,307.0,182.8,33.5,22.6,97.3,276.8,Healthy
LFP,100.0,642,0.53,32.3,62.7,30.88,-7.7,77.9,Moderate,0,1154.9,251.7,39.7,26.62,86.68,326.3,Normal Wear
LFP,75.0,36,0.265,18.0,94.2,16.47,-4.2,60.1,Moderate,2,411.6,291.1,31.8,27.33,97.67,270.8,Healthy
NMC,64.0,933,0.357,18.0,61.9,35.51,24.5,104.1,Eco,1,455.8,96.8,36.5,19.09,83.13,274.3,Normal Wear
LFP,64.0,245,0.493,16.5,58.3,24.02,-3.6,102.1,Moderate,0,562.9,301.1,31.5,28.39,93.37,206.8,Healthy
NMC,75.0,671,0.804,35.9,87.9,32.69,29.3,108.0,Moderate,0,256.4,96.1,36.5,22.48,79.27,270.0,Degradation Warning
NMC,58.0,279,0.564,21.5,61.8,25.84,-6.8,119.5,Moderate,1,235.8,389.9,33.0,35.27,90.57,154.9,Healthy
LFP,82.0,693,0.316,29.1,87.9,31.92,20.9,40.1,Eco,2,720.8,244.1,36.2,16.58,89.59,445.3,Healthy
NMC,100.0,193,0.058,37.7,41.5,20.2,25.3,59.1,Moderate,2,929.6,396.8,32.7,21.42,92.29,426.7,Healthy
LFP,100.0,224,0.835,29.0,78.1,24.5,30.5,123.6,Moderate,2,902.6,294.9,33.3,32.08,94.99,294.5,Healthy
NMC,45.0,434,0.444,30.1,44.0,25.21,36.1,84.5,Aggressive,1,678.7,210.4,34.6,25.06,88.01,156.3,Healthy
NMC,82.0,1196,0.801,21.9,48.2,43.84,6.2,92.0,Moderate,1,766.7,344.0,33.1,26.04,75.28,234.5,Degradation Warning
LFP,45.0,1146,0.489,29.0,78.5,42.97,27.4,113.4,Aggressive,1,676.4,93.8,32.3,30.66,82.02,118.9,Normal Wear
NMC,100.0,811,0.534,21.0,55.9,33.44,-5.8,94.1,Aggressive,0,1049.9,275.5,33.8,35.2,81.44,232.7,Normal Wear
NMC,82.0,1108,0.62,15.6,51.6,41.23,33.1,93.3,Eco,0,464.9,160.2,35.5,18.33,77.78,354.6,Degradation Warning
LFP,64.0,1160,0.307,27.3,84.1,38.95,36.3,35.5,Moderate,1,148.0,365.0,27.6,20.45,83.31,257.8,Normal Wear
NMC,58.0,1199,0.609,28.9,92.0,42.15,28.9,75.7,Eco,1,522.6,381.7,35.5,16.6,73.4,256.6,Replacement Required
NMC,64.0,1125,0.471,23.8,52.8,40.69,4.6,92.3,Moderate,1,1045.0,274.9,30.7,27.17,79.1,190.5,Degradation Warning
NMC,58.0,537,0.588,22.5,57.4,29.71,-6.8,105.7,Eco,2,1080.9,161.3,35.8,30.32,85.54,164.0,Normal Wear
LFP,75.0,1110,0.719,25.7,79.3,41.65,11.9,66.3,Eco,1,707.4,206.1,40.0,17.83,79.85,342.9,Degradation Warning
LFP,45.0,1281,0.197,22.6,84.8,42.53,4.1,37.4,Aggressive,1,74.7,287.2,34.5,25.04,84.04,153.7,Normal Wear
LFP,45.0,998,0.541,31.5,95.0,38.75,17.6,61.6,Moderate,0,866.8,218.8,35.5,18.54,82.42,202.5,Normal Wear
NMC,75.0,1029,0.092,29.7,55.0,35.74,10.5,68.0,Aggressive,0,783.7,342.0,32.1,26.58,81.88,233.6,Normal Wear
LFP,82.0,1369,0.132,36.8,70.6,44.04,-2.9,100.1,Eco,1,542.0,199.1,34.4,25.2,78.11,257.2,Degradation Warning
LFP,75.0,609,0.59,24.9,47.4,29.56,33.5,27.0,Eco,1,195.6,246.9,30.9,16.56,88.7,403.6,Healthy
LFP,100.0,86,0.107,27.4,58.2,17.05,35.0,63.6,Eco,1,727.8,136.2,37.8,17.58,97.33,555.5,Healthy
NMC,75.0,1219,0.526,28.0,42.5,41.98,32.3,69.8,Moderate,2,578.8,314.2,31.9,20.42,77.73,285.1,Degradation Warning
LFP,58.0,703,0.226,24.8,51.6,30.86,0.9,80.0,Aggressive,1,72.5,372.8,34.6,27.74,90.6,193.3,Healthy
LFP,100.0,1298,0.293,15.1,67.9,39.87,12.3,122.0,Moderate,2,477.4,198.3,39.3,30.67,83.66,275.0,Normal Wear
NMC,75.0,82,0.154,29.7,49.0,17.08,-1.1,99.1,Eco,0,1126.4,404.2,34.5,25.93,96.98,279.8,Healthy
NMC,45.0,833,0.249,41.0,88.9,33.7,24.6,47.2,Moderate,0,493.8,83.4,34.6,16.26,78.64,221.4,Degradation Warning
LFP,64.0,422,0.707,33.0,79.1,30.65,31.9,88.4,Moderate,0,515.3,147.1,35.8,19.38,89.41,294.4,Healthy
NMC,58.0,211,0.561,38.7,41.5,22.65,20.2,59.6,Moderate,2,668.9,214.4,38.6,17.98,91.02,288.0,Healthy
LFP,58.0,1372,0.81,32.4,88.2,46.0,18.4,106.1,Moderate,1,356.6,218.6,34.2,22.77,73.65,188.8,Replacement Required
LFP,82.0,90,0.089,26.1,93.8,18.14,27.2,42.1,Moderate,0,88.2,347.7,39.1,17.36,97.29,460.6,Healthy
NMC,64.0,897,0.684,30.6,67.6,36.23,-4.1,39.5,Aggressive,2,721.5,380.5,36.0,34.4,79.44,145.7,Degradation Warning
NMC,58.0,760,0.609,33.4,57.3,32.23,2.9,35.1,Moderate,1,594.1,176.1,36.8,22.1,80.21,211.9,Normal Wear
NMC,75.0,965,0.259,17.4,54.5,36.07,6.3,79.4,Moderate,1,819.9,293.6,37.1,23.34,81.86,258.1,Normal Wear
LFP,58.0,1106,0.633,29.7,44.8,42.51,17.7,37.3,Moderate,2,571.7,263.1,35.5,18.1,82.02,268.5,Normal Wear
NMC,58.0,1340,0.623,26.4,67.0,44.58,40.8,29.2,Moderate,0,296.8,132.1,34.3,18.26,73.39,229.6,Replacement Required
LFP,58.0,264,0.417,35.9,42.8,22.53,34.9,58.2,Aggressive,1,461.2,184.1,34.5,22.71,92.32,240.7,Healthy
NMC,82.0,538,0.601,29.2,67.7,30.2,2.8,104.8,Moderate,2,16.2,76.9,33.0,26.93,86.28,268.3,Normal Wear
NMC,58.0,412,0.406,12.2,53.9,26.9,2.1,40.6,Moderate,2,186.2,176.3,32.5,22.76,89.61,235.3,Healthy
NMC,58.0,791,0.318,29.6,66.2,34.44,12.7,60.8,Aggressive,2,943.2,106.9,33.9,25.0,82.16,191.2,Normal Wear
NMC,82.0,1220,0.423,14.6,63.0,41.1,40.7,68.6,Moderate,1,1118.0,384.4,34.2,24.1,77.56,260.6,Degradation Warning
LFP,100.0,1247,0.766,34.6,56.8,44.39,-2.1,112.6,Moderate,1,438.1,384.6,33.5,33.16,76.2,232.2,Degradation Warning
NMC,64.0,930,0.358,22.4,64.7,33.14,39.8,72.6,Moderate,0,1112.9,308.1,32.5,22.65,83.08,234.2,Normal Wear
NMC,100.0,1171,0.373,20.2,66.1,40.18,-0.1,76.2,Aggressive,0,762.6,417.5,36.6,30.01,78.64,262.2,Degradation Warning
NMC,45.0,1238,0.537,22.4,85.9,41.72,36.1,50.5,Eco,2,336.6,273.0,39.2,16.87,76.06,208.0,Degradation Warning
NMC,82.0,1237,0.652,21.6,76.6,43.82,33.2,91.9,Moderate,1,719.7,140.2,40.0,21.58,74.21,282.3,Replacement Required
NMC,82.0,203,0.638,26.1,63.8,23.95,35.9,27.6,Eco,1,969.7,379.6,36.6,19.68,92.41,384.3,Healthy
LFP,58.0,266,0.066,21.8,89.8,21.54,36.4,121.4,Eco,1,943.0,142.9,31.1,27.4,95.09,199.8,Healthy
NMC,58.0,343,0.6,25.2,81.6,24.07,1.3,74.8,Moderate,1,1062.1,163.4,39.6,24.13,89.34,215.0,Healthy
NMC,45.0,179,0.41,17.7,44.2,20.56,30.5,31.2,Eco,2,944.6,300.6,36.5,17.57,93.13,236.8,Healthy
NMC,58.0,725,0.469,25.5,48.5,32.87,25.5,80.9,Eco,0,834.7,115.4,37.4,16.17,84.6,302.6,Normal Wear
LFP,75.0,641,0.499,35.5,44.5,30.97,35.7,76.4,Moderate,1,460.4,283.4,38.4,19.8,87.92,334.9,Normal Wear
NMC,58.0,944,0.635,24.3,57.5,36.85,15.5,49.1,Moderate,2,215.7,176.0,38.8,17.11,79.48,265.1,Degradation Warning
NMC,58.0,85,0.715,30.7,64.0,21.44,11.5,45.9,Aggressive,1,135.2,289.1,35.2,22.73,95.79,242.4,Healthy
LFP,75.0,949,0.567,19.5,67.7,38.3,27.8,52.1,Aggressive,0,975.2,349.4,32.8,25.28,84.1,249.6,Normal Wear
NMC,45.0,273,0.501,30.5,86.8,23.24,4.0,38.0,Moderate,0,920.1,208.0,38.2,21.62,90.16,193.7,Healthy
NMC,75.0,302,0.349,33.8,41.0,21.95,32.6,78.1,Moderate,2,1073.3,185.9,26.2,22.58,91.28,304.7,Healthy
NMC,82.0,1103,0.16,35.6,63.6,38.47,4.9,112.9,Eco,0,84.8,185.8,32.7,23.86,76.16,264.6,Degradation Warning
LFP,75.0,137,0.817,28.2,62.6,21.61,-7.8,117.3,Moderate,2,762.4,195.2,39.6,36.0,95.17,198.4,Healthy
NMC,64.0,442,0.419,31.0,92.1,27.94,18.7,120.3,Moderate,1,864.6,344.3,33.3,29.82,87.42,189.0,Normal Wear
LFP,82.0,575,0.503,19.3,53.3,26.35,33.5,85.0,Eco,0,495.1,220.7,39.2,17.49,88.78,416.4,Healthy
NMC,58.0,55,0.651,24.7,46.7,19.62,25.9,87.2,Moderate,0,637.7,319.8,33.2,20.4,97.03,276.2,Healthy
NMC,82.0,550,0.105,22.2,47.8,25.56,41.4,56.1,Eco,0,595.9,328.9,31.8,19.13,88.22,373.0,Healthy
NMC,45.0,110,0.734,29.0,68.6,22.46,-2.7,113.5,Moderate,1,521.9,256.5,35.6,31.65,94.81,133.5,Healthy
NMC,45.0,1344,0.688,23.8,61.5,47.73,7.9,73.8,Aggressive,2,348.7,229.4,37.1,25.25,74.12,133.5,Replacement Required
LFP,75.0,1260,0.67,31.1,81.5,43.43,9.8,52.9,Eco,1,1186.8,202.4,33.8,20.06,78.61,297.8,Degradation Warning
NMC,82.0,117,0.068,41.8,57.8,16.62,-7.0,121.6,Moderate,2,1060.0,299.3,36.0,36.0,93.97,216.1,Healthy
NMC,58.0,550,0.471,30.7,47.0,29.6,-7.8,95.5,Eco,0,943.9,250.1,35.9,24.62,85.03,196.9,Normal Wear
NMC,45.0,557,0.093,35.5,61.3,24.55,-8.5,71.5,Moderate,2,1010.2,172.1,35.8,29.1,86.02,134.7,Normal Wear
LFP,100.0,1071,0.491,19.9,88.6,39.66,11.3,31.9,Moderate,2,1004.8,256.5,40.0,22.96,83.37,364.6,Normal Wear
NMC,58.0,1367,0.625,26.5,62.3,46.05,33.9,39.0,Eco,0,89.7,300.3,33.4,15.65,72.24,269.7,Replacement Required
LFP,100.0,1266,0.147,28.3,85.8,40.94,26.9,44.6,Moderate,2,689.7,260.6,36.0,19.21,86.07,448.6,Normal Wear
NMC,64.0,99,0.606,27.4,60.4,19.61,13.2,115.3,Aggressive,2,564.8,75.3,33.5,33.21,94.91,176.4,Healthy
NMC,100.0,582,0.41,38.1,55.5,26.56,3.7,122.2,Eco,1,238.5,417.6,32.2,29.96,83.56,273.8,Normal Wear
NMC,45.0,633,0.699,22.5,82.6,33.02,-9.2,51.7,Moderate,2,313.5,334.9,34.7,28.13,82.0,128.2,Normal Wear
NMC,75.0,195,0.477,28.9,51.5,22.52,-0.9,74.8,Aggressive,2,169.6,155.2,30.9,29.73,92.55,230.0,Healthy
NMC,64.0,541,0.319,12.4,52.8,27.66,10.1,104.2,Moderate,1,568.0,336.2,36.2,26.22,87.31,214.9,Normal Wear
NMC,82.0,442,0.316,29.5,42.7,26.01,9.3,63.5,Moderate,1,307.6,338.7,36.0,20.75,87.93,340.2,Normal Wear
LFP,58.0,1143,0.768,30.0,50.3,42.29,3.5,74.2,Eco,2,255.0,280.3,33.7,20.22,79.97,234.9,Degradation Warning
LFP,45.0,595,0.412,26.7,60.8,30.55,41.9,113.8,Aggressive,0,658.5,288.6,34.5,34.6,89.64,123.0,Healthy
LFP,64.0,550,0.375,29.4,62.0,28.01,13.3,45.8,Moderate,0,255.2,126.4,38.2,17.08,88.97,334.9,Healthy
NMC,64.0,351,0.082,23.6,63.1,22.47,3.9,124.4,Aggressive,1,707.5,200.2,34.3,36.0,91.22,162.0,Healthy
NMC,45.0,1361,0.341,19.7,66.4,44.45,11.2,70.6,Aggressive,1,186.6,275.8,32.5,23.21,78.62,148.7,Degradation Warning
NMC,82.0,672,0.73,21.1,71.5,32.36,4.5,50.8,Moderate,0,846.7,97.2,33.4,21.51,83.94,317.6,Normal Wear
LFP,82.0,759,0.659,21.9,50.4,34.02,8.3,114.2,Moderate,0,363.8,412.3,37.6,28.9,86.8,247.5,Normal Wear
LFP,75.0,1132,0.227,19.2,73.8,38.84,-3.5,32.7,Moderate,0,916.1,105.6,39.5,23.14,85.9,279.1,Normal Wear
NMC,100.0,530,0.38,19.0,58.5,27.06,-10.0,89.2,Aggressive,1,955.8,211.2,35.4,36.0,85.97,243.0,Normal Wear
NMC,82.0,61,0.207,22.0,80.4,16.32,15.6,31.2,Aggressive,1,1183.0,389.7,35.6,27.13,96.42,289.9,Healthy
NMC,75.0,904,0.813,24.9,70.6,37.72,15.4,119.6,Aggressive,2,19.8,75.3,34.5,31.48,78.0,184.0,Degradation Warning
NMC,100.0,100,0.528,27.8,70.5,19.81,-1.8,89.0,Moderate,1,971.9,309.1,34.3,28.55,93.07,330.9,Healthy
NMC,64.0,421,0.653,19.7,77.7,28.61,33.3,64.8,Moderate,2,578.3,205.9,32.5,19.61,87.19,282.1,Normal Wear
NMC,45.0,126,0.621,21.4,58.3,20.09,-0.0,67.4,Eco,1,147.3,321.0,35.0,19.53,93.65,214.6,Healthy
LFP,82.0,1154,0.749,23.3,63.6,41.9,30.0,41.5,Aggressive,0,909.2,302.4,34.3,24.85,79.32,264.9,Degradation Warning
NMC,75.0,1320,0.809,29.6,72.1,46.48,-0.1,61.0,Eco,2,79.0,278.9,31.2,21.6,70.63,249.6,Replacement Required
NMC,64.0,1257,0.076,19.8,63.2,41.07,4.6,115.4,Aggressive,0,1041.2,372.9,35.6,36.0,80.11,141.5,Normal Wear
LFP,82.0,525,0.83,23.9,64.4,30.31,4.0,105.5,Aggressive,1,758.9,71.8,32.0,34.36,88.79,206.3,Healthy
NMC,58.0,1164,0.746,32.8,55.0,43.74,1.9,91.1,Eco,1,226.4,121.1,27.3,21.39,73.23,207.2,Replacement Required
NMC,64.0,1177,0.356,22.2,55.8,40.55,39.5,121.8,Moderate,1,817.1,345.4,34.7,32.39,77.65,150.3,Degradation Warning
NMC,82.0,739,0.72,19.5,78.4,33.06,3.7,82.3,Eco,2,200.8,292.3,33.3,21.15,81.2,316.2,Normal Wear
NMC,64.0,276,0.639,26.5,40.2,24.31,15.2,42.6,Moderate,0,678.5,394.0,33.5,20.26,90.32,287.8,Healthy
NMC,45.0,973,0.684,22.0,45.2,39.46,28.2,96.4,Eco,0,6.0,223.6,36.9,16.55,78.67,213.1,Degradation Warning
LFP,45.0,1223,0.227,12.0,92.2,41.99,6.6,84.2,Eco,2,1124.7,262.4,30.9,22.78,82.66,160.5,Normal Wear
NMC,45.0,952,0.569,28.2,50.3,38.59,-9.4,68.7,Moderate,1,76.8,288.5,38.6,24.6,80.2,142.9,Normal Wear
NMC,100.0,1091,0.071,32.2,63.0,37.48,29.6,39.7,Eco,1,899.8,131.7,36.1,17.07,81.82,482.3,Normal Wear
LFP,58.0,916,0.729,26.9,86.7,38.01,4.8,92.8,Moderate,1,846.0,120.2,37.7,24.54,84.16,192.9,Normal Wear
NMC,45.0,38,0.811,33.3,40.0,21.33,35.4,69.4,Moderate,1,781.9,158.8,32.5,19.78,97.46,222.0,Healthy
LFP,58.0,1089,0.58,30.9,90.9,38.3,15.5,82.9,Moderate,2,46.9,205.1,40.0,17.49,79.41,263.1,Degradation Warning
LFP,45.0,470,0.46,21.9,42.9,26.3,22.5,56.5,Eco,2,786.6,240.7,33.9,16.29,90.75,252.1,Healthy
NMC,100.0,917,0.631,39.3,49.4,37.48,39.4,40.6,Eco,1,735.4,232.6,34.2,19.17,76.04,395.9,Degradation Warning
LFP,64.0,1099,0.311,28.9,41.6,37.66,35.2,61.0,Eco,1,759.2,347.2,35.7,18.4,85.95,301.8,Normal Wear
NMC,82.0,760,0.551,29.6,68.6,34.89,31.2,110.2,Moderate,0,645.9,116.8,35.3,25.03,82.8,271.2,Normal Wear
LFP,82.0,1135,0.625,21.0,91.9,42.73,17.6,41.0,Eco,1,396.5,199.1,36.2,15.42,80.89,429.8,Normal Wear
NMC,45.0,101,0.164,17.7,86.1,17.35,-1.2,72.1,Aggressive,1,281.0,401.1,35.5,28.77,94.25,142.1,Healthy
LFP,82.0,756,0.162,20.5,75.2,30.0,33.7,54.8,Moderate,1,547.6,340.2,30.5,20.96,89.76,352.1,Healthy
LFP,45.0,98,0.623,32.5,50.2,21.21,-5.1,121.2,Eco,2,461.9,219.8,36.9,31.96,95.91,136.6,Healthy
NMC,45.0,302,0.395,37.3,87.8,21.88,36.1,33.5,Eco,1,825.3,273.4,36.4,17.98,90.23,225.8,Healthy
NMC,75.0,1354,0.761,28.7,81.5,46.82,29.8,49.5,Moderate,2,324.8,234.6,32.3,18.23,71.38,294.9,Replacement Required
LFP,75.0,1016,0.3,27.6,54.7,40.51,31.8,70.0,Aggressive,0,950.0,204.4,31.8,24.91,86.25,258.3,Normal Wear
LFP,75.0,179,0.084,32.8,84.3,17.87,9.6,49.7,Moderate,2,1175.8,116.5,36.0,22.73,95.32,307.3,Healthy
NMC,58.0,1359,0.57,35.3,88.2,44.66,-5.6,95.7,Eco,1,838.3,128.6,35.9,24.98,70.01,161.3,Replacement Required
LFP,75.0,1199,0.597,18.3,78.4,41.82,27.8,62.1,Moderate,1,614.8,170.9,37.8,17.82,81.38,340.0,Normal Wear
NMC,45.0,907,0.493,36.8,45.5,35.02,40.9,103.1,Aggressive,2,205.6,197.8,37.9,29.76,78.15,119.1,Degradation Warning
NMC,100.0,487,0.597,24.7,94.1,27.3,34.6,80.1,Eco,1,1178.6,158.1,39.7,19.41,86.45,441.6,Normal Wear
NMC,100.0,872,0.469,33.5,44.2,37.32,33.8,67.7,Aggressive,1,327.2,272.1,33.6,23.82,79.83,339.0,Degradation Warning
NMC,64.0,481,0.604,20.6,76.0,28.32,22.9,61.5,Moderate,0,682.1,279.3,32.4,19.07,86.86,293.1,Normal Wear
LFP,75.0,873,0.085,33.2,46.1,34.06,-4.0,47.2,Moderate,0,531.0,86.0,31.4,22.42,87.78,296.1,Normal Wear
NMC,100.0,136,0.345,18.4,89.8,21.23,34.9,50.3,Moderate,1,239.2,297.4,33.2,19.71,93.29,472.6,Healthy
LFP,75.0,383,0.219,33.7,59.2,21.81,1.5,42.6,Eco,0,937.0,233.6,37.5,20.25,92.32,342.6,Healthy
NMC,64.0,485,0.129,30.9,68.1,24.55,3.8,110.2,Moderate,1,141.4,261.5,31.1,28.49,88.48,200.4,Healthy
NMC,100.0,203,0.237,17.6,49.8,19.4,29.3,79.8,Moderate,2,515.8,382.6,31.4,20.84,93.6,446.5,Healthy
NMC,45.0,679,0.203,34.7,70.1,26.64,27.3,73.3,Eco,0,253.6,134.2,33.0,14.13,82.82,265.3,Normal Wear
NMC,58.0,1209,0.829,21.1,91.6,44.66,-6.2,57.2,Aggressive,1,659.5,211.6,35.5,30.97,72.68,132.1,Replacement Required
NMC,75.0,94,0.279,33.9,89.6,18.92,3.1,76.7,Eco,0,1033.0,239.8,36.8,20.35,94.68,354.1,Healthy
NMC,100.0,845,0.235,27.9,43.5,34.9,32.5,113.3,Moderate,1,1069.0,276.8,34.9,29.35,84.59,286.7,Normal Wear
NMC,100.0,1315,0.718,19.5,60.8,46.18,39.4,110.6,Eco,1,636.6,307.2,33.0,25.62,72.27,282.7,Replacement Required
NMC,64.0,522,0.385,20.9,54.7,24.62,3.8,84.9,Moderate,2,290.0,115.2,37.1,22.77,88.08,245.5,Healthy
NMC,45.0,814,0.387,48.0,66.5,32.76,29.6,78.0,Moderate,0,460.2,332.1,34.0,18.43,75.4,180.2,Degradation Warning
NMC,82.0,606,0.405,40.8,85.9,28.79,16.3,47.6,Aggressive,1,826.5,147.4,28.0,24.81,81.78,274.9,Normal Wear
LFP,100.0,675,0.383,25.7,80.6,31.41,9.8,94.3,Eco,1,345.4,402.9,36.9,21.47,90.57,422.9,Healthy
LFP,58.0,1386,0.311,29.5,58.9,41.4,36.7,110.3,Moderate,0,184.1,107.0,36.8,23.78,82.3,192.7,Normal Wear
NMC,64.0,719,0.279,34.2,61.0,31.71,18.5,55.6,Moderate,2,333.9,415.4,37.6,18.33,83.9,287.6,Normal Wear
NMC,100.0,654,0.756,19.2,76.0,33.56,26.0,68.6,Eco,0,145.8,394.8,32.6,16.43,82.94,504.3,Normal Wear
NMC,100.0,863,0.179,31.1,50.7,33.04,20.8,35.7,Aggressive,1,332.0,381.2,35.9,22.94,84.02,368.4,Normal Wear
LFP,64.0,1294,0.195,32.9,45.7,41.09,23.5,110.8,Eco,0,52.2,80.6,38.1,19.36,83.6,276.3,Normal Wear
NMC,64.0,854,0.507,29.2,53.3,36.54,16.9,34.8,Moderate,0,74.9,140.5,38.2,15.74,80.8,329.7,Normal Wear
NMC,75.0,1173,0.325,35.3,46.8,38.75,17.7,95.4,Eco,1,1030.1,268.7,33.7,20.57,74.91,269.2,Replacement Required
NMC,100.0,783,0.387,27.9,59.4,34.36,34.3,43.7,Moderate,1,213.9,322.4,32.1,19.87,82.59,422.2,Normal Wear
NMC,82.0,377,0.695,33.6,91.6,27.8,5.7,98.4,Aggressive,1,1012.5,327.2,31.9,34.83,86.78,203.4,Normal Wear
NMC,58.0,711,0.773,28.4,46.6,34.53,28.3,89.3,Moderate,0,1195.1,86.1,27.1,22.22,82.47,216.5,Normal Wear
LFP,45.0,641,0.682,17.8,85.0,34.09,4.0,94.0,Moderate,1,468.6,311.1,35.1,24.81,87.96,155.3,Normal Wear
NMC,45.0,501,0.238,32.6,69.4,26.47,-6.3,88.6,Eco,2,537.3,243.7,31.4,25.92,86.96,150.5,Normal Wear
NMC,82.0,999,0.834,34.8,74.8,40.73,37.0,64.7,Moderate,1,343.2,179.8,37.9,19.01,73.64,322.5,Replacement Required
NMC,64.0,1121,0.341,26.1,49.4,39.41,11.4,87.0,Eco,1,143.0,311.3,31.4,18.54,78.45,272.3,Degradation Warning
NMC,64.0,997,0.185,19.0,48.3,35.67,25.5,48.5,Moderate,2,764.3,157.7,35.3,18.03,82.69,289.1,Normal Wear
LFP,64.0,1364,0.45,32.2,49.0,45.61,29.4,52.4,Moderate,1,1017.6,295.8,30.3,21.03,79.5,245.2,Degradation Warning
NMC,100.0,309,0.63,28.9,76.7,24.6,31.4,31.5,Eco,0,803.3,284.3,36.9,17.89,89.93,499.2,Healthy
LFP,64.0,1340,0.117,28.8,81.1,42.57,1.8,86.3,Moderate,1,131.2,276.9,39.0,22.96,84.43,226.6,Normal Wear
NMC,64.0,771,0.557,28.1,90.6,33.85,24.1,109.1,Aggressive,2,728.0,256.5,37.5,30.63,81.45,170.3,Normal Wear
NMC,100.0,42,0.736,33.0,61.9,19.77,29.5,62.8,Aggressive,2,767.1,165.4,37.4,23.47,97.97,410.8,Healthy
LFP,100.0,825,0.259,28.7,65.4,33.94,-3.8,45.9,Eco,2,827.7,140.4,37.2,24.18,87.07,361.0,Normal Wear
NMC,82.0,191,0.604,24.2,65.8,20.32,-2.7,107.4,Eco,2,83.4,204.1,37.9,26.89,93.37,277.0,Healthy
LFP,75.0,854,0.37,17.3,54.8,33.47,8.9,89.4,Moderate,1,837.7,409.8,33.9,25.13,87.84,259.7,Normal Wear
NMC,100.0,337,0.381,24.2,58.1,22.86,5.7,114.4,Aggressive,2,725.6,345.6,29.1,36.0,89.99,254.6,Healthy
LFP,58.0,927,0.275,32.5,86.6,35.56,31.5,25.6,Moderate,1,1041.7,204.5,35.6,19.96,86.56,254.6,Normal Wear
NMC,64.0,817,0.55,25.0,58.9,34.35,23.4,65.1,Aggressive,1,198.2,309.3,34.6,20.97,81.81,252.2,Normal Wear
NMC,75.0,1010,0.339,32.4,87.8,35.53,15.9,115.1,Moderate,1,74.6,168.3,36.9,24.8,77.87,237.8,Degradation Warning
LFP,45.0,874,0.715,18.5,56.8,37.33,-4.5,92.5,Eco,0,975.5,145.1,37.7,22.64,84.6,172.4,Normal Wear
LFP,82.0,1236,0.82,20.9,58.7,44.91,-4.1,71.9,Eco,0,123.5,274.2,36.2,19.22,79.34,333.1,Degradation Warning
LFP,75.0,700,0.798,20.6,70.8,33.83,16.9,66.5,Aggressive,0,456.2,159.7,29.2,22.54,86.35,295.1,Normal Wear
LFP,100.0,935,0.181,27.8,45.7,35.72,35.9,114.5,Eco,1,1042.7,261.3,31.1,27.22,88.06,323.8,Healthy
LFP,64.0,1161,0.061,37.8,90.7,39.21,30.3,108.2,Eco,2,333.9,98.1,34.9,20.26,82.43,256.5,Normal Wear
NMC,64.0,1049,0.401,40.5,85.1,38.1,35.8,26.2,Moderate,2,530.0,362.2,36.7,20.78,72.69,222.1,Replacement Required
NMC,64.0,862,0.633,33.3,76.9,36.54,19.4,37.1,Eco,0,737.0,203.7,33.0,16.39,79.21,306.6,Degradation Warning
NMC,75.0,502,0.832,15.3,94.3,31.68,1.5,76.2,Aggressive,1,767.0,75.4,34.1,28.04,85.5,233.7,Normal Wear
NMC,64.0,151,0.677,22.5,40.9,21.9,-8.3,36.5,Moderate,1,712.9,405.4,37.4,27.7,91.87,215.5,Healthy
NMC,100.0,1136,0.514,12.0,62.6,42.3,38.9,52.5,Moderate,1,72.8,260.9,34.9,19.43,77.23,401.0,Degradation Warning
NMC,75.0,880,0.071,28.0,87.2,35.3,14.7,108.5,Aggressive,2,934.1,390.6,38.4,34.31,84.99,189.8,Normal Wear
NMC,64.0,313,0.71,36.7,63.8,25.92,34.7,63.6,Aggressive,2,953.9,135.8,34.8,24.87,88.22,230.8,Healthy
LFP,45.0,660,0.192,31.9,40.3,28.14,28.1,70.1,Eco,2,125.2,175.1,34.0,13.85,89.57,290.9,Healthy
NMC,45.0,1019,0.094,16.4,48.7,35.59,33.3,42.4,Aggressive,0,887.6,204.1,31.7,24.22,84.48,159.5,Normal Wear
NMC,58.0,411,0.73,35.3,63.9,27.8,1.0,85.2,Moderate,2,604.7,138.4,32.1,25.62,85.83,198.4,Normal Wear
NMC,64.0,268,0.503,34.2,76.7,23.4,25.3,37.0,Moderate,2,15.1,228.9,33.3,16.22,88.69,352.7,Healthy
LFP,64.0,722,0.153,36.3,48.9,30.51,27.6,88.0,Aggressive,2,833.0,168.5,39.6,24.36,88.72,233.1,Healthy
LFP,75.0,1186,0.359,33.7,64.6,42.33,18.7,99.7,Eco,1,553.0,113.9,40.0,18.73,81.02,325.4,Normal Wear
NMC,75.0,1280,0.118,23.8,40.7,40.29,33.4,112.4,Aggressive,2,152.0,98.5,34.1,30.21,81.18,203.7,Normal Wear
NMC,64.0,306,0.56,15.9,66.3,24.92,41.4,83.2,Moderate,0,211.0,160.3,38.1,19.09,89.93,296.4,Healthy
NMC,58.0,296,0.276,34.0,89.3,23.68,-9.5,58.2,Eco,2,909.3,413.4,36.7,27.35,89.76,187.2,Healthy
NMC,64.0,406,0.743,31.7,72.8,27.28,13.7,110.2,Eco,1,1134.3,159.7,33.7,24.4,86.23,225.7,Normal Wear
NMC,100.0,469,0.336,15.2,64.2,25.17,29.2,84.7,Moderate,0,196.8,369.4,32.5,19.93,87.93,447.6,Normal Wear
NMC,75.0,310,0.446,21.2,48.9,23.63,27.7,60.8,Moderate,2,482.8,230.7,36.1,17.78,89.77,376.9,Healthy
NMC,64.0,1212,0.101,21.4,51.1,38.6,14.3,57.3,Aggressive,2,383.6,158.3,31.6,22.89,82.6,239.1,Normal Wear
NMC,75.0,462,0.27,31.4,44.2,25.01,33.8,57.1,Moderate,1,704.1,358.0,40.0,20.7,88.88,317.4,Healthy
LFP,64.0,675,0.591,26.9,80.8,32.75,25.1,30.6,Moderate,1,234.3,334.2,35.8,17.41,87.79,322.9,Normal Wear
LFP,82.0,1227,0.639,25.4,44.2,43.69,18.5,35.1,Eco,0,694.8,286.1,37.7,16.76,81.67,406.0,Normal Wear
NMC,75.0,1088,0.244,24.5,61.1,39.08,4.2,34.0,Moderate,1,997.4,170.3,34.5,23.49,79.87,256.0,Degradation Warning
NMC,58.0,846,0.453,20.2,81.2,35.22,9.1,56.2,Moderate,0,769.3,336.8,38.6,21.14,82.49,224.2,Normal Wear
NMC,82.0,1311,0.704,32.8,79.2,45.2,41.4,72.4,Eco,1,233.1,76.8,38.1,16.61,69.8,346.8,Replacement Required
NMC,100.0,495,0.354,22.6,71.8,25.81,37.1,39.8,Moderate,1,898.8,167.9,36.0,21.27,88.44,412.8,Healthy
LFP,64.0,272,0.157,34.0,71.4,21.77,26.2,107.8,Aggressive,0,552.2,371.6,30.5,31.43,94.8,194.3,Healthy
NMC,100.0,308,0.395,18.6,45.0,22.89,34.7,31.6,Moderate,1,135.5,151.9,32.0,18.49,90.48,482.8,Healthy
LFP,75.0,1255,0.531,24.0,49.6,43.12,-2.9,119.5,Eco,1,392.6,290.4,36.4,29.85,80.47,201.7,Normal Wear
NMC,82.0,1019,0.056,38.8,69.4,34.86,3.9,32.4,Moderate,2,289.7,237.7,38.1,22.87,78.88,281.7,Degradation Warning
LFP,100.0,40,0.329,28.4,59.1,18.86,36.0,114.5,Moderate,0,1012.1,220.2,36.8,29.4,97.15,330.7,Healthy
NMC,58.0,335,0.536,24.1,41.0,22.23,14.5,51.1,Aggressive,1,272.3,310.2,36.7,22.38,89.37,234.5,Healthy
LFP,75.0,583,0.812,23.2,83.9,32.15,20.7,123.7,Aggressive,1,614.3,83.4,37.5,34.31,87.27,192.5,Normal Wear
NMC,82.0,1276,0.377,21.8,76.0,42.96,36.0,77.1,Eco,1,782.8,244.3,36.0,18.39,77.77,345.8,Degradation Warning
NMC,100.0,142,0.18,29.7,57.9,19.99,11.0,26.8,Aggressive,2,67.6,224.0,36.4,23.85,94.41,397.9,Healthy
NMC,82.0,893,0.477,32.4,45.4,34.26,15.1,53.3,Moderate,1,169.1,332.8,39.1,18.44,81.12,367.8,Normal Wear
NMC,82.0,979,0.279,28.5,72.5,36.2,-4.2,119.0,Moderate,1,944.5,219.2,35.0,35.72,80.88,180.4,Normal Wear
LFP,100.0,233,0.222,26.6,59.2,20.48,41.6,55.0,Moderate,2,412.7,386.7,39.0,22.81,95.5,416.7,Healthy
LFP,45.0,858,0.522,30.6,54.0,35.1,40.6,61.0,Moderate,2,842.4,417.4,29.7,24.13,85.82,165.9,Normal Wear
LFP,64.0,666,0.783,18.6,79.7,33.04,5.4,29.4,Aggressive,0,911.1,376.5,34.5,27.98,86.87,194.9,Normal Wear
NMC,75.0,987,0.718,29.3,58.0,38.47,34.3,50.3,Moderate,1,771.2,348.7,33.8,21.19,78.27,272.1,Degradation Warning
LFP,75.0,749,0.196,29.6,47.5,31.03,28.3,50.9,Moderate,1,698.1,321.0,37.0,19.24,89.84,345.7,Healthy
NMC,75.0,619,0.663,28.6,66.5,32.84,-2.4,96.6,Eco,1,594.0,266.3,33.0,25.01,82.77,246.2,Normal Wear
NMC,82.0,811,0.234,23.7,85.6,34.36,-8.8,75.6,Aggressive,1,471.5,345.4,33.2,33.26,83.29,205.5,Normal Wear
NMC,100.0,59,0.283,22.3,86.7,18.16,-9.3,41.1,Moderate,2,179.4,281.0,32.3,28.86,96.94,330.6,Healthy
NMC,64.0,771,0.786,19.2,86.7,36.9,-6.6,104.6,Aggressive,0,1167.4,406.7,36.5,36.0,80.67,146.3,Normal Wear
NMC,58.0,1375,0.779,35.8,63.2,45.44,22.6,86.2,Moderate,1,770.3,381.3,36.0,20.79,68.0,194.2,Replacement Required
NMC,75.0,962,0.185,26.7,83.5,36.32,15.6,51.8,Moderate,1,233.1,271.8,36.9,17.93,82.52,345.0,Normal Wear
NMC,100.0,667,0.101,24.5,86.8,29.2,41.8,47.4,Moderate,0,1003.8,218.7,33.9,22.43,85.91,380.7,Normal Wear
LFP,64.0,201,0.284,23.9,65.3,20.28,4.9,117.5,Moderate,1,986.9,138.9,35.9,31.68,94.43,194.0,Healthy
NMC,64.0,284,0.515,21.3,57.5,24.51,27.7,88.7,Moderate,1,903.6,155.7,33.3,20.55,89.53,278.3,Healthy
NMC,45.0,790,0.752,23.8,78.6,35.5,10.1,105.7,Moderate,1,138.8,146.6,35.8,23.42,80.78,153.4,Normal Wear
NMC,100.0,882,0.145,34.3,89.7,32.79,-4.9,47.6,Eco,2,21.5,382.1,38.5,23.57,80.13,339.3,Normal Wear
NMC,75.0,451,0.382,30.5,93.5,27.15,35.6,83.9,Aggressive,1,849.9,390.9,34.7,27.83,87.34,231.9,Normal Wear
NMC,82.0,1239,0.267,32.0,56.0,41.33,10.8,30.3,Eco,1,245.4,182.0,33.9,16.86,77.27,373.9,Degradation Warning
NMC,64.0,528,0.062,32.8,92.6,25.07,37.7,84.5,Aggressive,2,1008.9,315.7,34.7,28.92,87.84,197.7,Normal Wear
NMC,64.0,466,0.681,40.2,67.5,29.38,38.7,45.4,Aggressive,1,807.3,113.6,35.9,24.63,85.86,226.1,Normal Wear
LFP,58.0,547,0.701,27.2,56.8,28.1,32.6,91.9,Moderate,1,449.3,266.5,36.6,20.93,88.64,247.2,Healthy
NMC,45.0,1245,0.227,24.4,94.4,43.23,-8.6,118.2,Moderate,1,585.0,174.8,34.9,34.53,78.93,106.9,Degradation Warning
LFP,64.0,894,0.171,29.6,88.3,34.99,40.2,70.9,Eco,1,603.3,402.7,34.6,19.27,87.24,292.2,Normal Wear
NMC,64.0,1176,0.166,30.9,78.1,37.24,-3.5,55.5,Eco,1,454.7,117.6,37.4,20.51,78.41,248.8,Degradation Warning
NMC,82.0,1182,0.421,26.8,89.2,42.62,38.4,37.3,Moderate,0,215.2,117.3,34.2,18.0,78.16,355.3,Degradation Warning
LFP,82.0,688,0.247,21.6,77.5,30.35,21.5,92.1,Eco,2,1193.2,339.9,35.3,20.73,89.71,359.2,Healthy
NMC,58.0,866,0.459,28.1,64.2,32.61,9.6,83.4,Moderate,1,899.1,179.2,34.6,22.05,82.12,219.9,Normal Wear
NMC,100.0,89,0.358,30.3,92.1,16.69,27.5,79.5,Aggressive,2,187.7,159.3,34.8,20.89,95.8,462.0,Healthy
LFP,58.0,835,0.219,29.1,93.0,33.7,16.4,118.6,Moderate,2,41.5,143.3,35.8,25.24,88.16,201.8,Healthy
NMC,58.0,1058,0.651,16.0,57.3,38.75,31.3,122.8,Eco,2,413.2,158.5,35.7,24.84,77.49,177.4,Degradation Warning
LFP,82.0,1255,0.17,17.5,59.5,40.07,16.7,96.7,Aggressive,0,665.3,416.2,34.1,28.9,86.53,244.3,Normal Wear
NMC,100.0,1103,0.689,31.3,61.0,41.32,9.2,44.6,Eco,1,1125.5,228.8,36.9,20.44,74.85,363.1,Replacement Required
LFP,82.0,1295,0.499,24.8,85.2,44.5,8.8,119.7,Moderate,2,158.9,157.6,34.3,29.7,79.98,215.1,Degradation Warning
NMC,45.0,465,0.716,40.3,83.5,28.85,8.4,59.5,Moderate,2,528.3,92.1,34.4,20.27,84.26,186.0,Normal Wear
NMC,75.0,1045,0.054,35.0,94.1,35.14,14.6,32.9,Moderate,1,214.3,112.4,36.8,17.06,80.3,353.6,Normal Wear
NMC,75.0,1379,0.649,19.4,65.6,45.58,-4.3,49.1,Moderate,0,83.7,299.9,36.5,21.77,72.44,250.2,Replacement Required
NMC,45.0,38,0.091,33.2,80.5,15.03,24.4,108.0,Eco,1,721.6,161.2,35.3,20.9,95.93,214.0,Healthy
NMC,75.0,580,0.81,36.6,87.1,31.74,7.8,45.4,Moderate,1,124.6,264.6,35.3,19.92,81.64,304.2,Normal Wear
NMC,100.0,1121,0.612,24.3,52.2,41.31,19.2,64.5,Moderate,1,864.2,263.4,34.6,19.91,76.52,378.6,Degradation Warning
NMC,82.0,491,0.306,26.5,74.1,27.13,17.4,52.4,Moderate,2,664.2,196.7,34.8,18.6,87.34,388.0,Normal Wear
NMC,75.0,47,0.306,23.7,70.1,18.0,34.6,29.8,Moderate,1,279.0,319.7,33.5,19.38,96.77,380.0,Healthy
NMC,100.0,579,0.739,20.3,80.9,31.15,34.8,81.2,Aggressive,1,953.4,81.6,40.0,25.5,82.04,324.1,Normal Wear
LFP,82.0,627,0.772,36.5,78.2,33.25,41.4,87.9,Eco,1,839.5,216.0,36.8,20.73,84.53,335.7,Normal Wear
NMC,100.0,1208,0.763,12.0,84.7,43.86,2.6,104.1,Eco,0,751.5,222.0,34.0,24.56,73.16,299.0,Replacement Required
NMC,45.0,477,0.697,23.0,57.1,29.78,-8.2,66.5,Aggressive,1,256.6,113.6,36.2,28.84,87.77,133.0,Normal Wear
NMC,58.0,964,0.705,24.5,51.9,38.04,12.1,39.1,Moderate,1,847.8,75.4,30.8,20.21,78.51,229.3,Degradation Warning
NMC,45.0,1219,0.508,27.9,84.3,41.49,36.6,90.2,Moderate,2,648.8,257.0,33.9,22.51,77.56,156.7,Degradation Warning
LFP,75.0,1003,0.073,19.6,59.8,36.94,21.2,114.0,Aggressive,1,641.2,173.1,38.4,31.53,89.4,209.2,Healthy
NMC,82.0,887,0.119,35.1,55.8,32.89,9.4,37.0,Moderate,2,143.4,396.3,40.0,21.29,82.05,311.6,Normal Wear
LFP,100.0,1035,0.57,16.0,58.5,38.99,30.2,43.3,Moderate,1,162.2,317.0,33.6,18.48,83.98,455.9,Normal Wear
NMC,75.0,48,0.371,16.1,43.6,17.19,27.0,57.9,Moderate,0,38.8,100.8,36.3,15.32,96.9,471.5,Healthy
LFP,75.0,688,0.504,27.3,82.5,34.17,27.1,90.0,Aggressive,0,294.6,299.4,33.7,24.18,87.84,272.4,Normal Wear
NMC,58.0,845,0.235,19.3,79.3,31.47,16.8,77.4,Eco,2,592.1,376.3,37.7,17.13,82.37,280.2,Normal Wear
LFP,75.0,835,0.57,28.2,70.4,36.3,17.6,96.2,Moderate,2,430.8,404.9,31.3,22.92,85.91,278.0,Normal Wear
NMC,58.0,298,0.244,22.6,79.4,20.19,18.9,28.1,Moderate,2,855.5,179.4,35.9,18.39,91.04,289.2,Healthy
NMC,82.0,302,0.419,31.8,60.5,23.1,18.7,106.0,Eco,1,489.0,223.3,31.8,21.25,90.24,348.6,Healthy
NMC,82.0,1022,0.433,21.4,56.2,38.93,0.7,123.7,Moderate,1,111.9,295.8,34.8,33.37,81.37,200.6,Normal Wear
NMC,100.0,324,0.192,35.7,87.4,24.65,2.8,29.7,Moderate,1,869.5,388.3,34.4,25.54,89.43,347.9,Healthy
LFP,58.0,713,0.751,30.8,63.2,33.48,9.4,74.5,Moderate,2,221.0,306.6,35.3,20.44,84.64,238.8,Normal Wear
NMC,45.0,128,0.471,22.5,50.8,19.74,34.5,99.0,Eco,0,378.0,204.5,38.6,18.99,93.81,229.0,Healthy
NMC,82.0,343,0.743,30.7,81.2,26.56,14.0,72.6,Eco,1,600.7,101.6,36.5,16.41,88.85,449.0,Healthy
LFP,100.0,1249,0.26,27.9,58.5,43.52,38.2,84.3,Eco,0,665.0,120.5,35.3,18.27,85.06,460.7,Normal Wear
NMC,45.0,1277,0.188,31.7,51.7,41.87,31.3,117.1,Moderate,0,354.0,261.7,35.3,26.31,78.12,136.4,Degradation Warning
LFP,82.0,477,0.064,30.6,41.5,25.54,34.8,79.0,Eco,0,552.9,153.4,35.6,16.72,91.35,445.0,Healthy
LFP,82.0,1230,0.125,29.2,93.4,39.58,-3.0,48.7,Moderate,1,80.0,227.4,37.1,22.96,85.65,305.1,Normal Wear
NMC,100.0,501,0.168,27.4,65.7,27.12,-2.3,98.9,Eco,2,192.1,212.6,36.2,25.56,87.9,339.3,Normal Wear
LFP,100.0,941,0.113,32.4,48.9,32.62,2.3,62.5,Moderate,1,718.8,269.7,38.5,24.21,87.4,359.9,Normal Wear
NMC,64.0,539,0.768,34.0,81.7,31.89,24.5,53.5,Eco,1,5.5,186.7,32.7,14.07,83.27,377.5,Normal Wear
NMC,75.0,1096,0.779,27.8,88.8,43.19,14.8,49.8,Moderate,1,220.7,231.2,34.8,17.9,73.8,305.5,Replacement Required
NMC,75.0,1242,0.8,30.6,69.0,47.06,-1.2,32.9,Aggressive,1,754.0,273.7,34.9,30.44,71.89,174.3,Replacement Required
NMC,45.0,410,0.818,32.6,41.6,29.7,28.8,118.3,Eco,1,278.7,277.9,34.4,23.12,85.8,165.9,Normal Wear
LFP,75.0,790,0.443,36.6,60.1,32.81,16.9,81.3,Moderate,0,981.5,233.8,35.1,20.35,84.8,314.4,Normal Wear
LFP,45.0,932,0.474,35.6,53.4,38.24,28.0,120.5,Aggressive,0,471.0,319.9,36.2,33.75,82.5,108.5,Normal Wear
NMC,82.0,1215,0.155,33.2,75.0,41.58,37.3,111.2,Moderate,0,857.0,206.6,32.7,28.06,77.52,228.1,Degradation Warning
NMC,64.0,105,0.16,24.5,68.5,17.19,37.6,28.0,Moderate,1,1062.1,345.8,29.4,23.46,95.55,254.0,Healthy
LFP,64.0,577,0.668,19.1,59.6,30.8,5.7,49.7,Moderate,1,537.9,414.6,36.0,22.84,87.74,243.7,Normal Wear
NMC,82.0,877,0.735,30.4,75.7,33.45,-1.8,56.5,Eco,1,810.0,335.7,33.1,23.08,80.48,284.0,Normal Wear
NMC,100.0,1229,0.678,30.3,72.1,41.99,12.6,74.0,Aggressive,1,1012.1,343.0,32.1,28.21,72.67,258.1,Replacement Required
NMC,58.0,1199,0.718,24.6,89.9,44.27,-5.6,96.6,Aggressive,2,295.6,375.3,34.6,36.0,74.39,121.2,Replacement Required
LFP,58.0,685,0.271,19.0,72.8,32.29,-7.7,93.1,Eco,0,1062.3,106.2,39.3,23.63,90.02,218.2,Healthy
NMC,75.0,1173,0.423,36.9,67.9,41.99,40.9,123.7,Moderate,1,1032.4,266.4,39.0,33.66,74.78,169.2,Replacement Required
LFP,100.0,862,0.417,29.6,85.3,34.81,40.5,117.3,Eco,2,72.5,305.2,34.6,26.19,85.26,328.0,Normal Wear
LFP,45.0,1124,0.846,19.8,51.1,41.32,8.3,43.6,Moderate,0,565.3,390.3,31.7,21.31,79.63,170.0,Degradation Warning
NMC,64.0,314,0.809,26.2,53.4,26.91,32.7,111.0,Eco,2,133.4,361.7,37.5,22.5,90.08,254.2,Healthy
NMC,75.0,288,0.529,18.9,83.1,21.63,1.6,109.3,Eco,0,1063.4,206.2,40.0,26.24,90.76,255.2,Healthy
LFP,82.0,664,0.16,31.1,64.3,29.86,11.7,82.5,Moderate,1,287.6,179.2,39.4,19.54,89.95,380.3,Healthy
NMC,100.0,554,0.257,38.1,62.5,26.54,27.8,58.8,Aggressive,0,445.2,173.7,35.0,21.65,85.88,397.3,Normal Wear
LFP,64.0,107,0.341,25.9,88.8,20.09,18.6,45.9,Eco,1,1125.6,157.6,36.4,16.98,96.47,363.8,Healthy
LFP,45.0,944,0.749,26.4,73.6,39.34,32.7,46.2,Aggressive,2,674.5,178.2,36.2,22.89,82.99,161.6,Normal Wear
NMC,45.0,130,0.187,25.3,84.2,18.04,41.0,58.8,Eco,1,1112.5,326.9,35.6,20.11,95.3,212.4,Healthy
LFP,58.0,603,0.226,25.7,84.5,29.54,-9.5,75.4,Moderate,0,553.9,110.4,33.5,23.19,90.4,222.4,Healthy
LFP,75.0,1197,0.33,22.3,46.6,38.81,38.1,83.4,Aggressive,2,1179.3,327.1,32.6,30.4,84.19,212.8,Normal Wear
LFP,82.0,788,0.792,35.3,76.0,35.34,11.5,57.5,Eco,1,1146.3,138.0,37.4,19.0,81.61,352.8,Normal Wear
NMC,64.0,1199,0.453,28.2,92.4,42.65,11.2,60.7,Eco,2,24.1,288.4,35.6,16.76,76.41,292.8,Degradation Warning
NMC,45.0,1361,0.567,27.4,66.4,46.37,-10.0,26.4,Moderate,0,487.4,278.6,36.3,23.68,74.37,131.5,Replacement Required
NMC,64.0,257,0.36,25.6,80.3,21.63,33.4,25.2,Moderate,0,1139.9,277.4,34.0,21.22,92.09,275.1,Healthy
LFP,82.0,353,0.201,19.4,71.2,24.32,29.5,115.7,Aggressive,1,977.1,178.7,33.5,34.52,94.9,226.1,Healthy
NMC,64.0,125,0.228,32.6,51.3,19.97,36.5,26.4,Moderate,2,254.4,122.5,30.7,19.08,94.13,315.1,Healthy
LFP,75.0,401,0.692,35.5,50.7,25.76,-1.3,28.3,Moderate,2,1061.9,347.2,30.4,29.09,88.88,227.2,Healthy
NMC,58.0,708,0.765,15.8,63.9,33.61,1.2,45.6,Moderate,1,241.9,154.6,37.5,21.24,80.87,220.8,Normal Wear
NMC,64.0,280,0.444,31.3,66.6,23.5,5.8,99.3,Moderate,1,1123.4,97.8,39.6,26.63,90.34,214.6,Healthy
NMC,100.0,1336,0.336,32.2,67.7,43.95,17.6,92.9,Moderate,1,99.7,125.5,35.2,18.89,74.86,395.9,Replacement Required
LFP,58.0,1378,0.696,34.7,92.5,47.71,7.9,89.7,Moderate,2,1135.6,109.9,35.2,24.79,73.81,170.7,Replacement Required
NMC,82.0,674,0.588,34.2,45.5,31.51,5.6,82.5,Moderate,2,98.8,320.2,33.3,23.15,83.92,300.8,Normal Wear
NMC,58.0,839,0.083,42.8,60.9,34.24,-0.5,45.2,Moderate,1,273.4,330.8,32.3,23.59,80.28,195.5,Normal Wear
NMC,64.0,728,0.331,29.4,68.3,31.07,-1.7,64.8,Eco,1,679.4,188.3,33.5,21.38,84.05,250.9,Normal Wear
LFP,64.0,495,0.596,33.0,93.0,27.11,14.6,72.8,Moderate,2,225.6,337.7,38.8,18.76,89.33,303.2,Healthy
NMC,100.0,1268,0.509,27.1,67.7,43.14,13.2,83.2,Eco,1,467.1,363.5,40.0,18.89,74.85,396.2,Replacement Required
NMC,45.0,926,0.832,22.2,82.6,38.82,30.8,44.8,Moderate,1,202.7,237.0,32.1,17.38,77.58,209.5,Degradation Warning
LFP,100.0,574,0.743,31.2,81.2,29.52,32.8,97.9,Moderate,0,669.3,359.4,36.9,24.27,86.04,361.4,Normal Wear
LFP,64.0,682,0.098,33.0,71.2,28.86,26.4,55.9,Moderate,2,733.1,246.4,38.4,18.55,90.09,314.7,Healthy
LFP,58.0,1339,0.631,29.1,47.2,44.08,33.2,91.0,Aggressive,1,264.5,353.2,34.0,25.66,78.54,179.6,Degradation Warning
NMC,100.0,594,0.319,17.0,52.0,29.64,-4.3,76.4,Aggressive,2,349.9,224.4,35.6,32.55,87.23,267.0,Normal Wear
NMC,100.0,661,0.596,18.3,53.2,31.58,13.8,84.2,Eco,2,885.7,90.6,33.0,19.1,84.55,443.3,Normal Wear
LFP,45.0,482,0.544,31.6,42.1,25.04,4.9,66.3,Eco,1,103.9,147.1,37.9,16.99,91.01,241.3,Healthy
NMC,64.0,874,0.452,24.8,60.9,36.44,3.1,69.5,Eco,1,543.5,176.3,36.7,19.34,81.13,270.0,Normal Wear
LFP,64.0,1257,0.732,29.1,73.6,43.13,27.1,111.8,Moderate,0,348.1,224.2,31.6,24.94,78.33,198.2,Degradation Warning
NMC,82.0,604,0.617,29.9,47.9,33.98,33.2,72.6,Aggressive,1,494.8,236.1,34.4,23.47,85.05,294.5,Normal Wear
NMC,45.0,962,0.762,26.3,49.6,37.99,-4.0,104.4,Eco,1,1002.5,411.5,34.1,28.57,78.46,121.3,Degradation Warning
NMC,82.0,635,0.275,25.5,78.9,28.66,-3.5,64.5,Moderate,1,1174.9,236.4,38.7,27.02,86.14,258.3,Normal Wear
NMC,82.0,177,0.329,26.2,49.3,20.7,23.2,95.1,Moderate,0,216.5,200.0,35.7,19.79,93.78,386.8,Healthy
NMC,82.0,291,0.548,30.5,47.4,21.21,-2.5,48.3,Moderate,1,73.3,196.2,34.5,22.65,89.99,328.1,Healthy
NMC,75.0,1281,0.823,29.9,93.8,46.09,30.0,116.7,Moderate,2,236.3,380.1,37.6,27.22,69.64,192.0,Replacement Required
LFP,82.0,1346,0.347,22.2,40.8,44.85,33.1,121.7,Aggressive,1,1047.1,204.7,30.9,36.0,83.1,189.5,Normal Wear
NMC,100.0,689,0.076,26.9,57.9,30.32,17.2,115.1,Eco,2,1055.4,344.8,31.3,26.68,86.63,327.5,Normal Wear
LFP,58.0,640,0.407,20.6,41.9,30.58,37.2,59.6,Moderate,1,344.1,157.2,39.0,18.44,89.05,277.4,Healthy
LFP,100.0,540,0.485,30.1,86.1,28.82,-8.9,52.6,Moderate,2,395.8,220.1,34.0,28.75,88.98,311.8,Healthy
NMC,100.0,1364,0.691,24.2,72.1,44.6,1.8,43.2,Aggressive,2,796.8,270.9,33.3,32.19,72.36,229.9,Replacement Required
NMC,64.0,78,0.633,31.3,42.6,20.95,30.2,112.3,Eco,1,410.1,267.6,34.2,22.52,96.45,275.1,Healthy
LFP,75.0,723,0.822,25.6,73.8,34.34,39.8,36.9,Aggressive,2,1084.9,272.8,40.0,28.53,84.65,218.8,Normal Wear
NMC,82.0,667,0.676,33.9,46.8,31.88,40.0,89.2,Eco,0,961.3,329.5,37.7,21.15,81.36,313.2,Normal Wear
LFP,64.0,1294,0.289,35.0,67.3,41.37,-10.0,58.1,Moderate,2,429.4,248.5,31.3,29.25,80.07,171.6,Normal Wear
LFP,45.0,910,0.563,29.7,76.8,37.15,22.9,43.8,Eco,2,1166.7,134.1,35.4,16.63,83.41,222.4,Normal Wear
LFP,45.0,455,0.588,24.8,48.2,27.24,-8.6,43.4,Eco,2,893.9,273.4,33.2,26.19,88.66,151.5,Healthy
NMC,64.0,165,0.848,21.4,67.3,21.13,26.4,112.1,Moderate,0,908.8,174.3,38.2,26.02,92.24,226.5,Healthy
NMC,58.0,878,0.161,32.8,65.2,33.26,29.9,111.0,Moderate,0,1152.4,175.2,32.3,27.23,81.99,170.3,Normal Wear
NMC,64.0,997,0.203,26.6,90.4,35.23,34.6,52.2,Moderate,0,516.8,115.0,36.1,17.92,81.78,292.0,Normal Wear
NMC,64.0,1395,0.174,27.3,94.8,45.0,17.5,28.4,Aggressive,1,49.7,388.5,34.4,21.24,76.93,231.9,Degradation Warning
LFP,75.0,264,0.521,24.7,76.0,23.21,34.2,111.9,Eco,0,1189.2,92.7,35.1,24.28,94.66,292.6,Healthy
NMC,45.0,320,0.158,18.7,87.0,22.03,38.0,30.7,Moderate,1,1122.3,83.2,35.8,20.55,91.32,204.2,Healthy
NMC,45.0,457,0.575,33.4,75.6,27.96,17.7,33.5,Eco,2,1159.4,323.7,37.9,17.87,85.31,212.6,Normal Wear
LFP,82.0,887,0.693,26.5,88.2,38.91,17.3,107.2,Moderate,1,568.7,316.7,33.3,25.35,83.32,263.6,Normal Wear
NMC,100.0,119,0.396,15.8,63.8,20.24,16.3,106.7,Moderate,0,197.5,192.7,32.2,23.76,93.99,395.5,Healthy
NMC,64.0,744,0.499,26.2,73.4,31.92,16.2,45.2,Eco,2,235.0,329.2,36.1,15.91,82.23,334.3,Normal Wear
NMC,64.0,833,0.78,18.9,86.5,34.47,30.3,28.8,Moderate,1,567.9,240.7,32.8,18.82,80.11,265.7,Normal Wear
LFP,58.0,499,0.506,30.5,90.5,29.61,-6.5,31.3,Eco,0,810.5,324.9,36.2,21.68,88.76,237.0,Healthy
NMC,45.0,434,0.217,29.7,41.4,22.04,13.5,70.3,Moderate,1,558.2,261.0,34.7,19.09,89.08,209.9,Healthy
LFP,58.0,184,0.325,36.0,45.7,20.6,17.2,66.8,Aggressive,1,473.5,326.4,32.7,22.83,94.3,237.1,Healthy
NMC,75.0,1345,0.474,18.1,91.2,47.56,1.2,43.2,Moderate,1,1156.2,340.4,32.5,26.55,74.47,204.7,Replacement Required
LFP,82.0,993,0.174,35.6,71.3,33.77,18.1,115.9,Aggressive,0,777.3,169.2,36.9,32.94,84.97,217.4,Normal Wear
LFP,58.0,1164,0.54,30.1,94.5,40.18,13.7,80.2,Eco,2,488.8,204.8,34.6,17.15,80.73,272.2,Normal Wear
NMC,45.0,107,0.849,18.8,83.6,22.48,28.4,105.7,Aggressive,1,827.8,246.6,32.7,30.0,94.55,138.7,Healthy
NMC,75.0,1260,0.572,38.0,85.0,42.67,8.4,35.4,Moderate,0,950.1,136.7,34.9,20.9,69.78,254.3,Replacement Required
NMC,64.0,592,0.348,26.3,61.2,28.79,39.4,122.3,Aggressive,0,440.9,409.6,32.9,36.0,86.6,149.2,Normal Wear
LFP,75.0,833,0.315,19.9,54.2,34.06,11.5,106.0,Moderate,0,570.1,393.4,35.6,26.32,87.3,246.2,Normal Wear
NMC,100.0,198,0.795,33.2,72.9,24.41,22.8,53.8,Moderate,2,770.2,341.9,36.0,20.06,90.97,447.7,Healthy
NMC,58.0,182,0.747,20.5,88.3,24.45,1.5,27.1,Moderate,1,765.1,139.4,35.2,22.86,92.55,231.0,Healthy
NMC,45.0,612,0.428,33.9,79.9,27.91,25.8,41.5,Moderate,0,210.6,228.6,33.9,16.41,83.23,225.4,Normal Wear
NMC,58.0,1025,0.333,25.8,66.0,39.02,16.7,66.9,Eco,1,596.4,394.5,32.2,17.5,80.54,268.2,Normal Wear
NMC,64.0,1213,0.618,24.9,81.4,44.59,7.8,25.3,Moderate,2,310.9,284.3,35.4,21.37,75.23,228.5,Degradation Warning
NMC,64.0,320,0.302,19.2,78.0,24.22,8.1,29.1,Moderate,2,1096.3,204.9,32.8,23.85,91.21,248.1,Healthy
NMC,45.0,393,0.146,20.7,90.2,22.38,9.5,34.9,Aggressive,0,595.8,102.1,33.5,22.94,90.25,175.8,Healthy
LFP,100.0,727,0.298,28.0,54.5,29.91,12.7,106.0,Aggressive,2,919.9,105.0,34.9,32.57,90.26,281.1,Healthy
LFP,82.0,222,0.397,17.2,46.6,22.18,2.9,79.7,Eco,0,53.0,307.4,36.0,18.17,94.68,422.8,Healthy
NMC,75.0,66,0.254,31.1,65.9,18.62,4.4,44.1,Eco,1,457.9,179.0,38.9,18.93,96.08,385.5,Healthy
LFP,75.0,482,0.223,23.9,59.9,27.39,39.8,51.4,Moderate,0,190.6,243.9,33.2,19.06,91.4,359.3,Healthy
LFP,64.0,427,0.055,24.6,93.6,23.29,5.7,89.2,Moderate,0,471.6,333.0,33.6,23.03,93.11,261.9,Healthy
LFP,58.0,1237,0.555,30.5,40.4,43.82,22.6,56.9,Eco,1,954.0,134.0,30.4,16.94,81.84,281.6,Normal Wear
NMC,58.0,446,0.542,25.8,91.3,27.86,8.0,93.2,Moderate,1,1112.3,97.2,35.3,24.43,86.88,206.6,Normal Wear
NMC,100.0,949,0.2,34.4,92.5,34.4,32.2,102.8,Eco,1,1099.5,201.8,32.0,23.34,79.96,346.0,Degradation Warning
NMC,82.0,336,0.805,14.7,42.8,26.02,26.2,55.7,Moderate,0,142.6,126.9,37.2,16.0,89.73,458.2,Healthy
LFP,58.0,440,0.378,31.8,88.9,24.15,7.1,61.7,Eco,2,361.8,248.6,35.7,18.89,90.08,279.9,Healthy
NMC,75.0,1312,0.07,27.1,65.9,40.39,27.3,30.0,Aggressive,0,792.5,263.5,32.0,23.96,81.03,252.7,Normal Wear
NMC,58.0,282,0.226,23.1,82.1,21.24,29.4,107.0,Eco,1,244.2,108.7,34.9,19.36,91.7,285.3,Healthy
NMC,82.0,185,0.604,32.7,44.4,22.95,-2.8,85.6,Moderate,1,61.7,347.5,35.1,24.87,90.74,294.9,Healthy
NMC,75.0,447,0.211,30.5,92.5,27.92,20.1,113.8,Moderate,2,1144.4,78.2,37.9,26.89,87.73,246.4,Normal Wear
NMC,58.0,416,0.093,28.4,73.4,24.46,32.0,43.9,Eco,2,395.4,190.4,36.1,15.79,88.84,327.5,Healthy
NMC,75.0,1259,0.544,25.5,89.4,41.95,-7.4,121.1,Eco,2,503.9,86.4,33.0,32.85,74.61,173.5,Replacement Required
NMC,64.0,815,0.465,22.8,77.0,33.52,16.4,95.7,Eco,2,327.0,317.5,39.4,18.84,81.84,275.2,Normal Wear
NMC,64.0,126,0.659,20.5,69.5,22.73,33.7,44.7,Eco,1,390.2,377.5,32.2,17.59,93.95,340.4,Healthy
LFP,100.0,117,0.668,35.2,49.5,20.38,39.5,71.3,Eco,0,1156.9,191.9,39.3,19.55,96.27,489.0,Healthy
LFP,64.0,1273,0.818,32.0,49.8,47.17,24.1,94.9,Moderate,2,230.1,184.9,35.2,19.34,77.32,257.3,Degradation Warning
LFP,58.0,1300,0.096,30.4,66.0,42.4,7.0,26.7,Moderate,2,593.9,313.0,31.7,23.33,84.95,216.0,Normal Wear
LFP,82.0,62,0.081,24.4,87.9,16.43,21.5,103.0,Eco,0,765.8,375.0,33.1,22.14,98.42,364.3,Healthy
NMC,75.0,261,0.84,39.2,46.3,22.96,-8.6,119.8,Eco,0,269.3,380.5,36.2,29.56,89.81,230.7,Healthy
NMC,45.0,114,0.566,22.8,94.9,21.88,13.7,33.1,Moderate,1,858.8,274.5,38.3,20.13,94.28,221.0,Healthy
LFP,64.0,207,0.622,24.7,88.2,23.65,27.8,114.8,Moderate,2,819.0,277.9,33.0,27.59,95.19,220.9,Healthy
NMC,64.0,404,0.127,37.9,61.6,24.41,-8.1,71.4,Eco,0,1145.7,286.8,33.8,23.09,88.24,236.3,Healthy
NMC,45.0,838,0.106,26.7,53.9,35.61,21.4,76.6,Eco,1,552.4,247.8,32.4,15.91,85.19,241.7,Normal Wear
NMC,45.0,1210,0.178,37.4,90.7,39.15,20.6,109.0,Eco,2,461.6,255.8,33.4,21.17,74.15,161.5,Replacement Required
NMC,58.0,1168,0.392,29.3,46.8,42.54,-0.1,84.0,Aggressive,2,433.3,103.1,33.2,30.29,78.73,147.3,Degradation Warning
NMC,75.0,106,0.138,23.9,59.1,17.73,19.6,60.1,Eco,1,437.2,413.9,33.3,16.9,95.37,420.8,Healthy
NMC,64.0,508,0.407,25.8,44.6,27.91,11.3,98.3,Eco,1,45.2,91.7,35.6,18.36,88.02,303.5,Healthy
NMC,82.0,245,0.499,22.7,92.4,23.27,14.9,38.8,Moderate,1,283.5,238.1,32.9,18.61,91.12,403.4,Healthy
LFP,58.0,364,0.05,31.2,74.0,23.58,6.9,91.6,Aggressive,1,144.0,344.9,35.1,27.77,92.57,191.0,Healthy
NMC,58.0,537,0.141,34.3,58.5,25.73,32.1,102.5,Moderate,1,1056.7,274.1,39.0,25.41,86.95,204.1,Normal Wear
NMC,82.0,1074,0.35,29.8,55.2,41.45,9.0,58.5,Eco,1,67.5,103.6,31.9,16.64,80.06,397.6,Normal Wear
NMC,82.0,315,0.093,28.7,64.4,20.53,31.1,122.0,Eco,1,438.2,264.4,36.9,25.57,90.9,298.3,Healthy
LFP,100.0,433,0.157,20.8,45.0,24.17,-6.0,89.1,Aggressive,0,263.3,386.9,31.9,32.01,92.21,289.6,Healthy
NMC,82.0,154,0.235,33.6,88.9,21.7,4.5,34.6,Aggressive,2,774.7,287.7,34.5,30.22,93.09,256.0,Healthy
NMC,45.0,544,0.394,32.0,68.1,29.66,10.9,121.6,Moderate,1,391.6,342.8,35.8,30.07,86.82,132.7,Normal Wear
NMC,64.0,1028,0.622,28.7,79.9,38.86,11.0,99.4,Moderate,1,19.9,231.9,35.2,22.1,76.74,219.7,Degradation Warning
NMC,100.0,23,0.156,25.2,52.9,17.21,12.9,94.6,Moderate,2,1072.6,179.2,36.5,24.9,97.08,393.1,Healthy
LFP,45.0,197,0.64,27.3,67.7,21.49,23.9,50.3,Eco,1,763.7,140.0,32.6,15.81,95.72,275.4,Healthy
LFP,100.0,765,0.734,21.5,51.6,33.73,19.9,72.3,Moderate,2,1.7,367.2,35.0,17.55,85.73,485.2,Normal Wear
NMC,64.0,278,0.571,18.2,84.9,23.55,17.1,115.1,Moderate,1,815.6,317.3,32.7,28.26,89.61,196.1,Healthy
NMC,100.0,671,0.085,25.2,82.6,30.64,33.6,55.8,Moderate,2,259.7,132.3,35.3,18.32,85.41,466.4,Normal Wear
LFP,45.0,1108,0.403,21.8,48.2,37.05,0.2,67.3,Eco,2,1156.3,263.1,37.6,23.59,85.28,163.5,Normal Wear
NMC,75.0,1060,0.578,24.0,44.1,40.72,34.7,50.7,Aggressive,1,533.8,318.4,38.1,24.43,78.87,238.5,Degradation Warning
NMC,64.0,1243,0.833,24.1,85.3,44.38,32.2,46.6,Moderate,1,267.8,268.8,36.9,17.98,72.5,259.6,Replacement Required
NMC,58.0,563,0.811,26.5,46.0,31.87,0.2,29.4,Aggressive,2,36.3,402.3,35.9,29.45,83.94,166.3,Normal Wear
LFP,64.0,1255,0.367,26.1,70.2,43.0,22.5,98.7,Moderate,1,70.5,134.7,35.7,19.29,82.4,274.9,Normal Wear
NMC,64.0,454,0.543,12.0,69.4,27.3,1.6,34.1,Eco,0,67.7,320.0,35.4,17.9,87.76,311.4,Normal Wear
NMC,64.0,1316,0.763,29.1,51.2,44.99,39.0,78.1,Moderate,1,37.8,285.8,37.7,18.97,71.58,242.6,Replacement Required
LFP,75.0,309,0.715,27.8,72.5,24.67,15.6,30.0,Aggressive,2,658.2,391.6,29.9,26.07,92.18,267.2,Healthy
NMC,45.0,822,0.434,32.8,67.7,33.66,0.6,123.4,Eco,1,1015.9,371.9,35.1,31.87,80.21,117.7,Normal Wear
NMC,58.0,502,0.259,25.7,68.0,24.64,23.1,95.9,Moderate,1,415.3,297.0,35.5,20.88,89.02,241.5,Healthy
LFP,45.0,253,0.16,33.5,59.8,21.13,26.8,88.0,Aggressive,1,418.5,222.6,32.4,23.16,94.66,195.2,Healthy
NMC,100.0,427,0.44,26.1,86.1,25.34,21.5,43.6,Moderate,0,124.9,127.4,28.9,17.41,89.91,521.4,Healthy
NMC,100.0,713,0.628,29.0,44.6,32.47,2.6,77.8,Eco,0,1.4,351.0,33.1,18.79,83.27,444.3,Normal Wear
NMC,100.0,1189,0.826,21.5,64.1,43.49,28.2,75.4,Moderate,2,1142.1,358.6,38.4,21.55,73.9,344.4,Replacement Required
NMC,45.0,581,0.739,33.8,54.3,31.96,38.3,60.9,Moderate,2,549.2,196.7,40.0,19.99,83.54,182.6,Normal Wear
NMC,82.0,449,0.213,34.8,86.7,26.75,39.5,40.6,Moderate,0,884.9,149.2,29.0,21.67,86.23,325.4,Normal Wear
NMC,75.0,451,0.626,38.3,52.4,29.42,25.3,61.7,Moderate,2,1041.9,396.1,36.7,20.89,84.11,305.3,Normal Wear
NMC,82.0,516,0.281,23.7,82.2,27.5,33.7,85.9,Aggressive,2,134.4,234.1,34.5,23.94,87.88,299.9,Normal Wear
LFP,100.0,1002,0.597,30.2,73.6,38.15,40.9,73.7,Eco,1,315.1,327.7,34.0,18.78,82.15,435.4,Normal Wear
NMC,75.0,1132,0.583,18.4,88.1,39.57,-7.7,82.0,Eco,1,602.4,287.6,32.0,24.4,76.36,234.7,Degradation Warning
NMC,45.0,1016,0.268,15.7,72.7,39.86,14.8,82.2,Eco,1,356.9,314.9,35.1,16.72,80.17,216.9,Normal Wear
NMC,100.0,916,0.238,30.4,70.6,36.88,5.2,49.5,Moderate,1,63.9,76.5,29.0,20.76,81.49,390.4,Normal Wear
LFP,45.0,846,0.133,26.3,84.1,33.79,14.7,36.1,Eco,1,1071.4,289.2,37.2,18.19,88.4,219.3,Healthy
NMC,75.0,1284,0.09,19.3,70.9,42.01,37.7,77.2,Moderate,2,299.8,262.4,40.0,20.11,81.14,304.0,Normal Wear
NMC,45.0,797,0.737,28.1,86.4,34.94,41.1,114.2,Aggressive,0,87.3,333.7,33.6,32.77,80.31,107.6,Normal Wear
NMC,45.0,242,0.09,32.6,42.7,20.54,37.1,124.5,Eco,2,506.8,398.2,31.1,28.86,91.11,138.5,Healthy
NMC,58.0,487,0.121,27.4,67.2,26.57,0.3,103.6,Moderate,0,965.3,360.5,31.3,29.65,88.33,173.3,Healthy
NMC,82.0,588,0.241,34.4,84.7,25.94,31.7,47.1,Moderate,2,202.1,224.8,33.9,18.11,85.75,388.4,Normal Wear
LFP,82.0,1365,0.76,23.0,86.7,46.13,32.5,88.0,Eco,1,524.3,278.5,31.6,19.01,76.5,327.7,Degradation Warning
NMC,82.0,394,0.316,33.5,85.9,24.79,20.1,48.9,Eco,2,222.6,153.5,34.8,14.52,88.8,502.4,Healthy
NMC,64.0,1155,0.203,24.7,73.2,37.01,27.2,82.6,Aggressive,2,981.7,70.8,36.2,23.1,80.03,223.7,Normal Wear
NMC,58.0,546,0.622,34.4,94.7,27.87,37.1,73.1,Aggressive,0,627.4,120.9,34.0,22.94,83.88,209.1,Normal Wear
LFP,100.0,431,0.305,19.4,50.0,24.66,41.7,63.2,Aggressive,2,694.0,95.3,34.6,26.68,92.23,344.7,Healthy
NMC,100.0,288,0.317,28.4,49.6,22.76,-7.9,89.2,Moderate,2,897.1,332.5,36.6,32.53,91.05,280.5,Healthy
NMC,100.0,645,0.641,28.4,41.8,33.56,3.4,110.8,Moderate,1,1127.6,135.7,34.0,31.54,83.14,268.0,Normal Wear
NMC,82.0,1295,0.251,29.9,94.4,41.87,38.6,58.7,Aggressive,1,127.0,109.0,38.4,22.1,75.6,281.6,Degradation Warning
NMC,82.0,1031,0.767,24.9,59.1,42.48,7.1,73.6,Moderate,0,1014.7,169.8,36.9,21.75,77.03,292.5,Degradation Warning
NMC,58.0,469,0.499,29.6,81.9,26.5,-4.5,70.6,Aggressive,1,569.1,396.8,35.5,31.5,86.88,156.8,Normal Wear
NMC,45.0,821,0.48,25.8,43.3,34.15,6.3,49.9,Moderate,1,768.6,166.2,34.9,21.34,82.27,179.6,Normal Wear
NMC,82.0,841,0.262,23.8,56.4,31.61,17.0,67.1,Moderate,0,1023.3,299.9,35.8,20.52,83.14,328.7,Normal Wear
NMC,100.0,274,0.718,35.5,74.3,24.27,10.1,27.2,Moderate,1,392.0,361.8,37.7,21.32,90.34,426.2,Healthy
NMC,45.0,1311,0.508,27.5,68.9,41.99,31.0,76.7,Aggressive,1,1043.4,360.1,34.8,25.4,76.08,135.1,Degradation Warning
NMC,82.0,145,0.174,17.9,51.4,23.01,21.8,97.1,Aggressive,2,757.7,400.3,37.0,28.72,94.68,268.9,Healthy
NMC,75.0,781,0.215,23.0,65.4,30.66,12.6,61.8,Eco,1,334.8,196.9,36.6,16.44,85.73,389.3,Normal Wear
LFP,64.0,818,0.425,35.7,46.0,34.34,41.9,99.7,Eco,1,1103.8,240.8,31.2,24.24,84.14,224.1,Normal Wear
LFP,82.0,1377,0.674,21.5,69.8,46.01,36.1,100.1,Moderate,1,69.4,153.1,38.3,21.84,78.52,291.7,Degradation Warning
LFP,75.0,584,0.801,30.2,45.3,31.21,34.8,123.4,Moderate,1,708.7,92.7,34.6,29.99,86.52,215.2,Normal Wear
LFP,58.0,475,0.581,22.8,75.0,27.89,19.5,79.6,Moderate,1,20.2,412.4,32.1,17.98,89.94,285.8,Healthy
NMC,75.0,1110,0.455,18.4,48.5,41.07,30.6,65.4,Eco,2,98.0,373.3,37.5,15.95,78.86,369.6,Degradation Warning
LFP,58.0,1109,0.251,29.9,70.1,39.29,7.5,89.0,Aggressive,1,120.2,180.3,34.9,25.46,84.41,194.4,Normal Wear
NMC,82.0,931,0.588,25.0,47.1,37.44,7.2,87.7,Moderate,1,1073.1,346.5,32.5,26.13,80.18,252.0,Normal Wear
NMC,58.0,881,0.836,36.5,62.0,38.33,36.4,123.7,Aggressive,1,670.4,360.4,37.0,36.0,76.98,119.9,Degradation Warning
NMC,75.0,636,0.431,33.8,59.4,30.75,21.0,95.8,Aggressive,2,312.0,155.8,34.7,24.26,83.87,259.1,Normal Wear
NMC,64.0,419,0.18,34.6,81.6,22.93,7.9,55.7,Aggressive,1,468.8,396.8,34.8,26.63,88.77,220.9,Healthy
LFP,45.0,306,0.133,33.4,75.3,21.62,34.0,43.8,Moderate,0,1005.7,182.2,36.1,19.62,93.31,209.2,Healthy
NMC,45.0,205,0.265,31.1,91.5,21.51,13.0,104.3,Moderate,2,684.1,268.8,30.6,26.13,91.14,157.7,Healthy
NMC,64.0,303,0.506,18.8,90.7,23.38,10.8,43.0,Aggressive,1,38.0,349.2,36.0,23.24,89.64,250.3,Healthy
LFP,100.0,669,0.807,25.6,79.9,33.65,-8.6,87.7,Moderate,2,1045.5,276.5,37.1,32.68,85.82,258.1,Normal Wear
NMC,45.0,710,0.289,31.0,82.4,32.26,25.3,38.2,Moderate,0,646.2,160.8,35.4,17.26,83.73,216.5,Normal Wear
NMC,82.0,256,0.294,25.3,74.4,21.05,17.7,96.9,Aggressive,2,235.4,396.5,35.3,26.54,92.06,288.4,Healthy
LFP,100.0,1061,0.435,26.8,78.0,40.05,6.2,103.3,Eco,0,858.2,71.2,38.7,22.91,84.79,366.9,Normal Wear
NMC,82.0,834,0.785,31.3,73.9,36.26,-2.8,124.1,Aggressive,2,640.7,253.7,31.2,36.0,78.61,181.3,Degradation Warning
NMC,75.0,947,0.385,33.3,57.1,36.34,-0.5,120.4,Moderate,2,227.2,85.7,36.6,33.07,80.11,184.1,Normal Wear
NMC,75.0,433,0.229,21.5,59.3,26.05,1.7,96.4,Eco,1,780.1,299.2,35.9,24.32,88.63,270.7,Healthy
NMC,100.0,28,0.181,31.0,71.6,17.35,35.0,52.8,Moderate,0,769.7,84.8,31.5,20.01,97.88,489.1,Healthy
LFP,100.0,439,0.416,30.4,79.6,23.01,15.0,29.4,Moderate,2,1145.7,89.8,35.0,20.81,91.24,446.4,Healthy
NMC,100.0,48,0.691,21.1,62.3,17.9,26.2,80.5,Eco,0,317.1,242.6,37.1,16.06,97.14,603.0,Healthy
NMC,100.0,367,0.283,24.6,47.8,24.68,14.0,101.6,Moderate,2,658.0,310.7,36.5,25.59,89.48,354.4,Healthy
NMC,58.0,680,0.46,27.9,65.3,31.19,14.6,26.1,Aggressive,0,385.2,217.3,34.6,21.73,85.6,230.9,Normal Wear
NMC,100.0,595,0.532,35.3,93.0,28.17,32.8,77.5,Aggressive,1,357.8,389.9,33.4,24.91,82.38,331.1,Normal Wear
LFP,100.0,469,0.41,24.5,51.8,26.05,30.1,113.3,Moderate,1,606.8,394.5,35.3,28.02,90.98,325.7,Healthy
NMC,75.0,399,0.203,29.5,75.7,22.16,2.1,88.7,Moderate,2,857.8,227.0,34.6,27.18,89.78,251.2,Healthy
NMC,82.0,718,0.787,34.0,94.0,33.96,22.5,93.4,Moderate,1,725.8,280.8,36.0,21.78,78.22,292.3,Degradation Warning
NMC,75.0,385,0.502,38.1,60.7,27.22,25.4,72.4,Eco,1,140.8,412.7,33.3,15.98,86.55,406.1,Normal Wear
LFP,45.0,1270,0.633,28.4,88.8,43.34,11.0,119.3,Aggressive,0,1106.9,357.6,34.6,36.0,79.31,90.8,Degradation Warning
LFP,58.0,1161,0.559,14.3,87.5,41.87,-6.4,62.5,Moderate,1,850.5,117.0,37.4,25.46,80.31,190.2,Normal Wear
NMC,58.0,431,0.848,32.5,58.6,28.59,9.3,62.9,Eco,1,695.2,94.9,38.0,17.52,85.34,282.0,Normal Wear
NMC,82.0,970,0.415,28.3,45.4,38.81,8.6,76.8,Moderate,0,173.1,269.3,32.6,19.69,81.18,340.5,Normal Wear
NMC,100.0,375,0.39,21.9,49.8,26.36,25.9,83.6,Eco,2,161.9,364.9,31.9,17.2,88.91,519.6,Healthy
LFP,75.0,273,0.338,31.3,60.1,20.58,32.1,78.7,Eco,0,352.2,335.0,29.7,17.54,94.79,406.0,Healthy
NMC,45.0,746,0.339,38.2,92.8,31.73,10.6,106.9,Eco,1,1107.7,289.3,34.1,24.75,80.99,145.5,Normal Wear
LFP,75.0,700,0.271,28.3,55.1,29.56,23.6,108.5,Eco,1,176.4,362.2,39.3,21.09,89.81,315.2,Healthy
NMC,100.0,1124,0.835,17.3,91.0,41.77,23.4,38.2,Moderate,1,785.6,115.6,36.4,18.53,73.94,394.1,Replacement Required
LFP,100.0,1089,0.747,35.7,50.0,42.2,23.7,84.6,Aggressive,0,773.9,234.8,37.2,24.85,78.69,313.7,Degradation Warning
NMC,64.0,1092,0.303,27.1,93.3,38.89,18.8,123.4,Eco,1,110.3,346.3,35.1,24.54,79.57,208.9,Degradation Warning
NMC,75.0,829,0.294,31.3,56.1,34.27,22.7,85.0,Aggressive,1,848.8,126.0,36.6,23.7,81.83,261.9,Normal Wear
NMC,82.0,1326,0.133,27.4,74.8,39.57,35.1,93.8,Eco,2,571.5,200.7,33.8,20.17,79.72,323.0,Degradation Warning
NMC,75.0,492,0.752,29.7,43.8,30.47,37.9,111.1,Eco,1,600.9,230.7,35.4,24.13,85.28,265.3,Normal Wear
LFP,58.0,435,0.347,31.0,56.5,26.3,-5.2,111.7,Moderate,2,6.6,96.3,36.5,31.27,91.66,169.9,Healthy
LFP,45.0,998,0.508,31.8,51.6,39.94,-9.4,26.7,Moderate,0,1076.2,77.9,38.3,24.21,83.48,152.4,Normal Wear
LFP,82.0,619,0.77,27.9,40.2,31.27,17.0,48.9,Moderate,0,732.4,247.7,36.2,19.14,87.35,376.6,Normal Wear
NMC,64.0,1164,0.376,22.4,48.6,41.83,11.5,111.3,Moderate,0,725.4,387.4,35.0,28.08,80.69,186.9,Normal Wear
NMC,45.0,1046,0.695,28.2,72.6,40.44,13.5,91.7,Moderate,2,466.9,105.9,32.5,20.82,77.77,158.8,Degradation Warning
LFP,45.0,1359,0.394,31.7,61.4,44.71,13.8,88.2,Moderate,2,842.1,115.3,34.3,21.05,80.1,175.6,Normal Wear
NMC,58.0,479,0.611,22.5,79.7,27.66,36.5,111.0,Eco,1,999.6,90.2,36.2,23.9,86.89,208.5,Normal Wear
NMC,58.0,1270,0.395,20.4,76.9,42.66,23.1,105.7,Eco,1,594.0,196.8,34.4,20.49,77.17,222.0,Degradation Warning
NMC,58.0,98,0.364,35.0,84.0,17.97,13.0,100.1,Eco,1,654.1,207.9,32.4,21.18,94.35,259.7,Healthy
NMC,82.0,794,0.843,37.1,87.7,35.46,13.6,29.7,Eco,2,250.0,414.2,36.6,17.7,76.88,356.9,Degradation Warning
NMC,75.0,1114,0.54,27.2,85.1,39.81,33.9,103.2,Aggressive,1,423.8,358.0,34.9,30.13,76.99,190.3,Degradation Warning
NMC,45.0,915,0.344,30.6,64.6,35.02,1.3,45.1,Eco,2,561.8,197.9,33.1,21.28,80.06,164.8,Normal Wear
NMC,75.0,1240,0.256,29.3,57.0,41.12,-9.2,27.6,Moderate,0,793.5,203.3,29.5,25.65,78.47,224.5,Degradation Warning
LFP,75.0,77,0.082,13.9,67.6,16.84,14.9,74.2,Aggressive,1,1118.1,215.7,35.1,25.45,96.89,278.5,Healthy
NMC,58.0,643,0.615,28.2,69.4,31.54,39.9,119.2,Aggressive,1,164.5,276.6,34.0,35.27,82.46,136.1,Normal Wear
NMC,75.0,67,0.348,35.8,57.2,18.41,32.3,113.6,Eco,1,634.8,376.8,40.0,24.71,96.73,292.6,Healthy
NMC,45.0,1228,0.707,20.0,69.7,43.93,11.2,123.2,Aggressive,1,733.2,150.3,38.4,36.0,73.85,95.7,Replacement Required
LFP,45.0,858,0.341,19.4,45.8,34.17,-0.9,49.7,Aggressive,0,990.6,155.9,32.2,28.17,87.52,140.9,Normal Wear
NMC,100.0,184,0.349,22.6,52.7,20.45,19.6,94.5,Moderate,2,1012.3,416.7,38.0,24.34,94.64,389.0,Healthy
NMC,64.0,1374,0.673,24.2,81.0,47.04,35.7,30.6,Moderate,2,792.8,241.2,35.2,20.82,71.45,217.1,Replacement Required
NMC,82.0,349,0.442,31.0,50.1,26.08,27.3,105.3,Moderate,1,233.6,309.6,37.6,23.1,89.25,319.0,Healthy
NMC,75.0,1164,0.758,34.9,47.6,42.42,18.1,77.4,Aggressive,0,935.8,352.9,40.0,24.84,70.81,210.2,Replacement Required
NMC,82.0,232,0.522,34.8,55.8,22.13,28.2,124.6,Moderate,0,694.3,241.3,33.7,30.23,90.62,245.4,Healthy
LFP,82.0,526,0.243,30.9,60.4,27.43,40.2,49.0,Moderate,2,1153.6,75.7,33.9,22.69,90.32,331.7,Healthy
LFP,82.0,935,0.505,17.5,58.1,36.86,18.7,103.5,Aggressive,1,1143.9,332.4,32.6,32.19,86.2,221.2,Normal Wear
NMC,100.0,820,0.053,17.4,60.6,30.56,18.9,42.1,Eco,1,662.0,274.1,37.2,16.91,84.86,497.5,Normal Wear
NMC,82.0,187,0.3,31.4,47.7,19.64,14.9,53.7,Moderate,2,1132.0,377.2,37.0,22.45,93.44,340.1,Healthy
LFP,100.0,1014,0.216,17.5,49.1,35.86,19.5,54.6,Moderate,1,30.9,350.2,39.4,17.53,89.32,506.0,Healthy
NMC,45.0,849,0.573,30.3,53.0,34.18,23.0,82.8,Moderate,2,1098.6,208.2,36.6,19.94,81.75,186.5,Normal Wear
LFP,75.0,1015,0.159,28.7,62.1,36.78,0.6,61.5,Moderate,1,1157.5,84.9,31.5,25.11,85.33,255.4,Normal Wear
NMC,100.0,1006,0.282,24.2,58.5,37.73,19.5,68.9,Eco,1,1174.9,262.4,38.7,18.41,82.01,449.5,Normal Wear
LFP,64.0,806,0.315,12.0,83.5,32.04,-9.3,77.2,Eco,1,933.6,413.4,35.8,25.47,88.78,228.1,Healthy
LFP,82.0,446,0.053,28.2,68.9,22.6,38.8,30.6,Eco,2,216.8,130.0,34.4,17.01,92.2,441.8,Healthy
LFP,64.0,1264,0.087,30.1,71.7,41.01,-8.0,91.5,Aggressive,0,1169.6,247.5,32.7,34.77,85.13,158.6,Normal Wear
LFP,45.0,1035,0.299,23.7,70.8,37.53,39.8,89.9,Moderate,0,513.5,111.9,37.4,20.31,85.7,186.7,Normal Wear
NMC,45.0,1053,0.228,20.4,61.9,40.19,40.4,121.5,Eco,0,565.5,398.7,31.5,27.69,82.23,136.5,Normal Wear
LFP,58.0,1163,0.144,28.8,93.9,39.92,17.4,38.3,Moderate,1,18.2,359.6,39.6,16.9,85.01,293.4,Normal Wear
NMC,82.0,1290,0.173,18.3,42.1,40.49,7.3,28.1,Moderate,1,412.0,258.0,35.0,21.17,81.77,317.7,Normal Wear
NMC,58.0,1264,0.718,30.7,51.9,43.45,-0.4,38.3,Eco,0,308.6,293.6,29.5,19.63,73.58,216.4,Replacement Required
LFP,64.0,792,0.597,33.3,55.7,34.8,-1.6,67.2,Aggressive,0,539.8,296.1,35.9,27.48,83.52,194.6,Normal Wear
LFP,75.0,1101,0.437,15.2,88.5,39.58,2.4,46.4,Moderate,1,323.0,403.8,35.6,23.25,82.37,259.9,Normal Wear
LFP,58.0,1171,0.777,23.8,90.5,42.95,14.8,46.6,Moderate,1,536.7,409.8,34.5,19.97,79.22,233.9,Degradation Warning
NMC,45.0,736,0.074,26.7,86.5,30.24,28.6,111.9,Moderate,1,177.1,302.8,39.5,24.07,85.52,152.2,Normal Wear
LFP,82.0,105,0.326,26.9,62.9,19.99,10.7,57.4,Moderate,0,1142.4,172.9,37.7,21.42,96.47,374.0,Healthy
LFP,64.0,123,0.709,21.7,90.3,23.94,30.6,66.7,Moderate,0,797.0,293.8,31.6,20.13,95.29,298.5,Healthy
NMC,100.0,162,0.553,19.0,45.4,23.15,19.4,93.4,Moderate,2,1186.1,264.6,36.5,23.64,92.53,395.2,Healthy
NMC,45.0,224,0.835,24.2,75.9,23.27,-9.0,59.0,Aggressive,1,5.8,346.2,37.2,30.05,91.16,135.1,Healthy
NMC,100.0,660,0.806,30.9,91.5,32.39,-3.1,80.4,Moderate,2,1003.0,372.1,33.8,30.13,81.64,270.6,Normal Wear
NMC,75.0,1081,0.186,30.4,81.5,34.91,19.8,77.3,Eco,1,101.1,293.2,34.2,15.09,80.77,400.2,Normal Wear
LFP,82.0,1352,0.828,30.5,55.3,47.26,-1.6,51.2,Moderate,1,928.6,250.9,34.9,25.68,76.69,241.4,Degradation Warning
NMC,75.0,1095,0.806,34.5,79.5,41.11,21.6,96.7,Moderate,1,1107.0,369.9,31.2,25.0,71.98,213.0,Replacement Required
LFP,75.0,20,0.349,20.7,56.2,17.47,13.2,108.4,Moderate,0,168.8,226.2,34.1,24.2,98.85,313.6,Healthy
LFP,82.0,30,0.836,24.7,46.1,19.63,25.9,103.3,Eco,1,1147.4,237.0,35.1,22.24,96.96,353.4,Healthy
NMC,82.0,766,0.079,25.9,79.4,29.79,5.2,64.5,Eco,1,523.5,76.0,37.8,18.42,85.94,384.4,Normal Wear
LFP,100.0,1257,0.579,12.0,49.9,41.76,32.7,118.3,Eco,1,413.0,95.2,33.4,24.29,82.41,336.8,Normal Wear
NMC,75.0,975,0.263,28.3,46.1,35.69,10.2,114.9,Moderate,1,954.9,220.4,35.2,29.94,82.8,210.6,Normal Wear
LFP,64.0,774,0.154,26.8,70.3,32.08,31.4,51.7,Moderate,0,1023.7,72.7,32.6,19.32,89.36,296.1,Healthy
NMC,100.0,537,0.512,20.2,74.1,28.0,-9.0,37.4,Moderate,1,1003.8,141.2,33.1,28.13,85.4,306.0,Normal Wear
LFP,82.0,1051,0.295,32.2,42.8,38.57,10.4,114.4,Eco,2,748.8,307.9,33.1,27.07,84.05,256.1,Normal Wear
NMC,45.0,24,0.583,31.8,40.2,18.15,1.4,99.5,Aggressive,1,355.4,290.1,33.7,32.34,97.47,132.9,Healthy
NMC,100.0,713,0.482,29.4,88.5,32.15,13.1,56.1,Aggressive,1,331.9,268.4,35.3,23.83,83.17,347.5,Normal Wear
LFP,58.0,131,0.364,16.7,46.3,21.43,39.2,55.5,Moderate,0,274.4,358.8,36.2,19.4,94.62,282.2,Healthy
NMC,64.0,1023,0.195,21.2,72.1,36.05,-1.7,57.2,Moderate,2,175.8,196.5,37.4,24.06,80.98,213.8,Normal Wear
NMC,100.0,292,0.531,28.8,92.4,24.3,-5.4,111.1,Aggressive,1,471.1,301.0,31.8,36.0,90.78,248.8,Healthy
NMC,82.0,441,0.713,23.8,68.2,28.41,-7.0,49.0,Moderate,2,1027.3,295.6,36.0,30.16,88.16,244.0,Healthy
LFP,82.0,284,0.53,25.6,47.7,24.19,-3.6,90.1,Moderate,0,1195.4,300.7,31.3,28.33,93.25,271.6,Healthy
NMC,64.0,231,0.538,20.4,61.6,23.49,-6.8,108.4,Aggressive,1,832.3,305.9,28.3,36.0,92.13,162.5,Healthy
NMC,58.0,1121,0.459,28.2,74.3,40.47,25.6,63.7,Moderate,1,187.4,350.8,35.9,17.25,78.0,258.7,Degradation Warning
NMC,100.0,801,0.361,36.0,82.0,31.95,-3.9,31.1,Eco,1,808.3,282.9,35.5,23.34,80.38,343.7,Normal Wear
NMC,100.0,685,0.416,28.9,73.4,30.7,0.3,100.9,Aggressive,0,330.4,376.7,37.5,32.99,83.33,247.5,Normal Wear
NMC,75.0,1264,0.842,32.8,41.9,46.02,23.6,27.0,Aggressive,1,861.2,219.7,32.5,23.77,70.91,225.3,Replacement Required
NMC,45.0,388,0.65,32.3,47.9,27.5,13.2,108.1,Aggressive,1,283.5,410.7,33.9,31.3,87.18,123.8,Normal Wear
NMC,82.0,977,0.394,24.9,60.4,36.02,-7.2,61.1,Aggressive,0,196.9,81.8,36.0,26.12,81.12,252.8,Normal Wear
NMC,100.0,366,0.416,25.9,78.8,25.98,40.5,105.1,Moderate,2,761.4,116.9,34.2,27.44,89.81,331.4,Healthy
NMC,100.0,44,0.45,35.8,72.1,18.01,21.2,79.5,Aggressive,0,822.2,99.3,34.3,23.21,97.05,416.3,Healthy
LFP,100.0,995,0.577,31.4,42.5,38.76,21.9,60.9,Aggressive,0,221.7,223.4,35.8,21.12,82.54,396.5,Normal Wear
NMC,58.0,1397,0.423,32.8,83.8,45.71,34.3,114.9,Moderate,0,614.4,275.8,37.5,27.42,72.27,149.4,Replacement Required
NMC,45.0,436,0.599,28.0,73.3,26.22,37.3,101.7,Moderate,1,1056.8,224.9,38.4,25.72,87.03,148.9,Normal Wear
LFP,100.0,534,0.313,24.6,88.8,27.23,-7.0,33.1,Moderate,0,821.8,143.5,36.9,24.36,91.03,372.6,Healthy
NMC,64.0,234,0.379,25.4,63.0,19.5,-6.4,118.1,Eco,2,811.1,151.2,32.8,32.87,92.53,180.1,Healthy
LFP,82.0,1155,0.741,35.3,67.0,42.08,30.4,71.7,Moderate,1,868.3,352.5,32.3,21.13,77.42,297.6,Degradation Warning
NMC,75.0,973,0.313,27.0,62.3,37.82,26.2,39.9,Eco,1,420.0,88.7,40.0,14.58,82.71,430.9,Normal Wear
NMC,64.0,933,0.822,34.5,79.7,36.3,1.3,102.1,Moderate,1,247.1,417.0,33.8,28.08,75.3,172.9,Degradation Warning
NMC,82.0,447,0.188,35.4,81.4,24.03,6.7,76.8,Eco,1,880.2,322.2,34.2,20.83,88.5,345.0,Healthy
LFP,58.0,752,0.243,32.5,79.8,30.95,21.8,92.3,Moderate,2,974.3,392.4,35.1,22.72,87.9,222.7,Normal Wear
LFP,45.0,718,0.421,31.8,56.0,29.32,31.0,94.4,Moderate,2,1075.0,134.0,31.1,22.98,86.79,171.1,Normal Wear
NMC,45.0,235,0.688,37.2,75.0,21.42,21.4,44.7,Moderate,1,954.3,265.7,32.6,19.51,90.49,207.9,Healthy
NMC,82.0,432,0.635,21.9,58.6,29.92,31.2,122.1,Moderate,1,415.3,255.1,36.3,28.94,88.3,247.2,Healthy
LFP,64.0,399,0.19,24.5,85.9,24.82,1.9,35.6,Moderate,1,560.4,287.3,31.1,23.9,93.42,253.6,Healthy
NMC,75.0,251,0.239,19.4,43.0,22.66,7.2,85.6,Aggressive,2,935.9,342.2,33.4,31.6,91.78,224.2,Healthy
NMC,58.0,854,0.51,18.0,42.1,35.56,-4.7,39.6,Moderate,1,645.1,319.8,32.1,26.16,81.73,181.0,Normal Wear
LFP,82.0,277,0.286,26.7,45.6,22.95,41.2,112.7,Eco,2,668.6,207.5,33.4,26.26,94.56,296.7,Healthy
LFP,58.0,1299,0.388,28.6,51.1,42.93,32.1,42.3,Eco,1,1131.1,374.3,34.1,19.15,82.38,253.9,Normal Wear
NMC,45.0,422,0.439,30.0,42.1,27.33,27.2,69.1,Moderate,1,1149.1,75.0,37.1,18.42,88.18,212.9,Healthy
LFP,100.0,443,0.525,22.8,43.9,28.73,0.1,33.7,Eco,1,913.5,158.6,37.2,21.81,91.37,425.1,Healthy
LFP,100.0,789,0.251,24.5,56.8,31.47,26.3,69.8,Aggressive,1,971.5,251.8,35.1,24.57,88.79,357.2,Healthy
NMC,75.0,84,0.181,32.1,45.5,17.47,34.8,25.4,Moderate,0,317.4,370.7,34.5,19.37,96.12,373.7,Healthy
NMC,58.0,209,0.369,18.2,84.1,20.7,32.1,69.3,Eco,1,712.6,209.6,31.3,17.3,92.92,308.9,Healthy
NMC,82.0,969,0.116,27.1,43.0,34.97,29.2,93.8,Eco,2,573.5,341.6,31.0,20.07,84.07,339.2,Normal Wear
LFP,75.0,192,0.471,34.8,89.9,22.56,10.1,43.3,Moderate,1,49.3,162.8,35.6,18.21,93.4,382.4,Healthy
LFP,64.0,778,0.722,25.4,87.9,34.68,29.9,80.3,Eco,2,1060.2,409.3,38.1,19.17,86.05,285.9,Normal Wear
NMC,100.0,647,0.145,24.5,51.5,26.71,15.2,72.4,Eco,1,354.9,75.4,35.4,15.49,86.37,555.2,Normal Wear
LFP,82.0,580,0.14,34.5,43.9,28.6,11.0,58.5,Aggressive,1,1118.1,131.9,35.2,26.35,89.67,282.4,Healthy
NMC,58.0,1270,0.114,18.5,45.8,40.17,40.2,92.1,Moderate,2,763.8,77.7,40.0,23.05,80.62,202.9,Normal Wear
NMC,75.0,1020,0.728,22.2,70.7,40.26,-2.4,124.5,Moderate,0,975.7,76.0,36.7,34.09,76.08,169.8,Degradation Warning
NMC,82.0,420,0.115,22.4,73.1,24.69,35.0,118.8,Moderate,0,550.5,387.0,31.7,30.31,90.28,246.6,Healthy
NMC,75.0,657,0.837,31.2,57.4,32.65,6.7,122.0,Moderate,2,224.9,166.6,31.9,31.82,82.98,195.1,Normal Wear
LFP,75.0,968,0.337,17.4,56.3,35.28,16.9,27.0,Aggressive,1,1049.7,152.0,33.8,24.14,85.7,262.0,Normal Wear
NMC,75.0,232,0.313,34.4,69.2,20.94,8.9,50.6,Moderate,1,939.2,163.5,32.2,22.23,90.2,307.3,Healthy
LFP,58.0,72,0.123,26.8,56.8,19.1,16.2,117.3,Moderate,0,905.5,351.0,33.4,29.35,97.45,189.6,Healthy
NMC,82.0,643,0.519,33.3,91.4,29.83,32.6,29.8,Moderate,1,255.3,179.1,35.0,17.76,82.92,388.3,Normal Wear
NMC,45.0,771,0.519,34.4,61.0,32.21,-0.5,61.5,Moderate,1,626.0,277.6,31.8,24.28,79.14,150.2,Degradation Warning
LFP,45.0,681,0.445,22.3,52.1,31.52,29.2,90.2,Aggressive,1,387.2,370.4,34.9,24.57,88.01,161.1,Healthy
NMC,58.0,158,0.299,27.1,48.0,19.7,13.2,123.3,Aggressive,0,735.3,181.6,35.5,36.0,94.66,144.2,Healthy
NMC,58.0,437,0.345,25.6,74.7,25.32,38.6,52.6,Moderate,1,638.9,121.0,40.0,19.51,88.83,265.1,Healthy
NMC,100.0,162,0.306,26.6,58.0,19.0,18.4,101.4,Moderate,1,212.9,93.6,34.5,20.96,94.51,457.9,Healthy
LFP,75.0,528,0.391,23.6,50.4,27.88,-7.8,91.0,Eco,1,748.5,267.2,33.8,25.8,90.01,260.9,Healthy
NMC,82.0,669,0.323,33.7,55.2,30.13,37.3,86.3,Moderate,1,45.8,282.0,39.7,20.09,83.88,340.2,Normal Wear
NMC,82.0,505,0.59,25.9,56.9,30.25,38.1,99.3,Moderate,1,84.9,374.9,31.2,24.38,86.43,290.7,Normal Wear
NMC,64.0,1011,0.287,25.0,74.4,35.88,-0.6,50.4,Eco,2,219.3,235.7,40.0,21.17,81.91,249.3,Normal Wear
NMC,64.0,562,0.331,33.7,49.6,27.64,40.6,58.9,Moderate,2,694.6,373.5,35.8,22.72,85.16,243.1,Normal Wear
LFP,45.0,312,0.398,32.0,80.3,25.17,13.2,81.0,Eco,2,911.4,250.1,37.8,18.7,92.2,221.1,Healthy
NMC,64.0,1327,0.053,28.7,56.8,41.24,37.5,68.9,Moderate,0,939.0,276.6,34.1,21.17,80.99,241.9,Normal Wear
NMC,64.0,690,0.444,24.6,66.9,30.6,8.9,97.2,Aggressive,1,332.0,258.2,31.5,29.45,84.79,190.7,Normal Wear
NMC,45.0,857,0.255,35.8,76.0,34.2,-8.8,105.1,Moderate,0,461.0,175.1,31.9,28.6,80.09,120.1,Normal Wear
NMC,100.0,1057,0.095,20.7,69.9,36.9,31.3,77.8,Moderate,0,280.5,365.3,36.1,19.22,82.73,433.9,Normal Wear
LFP,45.0,653,0.779,33.4,76.4,32.36,36.1,64.4,Moderate,1,43.6,379.5,39.8,18.43,85.85,211.9,Normal Wear
NMC,64.0,291,0.308,30.8,57.7,22.76,-1.5,116.2,Eco,1,594.1,366.9,32.2,29.92,90.97,197.7,Healthy
LFP,82.0,1068,0.391,19.4,93.0,39.27,18.8,100.0,Moderate,0,654.1,107.6,35.5,21.81,83.82,312.8,Normal Wear
NMC,64.0,341,0.712,27.4,65.2,26.28,33.2,92.3,Eco,2,1122.1,303.3,31.2,21.87,89.15,257.3,Healthy
NMC,75.0,825,0.183,19.1,57.7,33.29,14.0,30.7,Eco,0,854.3,225.4,38.0,17.53,84.95,363.9,Normal Wear
LFP,75.0,1146,0.73,24.9,56.3,42.08,31.0,77.8,Moderate,2,1121.2,104.2,35.8,20.12,80.97,298.9,Normal Wear
NMC,75.0,902,0.243,28.7,42.3,33.26,23.2,37.2,Moderate,2,335.4,91.6,30.8,17.04,83.65,364.8,Normal Wear
LFP,100.0,1083,0.521,20.9,77.7,40.47,27.5,91.1,Moderate,2,869.5,314.2,35.6,22.4,83.8,372.1,Normal Wear
LFP,58.0,254,0.599,12.9,54.4,23.35,37.8,55.0,Eco,0,717.9,209.2,36.1,17.32,93.91,314.4,Healthy
NMC,75.0,851,0.774,26.2,92.7,36.31,11.7,98.9,Aggressive,2,356.2,203.7,37.8,28.71,79.52,210.3,Degradation Warning
NMC,82.0,1132,0.536,28.3,51.6,41.75,30.1,102.8,Eco,1,253.4,144.6,36.1,19.2,77.65,327.9,Degradation Warning
LFP,100.0,1143,0.413,24.7,69.1,42.33,27.1,55.0,Moderate,1,349.2,280.7,27.3,19.54,83.5,433.7,Normal Wear
NMC,58.0,163,0.508,26.9,80.5,19.29,12.8,122.6,Moderate,1,1175.6,121.9,29.6,32.25,94.17,159.3,Healthy
NMC,58.0,1125,0.212,25.9,87.9,38.39,9.8,76.7,Aggressive,0,27.9,71.4,36.2,20.27,78.66,227.7,Degradation Warning
NMC,75.0,608,0.601,20.9,48.6,30.68,35.8,46.8,Moderate,0,1085.8,74.9,30.3,20.91,85.15,309.4,Normal Wear
NMC,64.0,248,0.2,38.7,94.2,21.29,0.6,102.5,Aggressive,2,926.0,198.7,40.0,36.0,90.55,165.4,Healthy
LFP,45.0,1240,0.496,28.9,89.9,42.56,6.6,101.1,Eco,1,652.3,321.6,35.5,23.19,81.32,157.1,Normal Wear
NMC,64.0,293,0.568,24.4,93.0,24.16,40.7,66.4,Moderate,0,1029.9,280.9,36.4,21.85,89.27,260.0,Healthy
NMC,64.0,609,0.769,22.1,86.9,32.23,4.4,90.9,Moderate,1,62.4,157.7,33.6,22.16,83.58,247.9,Normal Wear
NMC,58.0,672,0.41,24.6,88.3,30.67,35.4,27.2,Eco,2,653.1,105.7,35.4,16.87,84.74,284.8,Normal Wear
NMC,58.0,602,0.67,24.8,72.9,30.42,9.3,54.1,Eco,1,342.5,196.6,40.0,17.06,84.48,285.2,Normal Wear
NMC,100.0,987,0.184,27.2,86.5,35.17,18.7,113.1,Moderate,2,11.8,383.7,34.4,25.48,81.42,316.0,Normal Wear
LFP,100.0,391,0.175,33.9,69.4,25.46,10.7,48.2,Moderate,1,742.9,191.4,36.4,21.16,91.53,435.9,Healthy
NMC,58.0,1123,0.47,22.2,69.6,42.66,1.5,115.6,Moderate,1,789.3,112.0,37.0,31.14,78.65,146.5,Degradation Warning
LFP,82.0,1278,0.527,28.1,70.9,43.32,25.9,83.0,Eco,1,708.9,381.9,32.5,18.48,81.04,354.2,Normal Wear
LFP,82.0,1330,0.556,31.8,94.8,44.55,40.3,115.3,Aggressive,0,468.6,183.4,35.3,33.91,75.94,180.7,Degradation Warning
NMC,45.0,838,0.647,23.0,45.7,36.11,36.4,38.1,Moderate,2,965.1,340.2,35.8,21.93,80.78,164.3,Normal Wear
NMC,58.0,591,0.286,22.9,84.3,28.7,41.2,71.4,Eco,2,411.8,165.6,38.3,17.89,87.09,284.2,Normal Wear
NMC,75.0,564,0.548,17.9,55.0,29.39,25.9,54.6,Moderate,1,724.7,374.2,33.9,19.83,85.63,318.7,Normal Wear
NMC,100.0,146,0.201,37.1,59.9,17.62,-8.2,113.7,Moderate,1,1195.3,98.7,30.8,36.0,92.6,263.4,Healthy
LFP,58.0,752,0.225,30.0,44.4,30.41,18.8,59.2,Moderate,1,1015.0,158.6,38.5,18.8,88.7,274.7,Healthy
LFP,82.0,436,0.104,23.6,59.3,25.17,22.4,83.8,Aggressive,1,773.1,324.6,35.4,25.03,92.81,306.2,Healthy
NMC,58.0,657,0.648,23.3,94.5,31.69,-3.8,107.8,Aggressive,0,809.0,208.1,36.9,35.81,82.52,134.8,Normal Wear
NMC,82.0,60,0.456,20.8,61.8,21.29,33.1,47.9,Aggressive,0,1009.2,262.7,36.6,25.37,97.12,316.6,Healthy
LFP,58.0,806,0.241,27.9,76.8,34.87,28.0,29.6,Moderate,0,211.0,167.0,39.7,16.04,88.15,311.7,Healthy
LFP,75.0,316,0.495,24.9,46.6,23.19,13.3,74.4,Moderate,2,132.3,196.4,35.9,18.17,92.86,388.6,Healthy
NMC,45.0,61,0.333,21.5,90.7,19.81,5.2,93.4,Eco,1,265.1,282.3,37.8,20.58,96.05,214.6,Healthy
NMC,75.0,651,0.72,22.4,85.5,32.18,1.5,96.9,Moderate,1,893.4,347.3,36.3,28.54,81.61,216.2,Normal Wear
NMC,82.0,1322,0.473,31.4,61.2,44.45,40.2,66.7,Eco,1,923.7,382.2,35.1,20.37,74.35,306.1,Replacement Required
LFP,100.0,52,0.074,24.7,59.2,17.33,31.7,32.9,Eco,0,33.8,195.6,39.7,15.01,97.36,645.3,Healthy
NMC,100.0,1319,0.838,19.6,63.8,47.61,26.1,65.3,Moderate,0,72.0,290.6,38.1,17.26,69.84,401.5,Replacement Required
NMC,64.0,684,0.109,27.4,62.1,28.47,39.3,37.2,Moderate,0,1177.9,244.3,33.2,22.22,85.42,245.6,Normal Wear
NMC,75.0,1133,0.607,22.9,54.2,43.93,0.6,32.2,Eco,2,590.5,299.7,35.7,22.47,77.05,254.7,Degradation Warning
NMC,58.0,635,0.4,30.9,94.5,30.43,34.6,55.3,Eco,2,643.1,287.7,35.2,17.77,84.93,277.6,Normal Wear
NMC,45.0,967,0.249,36.0,84.6,33.46,20.3,102.7,Moderate,0,734.6,287.1,34.8,23.31,78.99,156.5,Degradation Warning
LFP,58.0,179,0.591,15.4,54.7,21.81,38.5,101.8,Moderate,1,1157.3,222.7,36.3,26.62,95.27,208.7,Healthy
NMC,58.0,477,0.151,22.8,94.0,27.98,24.4,85.8,Moderate,0,191.4,172.7,35.9,17.24,88.44,298.6,Healthy
NMC,75.0,418,0.737,27.8,40.9,27.07,28.6,107.6,Eco,2,759.7,217.4,31.5,22.48,87.86,289.2,Normal Wear
NMC,45.0,1134,0.25,26.5,64.1,41.93,1.6,75.1,Aggressive,0,91.0,363.0,34.1,25.02,80.49,144.5,Normal Wear
NMC,64.0,600,0.339,34.5,71.3,29.18,7.9,49.3,Moderate,1,616.1,190.0,34.4,20.96,83.9,255.8,Normal Wear
NMC,58.0,239,0.556,26.9,42.1,23.11,5.7,82.0,Moderate,1,528.3,371.5,33.5,23.3,91.1,225.8,Healthy
NMC,45.0,398,0.051,28.2,48.9,22.01,26.1,117.3,Moderate,1,321.8,128.2,32.3,25.29,90.31,164.6,Healthy
NMC,64.0,949,0.428,29.6,54.2,37.29,11.4,28.6,Moderate,0,528.7,263.8,33.9,19.6,80.0,262.6,Degradation Warning
NMC,58.0,983,0.765,22.9,79.6,38.86,34.7,121.5,Moderate,1,837.9,108.2,34.3,29.62,75.93,145.2,Degradation Warning
NMC,45.0,1189,0.594,30.1,91.7,42.32,1.1,99.4,Eco,2,1009.2,224.9,34.8,26.17,74.7,128.5,Replacement Required
NMC,75.0,252,0.36,29.4,74.3,21.95,31.4,93.6,Moderate,0,941.9,409.7,33.6,24.15,91.71,288.1,Healthy
LFP,100.0,941,0.578,27.6,70.9,38.3,32.3,86.4,Eco,2,701.8,289.2,35.0,19.32,83.22,432.0,Normal Wear
LFP,100.0,253,0.799,15.5,69.5,24.61,22.6,50.8,Moderate,2,1076.4,76.2,29.8,20.2,92.21,457.5,Healthy
NMC,58.0,745,0.2,22.4,59.3,28.09,-2.3,113.6,Moderate,0,832.6,357.9,33.9,32.01,85.48,151.9,Normal Wear
NMC,58.0,386,0.475,28.1,85.5,24.56,7.0,122.1,Aggressive,2,1005.9,245.2,38.5,36.0,87.84,144.8,Normal Wear
LFP,45.0,500,0.238,26.4,69.7,24.84,10.7,117.4,Eco,1,477.9,305.0,34.9,25.43,91.51,157.9,Healthy
NMC,100.0,609,0.733,31.5,52.7,33.36,14.2,35.9,Moderate,1,838.0,294.7,34.2,21.28,83.75,393.2,Normal Wear
LFP,58.0,1138,0.627,31.5,47.5,42.24,28.3,98.7,Aggressive,1,89.4,136.0,34.9,23.56,80.32,198.5,Normal Wear
LFP,64.0,235,0.691,29.1,94.2,23.9,7.6,80.7,Eco,2,1148.6,211.9,40.0,21.44,93.84,282.3,Healthy
NMC,58.0,744,0.804,31.5,41.0,34.47,-9.1,103.8,Eco,1,755.2,145.2,38.2,27.49,80.1,169.1,Normal Wear
NMC,100.0,731,0.236,30.0,91.3,29.34,35.0,60.2,Moderate,1,1028.0,132.5,35.3,21.02,83.72,397.9,Normal Wear
LFP,82.0,1004,0.089,23.8,52.0,35.34,12.5,120.7,Eco,1,582.5,265.0,33.7,26.75,88.88,267.5,Healthy
NMC,100.0,1178,0.283,27.0,76.2,41.4,4.7,56.3,Aggressive,2,37.0,141.3,33.2,26.44,79.72,300.5,Degradation Warning
NMC,64.0,1126,0.369,20.4,56.6,40.72,32.6,98.8,Moderate,1,590.4,140.5,36.7,22.17,78.64,230.3,Degradation Warning
NMC,45.0,410,0.55,36.0,87.3,27.01,35.7,75.4,Eco,0,870.9,289.3,36.2,17.77,85.66,219.1,Normal Wear
NMC,64.0,1090,0.688,19.5,69.9,39.26,28.0,86.7,Moderate,1,78.4,210.8,34.6,17.47,75.37,275.7,Degradation Warning
LFP,82.0,411,0.33,14.5,47.8,24.32,8.4,36.6,Eco,0,120.4,140.9,38.3,15.95,93.52,483.6,Healthy
LFP,82.0,737,0.429,39.7,54.8,32.76,2.0,86.1,Aggressive,1,65.2,204.3,34.3,27.57,84.27,252.4,Normal Wear
LFP,58.0,404,0.678,26.4,57.6,25.77,27.1,81.4,Eco,2,143.9,272.8,32.9,15.39,90.57,349.0,Healthy
NMC,58.0,400,0.23,32.4,88.7,25.25,-7.0,96.9,Moderate,0,737.2,279.6,35.2,27.6,88.73,184.9,Healthy
NMC,100.0,1120,0.224,31.4,82.2,37.14,10.3,53.8,Eco,1,1049.3,384.3,30.5,21.57,77.57,359.0,Degradation Warning
NMC,75.0,1302,0.521,33.3,85.6,42.85,29.5,108.2,Moderate,1,565.1,395.6,36.1,25.81,71.66,206.6,Replacement Required
NMC,64.0,623,0.399,30.5,42.9,28.26,20.4,119.5,Aggressive,2,970.5,141.1,32.4,35.02,85.19,155.9,Normal Wear
NMC,100.0,953,0.809,30.6,71.8,38.32,28.2,113.2,Eco,2,478.3,241.6,35.6,22.94,75.7,327.6,Degradation Warning
LFP,75.0,418,0.336,13.0,95.0,23.55,19.8,64.1,Eco,1,1026.3,226.0,39.2,17.29,90.93,394.6,Healthy
LFP,100.0,119,0.658,21.2,83.2,20.74,2.5,101.2,Moderate,1,189.1,338.5,34.6,27.31,95.59,352.5,Healthy
NMC,82.0,402,0.516,12.0,46.6,25.05,15.1,61.5,Moderate,2,688.7,137.4,36.2,19.13,88.28,384.2,Healthy
NMC,58.0,726,0.094,22.1,77.3,29.26,30.2,111.3,Moderate,2,624.2,149.1,33.5,25.37,85.46,197.2,Normal Wear
NMC,58.0,1235,0.118,23.8,81.0,41.21,2.0,62.5,Aggressive,1,123.4,125.4,37.3,24.86,79.26,190.8,Degradation Warning
NMC,100.0,1388,0.213,26.3,68.3,44.02,40.1,43.6,Moderate,0,285.9,326.3,35.6,20.19,77.09,379.2,Degradation Warning
LFP,58.0,29,0.165,21.3,44.3,17.37,0.5,73.9,Moderate,1,581.5,149.6,33.9,22.78,99.23,257.3,Healthy
NMC,45.0,283,0.313,24.9,41.9,25.2,-9.3,38.5,Moderate,2,926.2,216.9,30.4,30.25,90.41,134.2,Healthy
LFP,100.0,1311,0.513,23.9,91.6,42.27,30.5,83.7,Moderate,1,1085.7,160.9,35.5,21.33,80.12,368.4,Normal Wear
NMC,82.0,851,0.532,29.1,54.2,34.56,38.3,82.7,Eco,2,882.8,413.8,33.9,21.42,81.12,303.0,Normal Wear
NMC,100.0,649,0.52,31.6,60.8,29.87,2.8,74.1,Aggressive,0,351.6,296.8,38.8,26.38,83.18,315.6,Normal Wear
LFP,100.0,781,0.144,28.3,83.7,30.65,-1.9,85.4,Eco,1,123.3,170.0,29.9,21.84,88.92,402.0,Healthy
NMC,58.0,214,0.53,30.8,77.9,22.91,1.6,122.5,Eco,1,630.3,110.6,37.4,28.77,91.47,184.3,Healthy
NMC,82.0,581,0.378,28.1,93.3,31.01,22.6,63.3,Aggressive,1,413.2,223.5,35.4,21.5,85.46,326.5,Normal Wear
NMC,100.0,1339,0.772,34.1,45.1,47.19,20.1,67.3,Eco,1,676.0,133.4,34.1,16.22,69.99,431.6,Replacement Required
NMC,58.0,116,0.78,38.2,78.9,22.58,22.3,52.4,Eco,2,477.5,128.5,39.1,14.7,92.94,364.7,Healthy
LFP,64.0,481,0.665,12.3,44.5,29.86,-9.6,43.4,Moderate,2,455.0,173.3,37.4,27.99,89.71,213.6,Healthy
NMC,82.0,777,0.612,33.8,40.0,36.01,-1.8,53.9,Moderate,1,1094.4,408.2,33.0,27.78,81.14,240.4,Normal Wear
LFP,75.0,106,0.142,19.3,46.6,20.13,2.6,46.3,Moderate,1,801.0,209.9,32.5,23.93,96.31,304.3,Healthy
NMC,45.0,1010,0.118,28.1,73.9,36.49,26.2,68.2,Aggressive,1,803.6,143.6,37.3,21.59,82.35,174.8,Normal Wear
NMC,75.0,96,0.723,28.6,77.2,20.1,21.7,48.3,Eco,1,160.5,185.0,37.6,14.37,94.33,487.1,Healthy
LFP,82.0,1189,0.392,30.7,64.1,40.72,22.4,76.7,Eco,1,467.6,237.2,33.6,16.07,83.18,427.4,Normal Wear
NMC,100.0,680,0.411,26.7,42.5,28.61,19.7,53.6,Eco,2,915.3,95.1,37.6,16.58,85.63,519.0,Normal Wear
NMC,58.0,1154,0.728,27.0,74.9,43.37,28.7,67.5,Eco,2,680.3,176.7,39.1,15.79,74.1,270.3,Replacement Required
NMC,82.0,784,0.547,29.1,44.7,32.94,39.0,37.9,Eco,1,552.4,120.1,36.5,17.39,83.28,394.4,Normal Wear
NMC,45.0,697,0.194,24.9,47.8,29.24,25.0,41.4,Moderate,2,1167.3,101.6,36.7,18.67,84.53,205.3,Normal Wear
NMC,82.0,1340,0.219,15.6,68.2,43.54,28.7,86.4,Aggressive,1,163.6,388.1,39.1,23.66,77.37,270.8,Degradation Warning
NMC,58.0,810,0.055,27.0,58.7,29.19,21.6,81.5,Aggressive,2,192.9,169.5,35.1,20.24,84.46,246.7,Normal Wear
NMC,75.0,1377,0.619,22.5,65.6,47.49,31.5,42.1,Aggressive,0,675.9,143.2,36.5,22.45,72.54,244.4,Replacement Required
NMC,64.0,602,0.438,22.0,74.9,30.34,39.0,54.5,Aggressive,0,486.2,315.1,34.4,24.45,85.12,220.5,Normal Wear
LFP,75.0,690,0.81,21.4,48.8,33.14,21.5,47.1,Eco,0,576.8,90.1,34.6,15.14,85.67,422.8,Normal Wear
NMC,58.0,557,0.621,15.2,89.1,29.81,-0.6,104.7,Eco,2,657.4,410.6,35.8,28.17,84.14,172.8,Normal Wear
LFP,58.0,1205,0.133,24.6,70.8,39.09,30.1,61.5,Moderate,0,153.0,414.7,32.2,18.41,86.54,270.0,Normal Wear
NMC,45.0,449,0.179,27.0,41.2,28.18,23.8,65.6,Moderate,1,324.1,337.7,37.8,17.37,89.01,227.2,Healthy
NMC,82.0,1112,0.451,31.6,74.6,38.85,38.5,91.5,Eco,1,644.6,415.5,36.8,21.41,77.19,295.7,Degradation Warning
LFP,82.0,152,0.79,23.5,65.5,23.17,4.2,57.6,Aggressive,2,232.3,159.6,32.6,27.4,95.66,281.1,Healthy
NMC,75.0,208,0.248,36.5,78.6,20.33,40.4,62.8,Moderate,1,1007.5,159.1,31.4,22.45,91.96,304.9,Healthy
LFP,64.0,592,0.71,30.5,83.1,31.17,18.7,104.8,Aggressive,1,940.2,374.1,33.9,31.37,87.66,179.5,Normal Wear
NMC,64.0,298,0.3,20.3,91.6,23.37,40.1,104.5,Eco,1,681.8,282.6,35.9,23.33,90.55,251.8,Healthy
NMC,45.0,561,0.266,24.1,94.9,28.48,30.8,85.5,Eco,0,593.9,323.1,33.9,17.62,85.71,218.7,Normal Wear
NMC,58.0,1204,0.771,39.1,70.2,43.28,35.0,80.9,Moderate,0,1115.5,74.8,36.8,20.2,68.0,190.7,Replacement Required
NMC,45.0,765,0.088,31.6,70.9,29.43,6.8,43.1,Eco,0,902.8,232.4,31.2,19.19,83.02,194.5,Normal Wear
LFP,82.0,918,0.579,23.8,41.2,35.95,1.4,72.3,Aggressive,0,45.8,167.4,34.4,24.03,85.87,291.0,Normal Wear
NMC,100.0,472,0.085,32.4,87.6,24.39,22.5,52.4,Aggressive,2,268.1,123.9,36.1,20.47,88.0,430.0,Healthy
LFP,100.0,908,0.691,19.4,41.6,36.59,9.5,98.0,Moderate,1,87.6,251.6,33.5,23.61,82.45,352.4,Normal Wear
LFP,100.0,870,0.714,23.7,74.8,35.43,41.3,87.8,Aggressive,1,1193.6,166.9,33.4,30.55,84.51,276.3,Normal Wear
NMC,58.0,189,0.765,13.0,45.4,23.91,15.8,62.8,Eco,1,506.6,260.2,37.6,16.21,92.28,330.9,Healthy
NMC,45.0,849,0.199,30.6,55.7,31.55,-4.3,78.5,Moderate,1,161.0,97.4,35.7,22.22,82.54,169.8,Normal Wear
LFP,75.0,717,0.15,20.0,47.7,30.18,15.9,67.1,Eco,2,429.8,349.2,36.6,16.93,89.63,400.3,Healthy
LFP,82.0,1100,0.453,26.5,47.6,37.76,17.8,39.6,Moderate,1,1175.9,402.3,38.0,21.6,84.22,317.6,Normal Wear
NMC,100.0,1283,0.267,17.7,44.1,43.57,-9.8,103.1,Eco,2,171.6,290.3,35.2,29.49,80.12,273.3,Normal Wear
NMC,64.0,788,0.535,28.2,57.5,33.23,2.8,114.8,Moderate,1,428.3,120.0,35.6,29.44,82.32,178.6,Normal Wear
NMC,45.0,377,0.461,26.6,63.3,24.43,-9.9,118.0,Moderate,2,331.0,332.2,37.4,36.0,88.53,109.1,Healthy
LFP,82.0,220,0.166,18.2,65.5,19.32,19.2,103.9,Moderate,0,948.3,377.4,39.3,25.71,96.47,300.3,Healthy
NMC,82.0,463,0.641,24.1,64.2,30.15,5.2,107.2,Moderate,2,30.6,198.3,37.0,27.17,87.52,269.0,Normal Wear
LFP,64.0,846,0.693,27.8,68.8,37.67,-1.0,30.6,Moderate,0,1136.1,249.8,39.7,24.16,85.35,235.9,Normal Wear
NMC,64.0,1345,0.82,29.7,87.3,46.89,33.6,103.2,Eco,1,1042.4,92.3,39.1,21.74,70.29,204.6,Replacement Required
NMC,64.0,1149,0.366,36.5,74.7,39.58,-8.4,55.3,Eco,0,437.2,261.7,30.8,21.28,75.51,228.9,Degradation Warning
NMC,100.0,120,0.32,34.3,41.0,21.81,26.0,38.8,Moderate,0,1081.5,86.6,37.3,19.37,94.58,486.9,Healthy
NMC,100.0,1140,0.204,22.8,49.5,39.62,19.8,77.2,Moderate,1,510.9,193.2,33.2,18.56,81.28,440.6,Normal Wear
NMC,45.0,957,0.195,22.8,59.2,35.0,30.1,82.0,Eco,1,350.3,167.4,38.2,15.31,83.02,244.3,Normal Wear
NMC,64.0,48,0.307,18.4,92.2,17.13,-3.1,73.5,Moderate,0,488.4,134.0,38.3,21.55,95.67,289.2,Healthy
NMC,75.0,684,0.835,20.9,44.3,34.67,35.3,90.3,Aggressive,0,990.0,368.6,37.1,28.94,80.74,210.2,Normal Wear
NMC,82.0,92,0.124,32.2,79.1,17.32,6.7,96.4,Moderate,2,673.4,281.2,31.2,27.41,95.73,279.2,Healthy
NMC,64.0,273,0.257,17.5,41.8,20.4,-9.6,38.7,Moderate,0,260.7,307.3,35.8,23.38,92.91,246.2,Healthy
LFP,82.0,535,0.119,26.1,59.9,26.62,24.1,86.7,Aggressive,0,83.6,242.3,38.2,21.94,91.57,341.3,Healthy
NMC,58.0,768,0.269,25.2,82.4,32.26,34.7,30.4,Aggressive,1,727.9,331.6,35.8,24.95,85.02,189.6,Normal Wear
NMC,58.0,1063,0.124,22.5,58.9,37.06,8.4,69.9,Aggressive,1,982.1,199.5,35.6,26.75,83.61,181.8,Normal Wear
NMC,64.0,554,0.457,19.2,63.7,29.43,17.4,35.0,Aggressive,0,1026.6,224.5,33.5,24.18,85.86,227.8,Normal Wear
LFP,82.0,440,0.401,15.6,89.8,25.82,11.4,70.0,Aggressive,2,987.5,99.1,35.7,26.06,92.11,286.3,Healthy
NMC,58.0,465,0.189,19.2,43.6,25.44,-7.8,42.5,Moderate,2,616.1,181.9,33.0,28.13,89.43,186.4,Healthy
LFP,64.0,898,0.19,26.5,69.0,34.09,29.2,98.4,Moderate,1,453.3,106.9,36.4,20.62,87.88,273.6,Normal Wear
LFP,82.0,155,0.551,30.6,60.1,19.8,39.0,115.0,Moderate,1,1170.5,238.6,34.2,31.09,95.56,252.7,Healthy
NMC,64.0,1344,0.36,36.7,93.0,44.88,11.8,42.0,Eco,2,1106.9,398.6,31.0,21.19,71.28,219.0,Replacement Required
NMC,100.0,52,0.095,29.0,83.7,17.27,-2.5,98.7,Eco,2,902.4,353.9,31.4,29.23,95.2,327.0,Healthy
LFP,82.0,666,0.786,30.6,46.7,34.22,16.3,39.6,Moderate,1,516.1,223.0,35.0,18.52,87.97,386.0,Normal Wear
NMC,58.0,297,0.374,36.6,91.0,21.97,37.0,68.4,Moderate,2,1168.2,175.2,33.8,22.13,88.73,231.4,Healthy
NMC,64.0,152,0.523,29.0,51.6,20.67,21.5,87.6,Aggressive,1,448.7,185.3,36.9,22.76,93.61,260.8,Healthy
LFP,58.0,769,0.758,32.9,44.7,36.26,1.0,78.8,Eco,0,821.4,235.4,35.3,19.94,85.47,240.3,Normal Wear
NMC,64.0,145,0.372,24.7,69.8,19.44,18.8,30.7,Aggressive,0,353.2,155.0,38.8,20.22,93.65,299.8,Healthy
LFP,45.0,364,0.707,31.3,80.5,28.67,7.0,61.3,Eco,1,1002.8,188.3,39.6,19.44,90.33,213.3,Healthy
NMC,58.0,36,0.782,28.3,79.4,18.54,-8.8,72.0,Eco,1,1032.2,242.3,37.1,24.37,97.06,232.7,Healthy
LFP,58.0,843,0.189,25.5,69.4,32.32,37.5,64.1,Moderate,0,610.9,364.4,36.7,20.35,88.33,249.2,Healthy
NMC,75.0,581,0.764,36.3,67.1,30.65,31.3,91.5,Aggressive,2,674.6,103.4,31.9,25.99,83.01,237.0,Normal Wear
NMC,100.0,666,0.146,19.8,93.3,30.11,38.1,113.8,Eco,1,1138.3,211.7,34.7,26.86,85.33,319.1,Normal Wear
NMC,58.0,649,0.27,21.8,85.1,31.6,25.5,91.8,Eco,1,170.5,136.6,34.5,15.94,85.14,308.0,Normal Wear
LFP,82.0,837,0.697,34.1,78.4,36.28,13.4,84.0,Aggressive,1,565.7,293.0,35.6,25.63,82.43,267.4,Normal Wear
NMC,64.0,79,0.771,32.8,50.7,18.06,15.6,39.9,Eco,0,634.1,269.7,34.9,16.62,94.29,369.8,Healthy
NMC,45.0,486,0.597,27.1,85.1,28.21,0.6,59.9,Eco,2,979.7,272.0,35.2,22.95,86.02,167.6,Normal Wear
NMC,82.0,647,0.134,29.0,81.2,28.89,10.1,79.8,Moderate,1,933.4,256.5,35.2,22.5,85.76,318.3,Normal Wear
NMC,82.0,410,0.468,30.1,94.6,26.48,-1.5,118.4,Aggressive,0,722.5,326.8,35.5,36.0,86.92,201.6,Normal Wear
NMC,82.0,955,0.508,29.2,47.3,37.05,14.6,55.5,Aggressive,1,186.7,123.9,37.8,20.96,79.66,310.5,Degradation Warning
NMC,82.0,704,0.275,28.4,79.3,32.3,23.6,58.8,Moderate,1,487.4,135.0,36.7,17.27,85.27,402.7,Normal Wear
NMC,45.0,1230,0.843,22.0,93.8,43.59,3.3,84.0,Moderate,1,109.4,318.1,33.8,22.16,70.52,144.9,Replacement Required
NMC,75.0,517,0.319,34.4,65.4,26.01,39.1,115.0,Aggressive,2,180.4,116.1,31.9,33.79,86.74,192.2,Normal Wear
NMC,100.0,619,0.218,25.8,80.3,27.95,23.6,79.3,Eco,1,271.8,324.4,32.1,16.76,85.94,513.4,Normal Wear
NMC,58.0,468,0.138,21.1,93.6,28.31,1.4,42.4,Moderate,2,400.4,127.5,34.1,23.15,88.79,228.2,Healthy
LFP,82.0,699,0.353,27.8,70.1,30.88,-1.3,32.5,Moderate,2,528.2,417.1,39.0,27.03,89.49,269.0,Healthy
NMC,58.0,1224,0.604,29.1,78.4,44.48,-1.2,113.9,Aggressive,2,864.8,85.8,36.0,36.0,73.93,116.3,Replacement Required
NMC,58.0,149,0.235,29.4,41.1,20.75,40.6,92.0,Moderate,0,27.8,341.7,37.1,21.02,94.26,260.9,Healthy
NMC,82.0,168,0.666,32.8,68.6,20.29,2.3,47.1,Moderate,2,1046.4,151.2,32.7,25.97,91.61,288.4,Healthy
LFP,75.0,837,0.158,24.7,54.1,32.62,-1.2,97.5,Moderate,1,1190.5,183.3,33.9,29.61,88.2,224.0,Healthy
LFP,58.0,967,0.402,26.6,47.2,38.1,-1.5,97.0,Aggressive,1,1156.9,389.1,36.3,36.0,86.06,138.8,Normal Wear
LFP,64.0,519,0.612,21.9,79.0,32.49,7.9,102.2,Aggressive,2,510.0,177.3,35.1,31.69,89.31,177.0,Healthy
NMC,58.0,1398,0.158,28.4,42.1,45.2,22.0,114.2,Moderate,0,479.2,202.0,37.3,25.2,80.11,182.0,Normal Wear
NMC,100.0,1254,0.528,21.8,89.8,42.84,-5.9,40.2,Aggressive,0,626.8,133.8,33.9,28.75,74.18,257.3,Replacement Required
NMC,82.0,677,0.689,23.5,68.5,34.43,-1.7,120.7,Moderate,2,797.5,97.0,37.0,35.84,83.31,189.2,Normal Wear
NMC,45.0,1073,0.526,32.9,75.7,39.1,40.8,124.9,Moderate,1,333.1,107.8,30.7,30.62,75.61,110.5,Degradation Warning
NMC,58.0,596,0.459,27.8,53.9,28.32,22.1,26.4,Eco,1,785.9,277.8,36.6,16.57,85.63,300.3,Normal Wear
LFP,75.0,1067,0.721,35.5,50.0,41.5,-2.7,34.1,Moderate,0,371.1,86.4,40.0,20.94,77.3,276.4,Degradation Warning
LFP,64.0,1003,0.838,34.1,53.4,38.35,18.6,68.4,Eco,2,792.8,149.0,36.1,15.9,79.1,314.8,Degradation Warning
LFP,64.0,742,0.195,28.3,52.8,30.3,2.5,28.4,Moderate,1,783.2,207.7,37.9,23.22,90.15,248.0,Healthy
NMC,45.0,241,0.603,29.1,87.5,25.22,40.6,98.5,Eco,2,1.0,108.0,33.2,19.53,90.83,213.8,Healthy
LFP,100.0,621,0.115,25.6,83.3,28.96,10.2,90.1,Moderate,1,1045.5,331.9,37.8,25.35,90.47,364.9,Healthy
NMC,45.0,703,0.084,33.3,86.9,28.53,-2.6,102.6,Moderate,2,231.1,410.0,32.6,30.93,85.71,129.6,Normal Wear
NMC,100.0,761,0.275,29.2,80.4,32.04,21.9,124.8,Eco,1,1191.3,383.2,36.3,29.15,83.71,281.7,Normal Wear
LFP,58.0,944,0.827,32.5,75.4,38.73,-2.9,118.3,Moderate,1,660.0,403.8,38.1,34.92,79.14,127.5,Degradation Warning
NMC,82.0,599,0.492,23.1,69.0,31.02,16.9,55.0,Eco,1,463.8,260.7,32.0,16.66,84.15,409.3,Normal Wear
NMC,75.0,420,0.265,18.8,54.6,25.44,34.3,64.6,Moderate,2,110.1,121.8,32.9,17.81,90.2,384.3,Healthy
NMC,64.0,920,0.156,30.0,78.8,34.52,8.0,102.6,Moderate,2,817.2,303.4,32.0,28.55,82.05,188.2,Normal Wear
LFP,45.0,531,0.786,31.2,47.5,30.29,14.8,63.8,Eco,1,431.7,90.9,29.8,15.78,88.69,254.1,Healthy
LFP,75.0,107,0.34,27.5,68.1,17.86,-4.4,94.9,Eco,2,1155.6,236.6,39.2,28.17,96.18,263.8,Healthy
NMC,100.0,69,0.295,30.5,50.7,19.81,23.6,116.9,Eco,2,1028.7,346.3,37.2,26.2,96.18,365.9,Healthy
LFP,82.0,122,0.736,21.9,67.8,22.36,-4.2,65.6,Moderate,2,149.3,369.2,32.7,26.91,95.42,291.3,Healthy
NMC,64.0,387,0.534,32.6,56.2,25.55,7.0,81.1,Moderate,1,549.2,173.4,34.3,21.44,87.87,263.2,Normal Wear
NMC,64.0,955,0.185,34.0,42.9,34.9,33.7,109.1,Moderate,0,532.9,147.7,30.0,25.5,81.36,199.5,Normal Wear
LFP,100.0,1311,0.387,33.1,67.7,43.42,-2.2,72.8,Moderate,0,850.5,311.3,32.8,24.97,78.87,311.8,Degradation Warning
LFP,82.0,1363,0.793,27.7,50.0,46.03,33.7,53.9,Moderate,2,327.5,118.6,38.4,18.14,77.92,351.6,Degradation Warning
LFP,64.0,917,0.771,34.1,48.9,37.28,22.8,50.8,Moderate,1,1003.5,417.9,29.6,21.66,81.41,234.4,Normal Wear
NMC,82.0,928,0.106,20.1,61.1,35.38,-2.7,32.2,Aggressive,2,1129.7,186.3,31.4,35.03,82.85,191.5,Normal Wear
LFP,64.0,1283,0.265,30.4,59.9,40.37,-1.2,58.0,Moderate,1,662.8,332.3,35.6,24.83,85.05,223.6,Normal Wear
NMC,58.0,277,0.174,31.3,87.7,23.81,24.5,93.6,Moderate,1,1112.7,324.0,36.9,23.0,90.81,228.0,Healthy
LFP,100.0,409,0.477,30.0,71.1,26.05,27.9,30.9,Moderate,0,390.4,178.6,32.6,18.03,90.49,506.6,Healthy
NMC,82.0,1386,0.65,21.4,87.0,45.67,24.1,52.4,Moderate,2,380.8,205.2,32.3,17.86,73.07,338.1,Replacement Required
LFP,75.0,792,0.286,28.4,48.1,32.14,27.1,36.2,Moderate,0,868.0,364.6,33.6,20.31,87.74,325.8,Normal Wear
NMC,58.0,773,0.656,25.5,59.7,34.9,8.8,65.4,Aggressive,2,533.2,149.8,33.9,25.49,81.3,191.1,Normal Wear
NMC,75.0,413,0.585,15.3,70.5,26.19,-9.9,34.3,Aggressive,0,331.4,91.0,27.4,29.02,88.03,226.8,Healthy
NMC,100.0,702,0.633,19.9,48.4,33.63,17.5,99.6,Eco,0,371.6,121.5,34.6,18.8,82.79,439.7,Normal Wear
NMC,64.0,289,0.809,34.0,47.0,24.36,20.9,117.8,Aggressive,1,998.8,309.4,31.5,36.0,89.55,157.8,Healthy
NMC,75.0,168,0.39,24.6,76.4,19.74,25.8,44.2,Aggressive,1,776.4,153.1,33.2,22.67,93.63,308.8,Healthy
LFP,58.0,830,0.324,33.3,76.0,33.84,2.0,50.1,Aggressive,2,949.8,268.5,36.3,31.31,85.14,150.7,Normal Wear
NMC,82.0,47,0.597,33.9,52.9,18.78,-1.1,41.0,Eco,1,495.3,207.7,33.1,21.16,97.51,376.3,Healthy
NMC,45.0,1192,0.696,30.3,52.5,45.37,33.2,43.7,Moderate,0,1126.6,373.9,34.3,21.39,74.04,163.3,Replacement Required
NMC,75.0,299,0.203,23.3,81.0,23.19,33.7,56.2,Moderate,2,1068.8,240.6,34.2,21.62,91.19,314.7,Healthy
NMC,45.0,1225,0.727,32.7,46.4,44.48,41.4,53.1,Moderate,2,42.9,118.9,31.4,19.13,72.11,172.0,Replacement Required
NMC,100.0,185,0.096,28.3,90.8,19.41,7.7,63.5,Moderate,2,437.9,361.5,35.0,23.13,92.95,400.7,Healthy
NMC,75.0,36,0.055,27.3,91.9,15.63,-6.9,77.5,Aggressive,1,88.7,98.9,36.8,28.43,97.15,252.9,Healthy
NMC,75.0,1193,0.177,21.5,87.9,39.61,14.7,97.8,Moderate,0,285.4,359.9,36.9,22.33,81.16,274.4,Normal Wear
NMC,82.0,358,0.833,24.0,51.6,26.16,14.9,113.4,Moderate,1,1110.8,84.5,33.8,28.0,88.62,254.4,Healthy
NMC,64.0,1088,0.469,21.6,40.9,39.83,-8.1,70.9,Moderate,0,1075.1,71.3,33.0,24.62,78.68,210.2,Degradation Warning
NMC,58.0,861,0.087,32.8,91.5,31.25,19.9,115.9,Moderate,0,67.3,334.4,35.5,25.19,82.44,191.5,Normal Wear
NMC,58.0,208,0.848,36.2,58.9,26.0,3.6,93.0,Moderate,2,42.9,266.0,40.0,24.44,90.5,213.2,Healthy
NMC,58.0,670,0.646,32.5,57.1,32.35,-3.8,97.9,Eco,2,775.1,145.3,36.3,26.54,82.89,182.5,Normal Wear
NMC,100.0,1104,0.72,28.2,54.4,43.05,21.5,77.2,Moderate,2,283.0,408.1,35.1,18.95,76.18,399.9,Degradation Warning
LFP,64.0,313,0.22,25.2,53.4,23.65,4.7,77.3,Eco,1,2.7,293.0,34.1,18.22,92.78,325.1,Healthy
LFP,45.0,1076,0.134,29.9,80.4,37.24,19.2,78.2,Aggressive,0,999.6,153.5,33.3,23.13,86.33,171.5,Normal Wear
LFP,58.0,1342,0.462,24.5,89.9,45.15,-9.2,74.2,Aggressive,0,461.1,215.6,29.7,29.53,80.02,159.3,Normal Wear
NMC,45.0,434,0.668,26.8,83.2,27.18,9.0,70.9,Aggressive,1,500.6,389.6,35.0,25.76,87.37,157.4,Normal Wear
LFP,64.0,822,0.56,22.1,77.1,34.69,35.0,102.5,Moderate,1,131.1,141.2,32.5,22.42,86.51,249.6,Normal Wear
LFP,100.0,450,0.555,30.9,55.8,26.4,23.8,63.8,Moderate,2,570.3,394.4,34.6,19.81,90.16,456.5,Healthy
LFP,64.0,1143,0.656,31.2,70.1,43.79,35.1,45.7,Aggressive,1,931.5,145.9,35.8,24.49,79.67,203.4,Degradation Warning
NMC,82.0,1066,0.232,32.5,53.0,37.94,28.5,38.6,Moderate,2,359.6,78.2,38.9,16.56,79.77,392.5,Degradation Warning
NMC,58.0,506,0.579,30.3,46.1,29.61,27.4,113.0,Moderate,2,993.4,164.0,32.0,26.92,85.68,183.5,Normal Wear
LFP,100.0,108,0.364,29.9,46.6,18.82,35.2,111.3,Moderate,2,780.3,89.1,32.8,27.82,96.45,337.2,Healthy
NMC,82.0,1252,0.106,20.7,73.2,42.57,-9.0,49.4,Moderate,1,498.1,151.5,37.7,25.73,80.67,256.0,Normal Wear
NMC,58.0,290,0.212,20.5,42.1,21.2,11.8,36.8,Aggressive,2,605.6,165.2,32.8,24.7,90.85,213.6,Healthy
NMC,64.0,919,0.685,29.0,93.5,37.35,39.9,121.0,Moderate,2,134.1,215.8,34.1,29.72,78.94,172.0,Degradation Warning
NMC,64.0,297,0.767,33.6,94.8,24.98,-0.8,73.2,Moderate,1,1072.7,168.9,32.2,25.49,87.57,214.4,Normal Wear
NMC,75.0,225,0.276,25.4,48.2,21.49,24.0,34.3,Eco,1,1072.6,319.1,38.3,18.01,92.98,384.3,Healthy
NMC,75.0,932,0.202,27.0,63.5,34.02,31.1,46.5,Moderate,0,458.9,409.8,35.9,19.44,84.01,323.1,Normal Wear
NMC,64.0,347,0.071,27.1,82.2,23.08,38.5,95.4,Aggressive,2,790.7,86.6,32.6,29.3,91.21,205.9,Healthy
NMC,64.0,877,0.808,15.9,92.5,37.7,35.3,33.1,Eco,0,917.5,249.6,38.1,17.94,77.47,280.9,Degradation Warning
NMC,45.0,896,0.597,28.4,89.0,36.31,25.2,68.3,Aggressive,1,990.8,161.6,39.0,22.54,80.1,158.0,Normal Wear
NMC,45.0,881,0.816,23.7,54.0,36.24,27.0,67.8,Aggressive,2,869.6,232.0,31.6,23.37,80.43,157.6,Normal Wear
NMC,82.0,355,0.741,30.7,44.7,26.45,7.8,93.6,Eco,2,601.4,316.6,37.7,22.58,88.23,316.6,Healthy
LFP,75.0,625,0.322,26.8,55.9,29.31,1.6,44.9,Eco,1,837.4,376.9,35.5,22.07,89.98,300.7,Healthy
LFP,75.0,611,0.14,25.9,64.0,29.14,39.8,123.4,Eco,1,1136.9,380.3,31.1,30.97,91.53,219.3,Healthy
NMC,64.0,1081,0.449,26.1,59.8,38.97,40.7,40.5,Eco,2,565.7,127.1,34.8,18.15,78.56,276.9,Degradation Warning
NMC,64.0,1033,0.071,25.0,82.6,34.91,12.1,84.8,Eco,0,98.1,266.9,35.4,16.58,81.61,315.2,Normal Wear
NMC,82.0,1271,0.17,18.8,54.2,39.31,11.4,57.8,Eco,2,970.3,169.0,30.4,19.93,80.54,336.7,Normal Wear
LFP,100.0,1177,0.237,32.7,87.2,41.34,13.5,38.3,Moderate,1,865.5,244.2,40.0,21.1,82.53,386.0,Normal Wear
NMC,100.0,727,0.583,23.2,52.4,32.82,14.0,78.9,Aggressive,0,356.3,392.0,33.5,24.89,82.35,335.2,Normal Wear
NMC,100.0,997,0.458,24.2,59.9,38.08,33.8,42.0,Eco,1,705.9,91.2,36.1,17.02,80.42,478.8,Normal Wear
NMC,75.0,444,0.292,27.5,64.6,25.01,12.4,93.0,Eco,2,87.4,278.0,34.8,18.97,88.37,354.6,Healthy
NMC,45.0,606,0.502,20.3,56.0,29.41,35.9,28.2,Aggressive,2,574.8,195.9,34.3,23.82,85.58,167.5,Normal Wear
LFP,100.0,825,0.15,24.0,82.2,32.29,26.1,76.0,Eco,2,478.8,373.8,33.5,17.22,88.87,514.3,Healthy
LFP,58.0,739,0.655,38.5,62.5,32.7,40.2,46.9,Eco,1,300.9,146.4,35.3,16.59,83.37,294.9,Normal Wear
NMC,82.0,968,0.62,29.0,88.8,37.64,25.1,120.0,Eco,1,184.5,186.5,32.3,23.58,77.97,276.1,Degradation Warning
NMC,100.0,674,0.223,21.9,93.0,30.68,11.4,96.1,Eco,1,412.5,77.1,35.0,19.55,84.12,431.3,Normal Wear
NMC,58.0,493,0.535,14.5,87.3,28.91,37.7,100.5,Moderate,2,1123.4,220.5,31.0,27.25,85.48,181.3,Normal Wear
NMC,100.0,587,0.453,33.0,68.7,28.85,1.9,95.5,Eco,2,616.4,291.6,37.2,25.21,85.7,335.1,Normal Wear
NMC,45.0,230,0.099,20.9,68.0,19.92,40.2,91.6,Moderate,0,241.4,138.7,33.5,20.19,93.54,216.3,Healthy
NMC,45.0,1222,0.273,23.7,51.9,38.76,-7.7,38.8,Moderate,1,1002.5,292.5,34.6,27.44,79.45,126.5,Degradation Warning
NMC,100.0,1101,0.85,24.5,72.6,40.11,23.3,124.7,Moderate,1,323.3,330.7,36.3,29.68,74.9,257.1,Replacement Required
NMC,58.0,1116,0.13,21.5,92.4,37.48,-9.1,90.7,Moderate,1,963.3,137.3,38.4,28.92,79.84,157.5,Degradation Warning
LFP,82.0,234,0.455,26.5,44.4,22.46,0.6,114.7,Eco,1,20.0,334.3,39.5,26.85,93.26,288.5,Healthy
NMC,58.0,919,0.729,23.7,81.4,36.23,14.1,75.4,Moderate,1,1108.0,396.5,37.3,21.99,76.34,198.5,Degradation Warning
LFP,82.0,1116,0.291,30.7,87.8,39.91,-1.8,53.6,Aggressive,1,641.4,147.9,32.0,29.93,82.79,227.3,Normal Wear
LFP,100.0,486,0.259,27.8,94.3,27.29,41.4,68.7,Eco,1,915.9,117.2,38.4,19.27,90.79,473.1,Healthy
NMC,82.0,1314,0.763,35.6,58.4,44.84,30.2,64.9,Eco,1,377.1,186.7,32.6,15.96,69.03,356.6,Replacement Required
LFP,64.0,373,0.294,35.7,59.6,23.16,34.2,26.6,Aggressive,1,1015.2,136.8,32.4,25.12,91.43,227.8,Healthy
NMC,75.0,1277,0.571,21.3,52.6,44.46,40.9,92.5,Moderate,1,830.0,341.3,33.9,25.24,75.81,222.2,Degradation Warning
NMC,75.0,1362,0.642,25.0,83.4,48.1,25.1,98.8,Eco,2,56.5,116.5,36.1,17.03,72.34,316.8,Replacement Required
NMC,45.0,1062,0.681,39.9,47.7,39.82,3.9,29.1,Moderate,1,48.7,77.9,40.0,18.94,72.15,173.5,Replacement Required
LFP,64.0,644,0.846,20.0,54.7,34.08,29.4,49.6,Eco,0,433.2,193.1,34.4,15.36,86.51,364.4,Normal Wear
NMC,75.0,391,0.693,31.8,56.2,26.94,20.4,91.4,Moderate,1,62.3,344.7,40.0,19.37,87.66,336.6,Normal Wear
NMC,100.0,203,0.576,30.3,60.6,22.59,3.9,57.2,Aggressive,1,52.0,298.0,37.2,26.33,90.11,341.2,Healthy
LFP,82.0,1320,0.766,21.9,63.2,45.77,9.1,118.4,Aggressive,1,453.2,255.7,33.8,36.0,78.12,170.4,Degradation Warning
NMC,82.0,693,0.775,22.2,70.7,34.63,21.6,36.3,Eco,1,277.0,230.3,37.3,15.13,81.95,442.6,Normal Wear
LFP,58.0,774,0.829,38.1,92.2,37.83,10.6,117.8,Moderate,1,421.0,297.3,32.5,29.49,82.18,165.2,Normal Wear
LFP,58.0,1188,0.671,37.9,53.6,43.81,2.2,116.4,Moderate,1,484.2,242.3,33.8,31.22,76.34,143.2,Degradation Warning
LFP,82.0,1124,0.206,29.6,82.9,37.3,12.4,120.6,Moderate,2,102.8,341.2,33.1,29.87,86.09,232.9,Normal Wear
LFP,100.0,341,0.618,18.7,77.2,25.22,2.1,32.7,Eco,0,727.1,373.3,36.7,20.79,91.47,441.0,Healthy
LFP,82.0,454,0.11,34.5,46.4,22.4,35.5,52.2,Aggressive,1,417.5,130.8,37.9,22.71,91.01,324.8,Healthy
NMC,58.0,1086,0.304,18.7,84.6,41.01,26.1,50.1,Moderate,1,912.9,151.2,35.2,18.39,81.01,252.8,Normal Wear
LFP,75.0,1356,0.143,31.3,45.0,43.4,9.6,113.5,Eco,0,1189.5,249.8,34.3,26.52,83.89,242.4,Normal Wear
NMC,45.0,312,0.81,17.3,80.6,25.14,39.2,105.7,Moderate,1,457.8,373.0,34.4,26.21,88.56,152.1,Healthy
NMC,58.0,707,0.321,27.0,79.4,31.38,10.2,40.9,Eco,1,890.3,391.4,30.4,20.42,84.56,239.9,Normal Wear
NMC,100.0,907,0.621,32.3,77.9,39.13,19.9,39.1,Eco,0,354.3,114.0,34.0,15.13,78.07,517.8,Degradation Warning
LFP,75.0,88,0.507,12.0,55.2,18.8,16.6,72.4,Eco,1,973.5,176.1,35.2,17.2,97.59,427.6,Healthy
LFP,75.0,75,0.136,23.8,71.5,16.63,-3.7,42.3,Eco,1,819.6,339.4,40.0,23.22,96.68,313.5,Healthy
LFP,75.0,650,0.499,27.9,81.9,29.59,12.0,72.6,Eco,2,299.1,396.8,32.1,18.65,88.77,360.2,Healthy
NMC,64.0,1247,0.579,24.9,75.1,44.09,-6.0,109.5,Moderate,2,552.8,98.4,35.8,32.99,76.43,140.7,Degradation Warning
NMC,64.0,439,0.755,23.0,84.2,28.14,-1.1,75.0,Moderate,1,967.4,234.3,31.7,25.77,87.42,218.1,Normal Wear
NMC,75.0,586,0.106,26.2,77.8,24.77,31.0,97.4,Moderate,2,851.3,243.5,36.0,23.51,88.64,286.3,Healthy
LFP,100.0,569,0.287,33.2,55.1,28.5,5.7,50.0,Moderate,1,38.0,73.0,35.8,19.4,89.52,462.9,Healthy
LFP,82.0,262,0.604,35.2,48.4,25.0,-5.4,51.6,Moderate,2,1.9,369.0,38.0,26.46,93.15,284.3,Healthy
NMC,100.0,1244,0.077,31.2,74.8,39.71,27.4,84.4,Eco,2,904.6,107.6,35.2,17.51,78.65,450.1,Degradation Warning
NMC,64.0,767,0.213,36.3,81.8,31.56,31.7,110.2,Moderate,2,544.4,363.1,35.4,26.55,83.52,203.0,Normal Wear
NMC,58.0,546,0.225,23.8,47.8,27.03,20.1,78.1,Aggressive,0,613.8,77.3,36.1,20.77,88.34,245.9,Healthy
NMC,64.0,96,0.585,30.6,49.6,21.26,37.6,44.8,Moderate,0,1157.6,414.1,34.4,22.85,95.02,269.5,Healthy
LFP,82.0,459,0.279,20.9,40.7,23.87,34.2,46.8,Moderate,1,158.7,253.7,35.4,18.28,92.06,410.2,Healthy
NMC,45.0,1306,0.53,44.6,69.2,43.51,18.7,86.7,Moderate,0,38.7,174.6,34.9,16.63,68.0,183.5,Replacement Required
NMC,64.0,1228,0.822,27.6,69.8,44.13,28.3,35.3,Moderate,1,226.8,282.2,32.6,17.53,71.42,264.7,Replacement Required
NMC,100.0,1098,0.685,31.8,67.5,41.99,7.1,31.5,Eco,1,855.0,169.3,36.7,19.8,73.9,371.5,Replacement Required
NMC,100.0,1351,0.316,16.4,57.4,43.92,23.1,35.3,Moderate,1,218.6,107.7,39.1,16.49,77.24,466.9,Degradation Warning
LFP,75.0,535,0.428,31.7,63.5,26.7,40.8,64.2,Moderate,2,634.4,158.2,32.4,21.75,89.93,306.7,Healthy
NMC,75.0,1342,0.211,27.7,82.1,42.41,31.6,60.4,Aggressive,1,1026.8,364.3,35.9,26.1,78.7,224.1,Degradation Warning
NMC,75.0,1273,0.063,29.8,50.0,42.35,9.5,25.2,Eco,2,1008.5,156.5,38.5,19.78,80.64,304.5,Normal Wear
NMC,45.0,1329,0.282,27.1,51.1,41.68,38.5,41.2,Moderate,2,252.3,213.8,34.7,19.16,78.71,184.6,Degradation Warning
LFP,82.0,1181,0.346,26.3,76.7,41.93,32.9,59.8,Moderate,1,1076.6,262.3,39.3,21.28,83.82,324.6,Normal Wear
LFP,58.0,634,0.501,25.2,87.7,31.81,-8.1,68.0,Moderate,1,1192.6,374.5,37.5,28.96,89.11,183.1,Healthy
LFP,100.0,1050,0.805,26.5,58.7,42.29,28.8,65.2,Eco,0,1168.8,73.8,32.4,17.76,80.82,455.5,Normal Wear
NMC,100.0,695,0.808,35.8,91.3,35.07,40.8,57.0,Moderate,2,1069.4,378.7,33.7,25.08,78.97,317.4,Degradation Warning
NMC,82.0,439,0.106,24.8,43.2,26.05,6.5,106.2,Eco,2,75.7,329.4,37.4,24.16,89.8,303.9,Healthy
NMC,45.0,295,0.542,40.6,46.5,22.0,4.3,66.6,Moderate,1,752.6,205.4,30.4,23.0,88.4,173.1,Healthy
LFP,75.0,627,0.084,27.4,65.3,29.61,23.3,89.4,Moderate,0,528.0,417.2,32.9,21.49,90.11,312.8,Healthy
NMC,82.0,590,0.568,35.4,79.8,30.8,-4.3,108.2,Eco,2,335.2,90.6,36.0,27.74,83.27,245.1,Normal Wear
NMC,58.0,109,0.144,33.9,60.4,17.36,25.1,110.4,Aggressive,2,378.6,328.2,33.6,30.35,96.3,184.0,Healthy
LFP,75.0,301,0.807,17.6,70.5,24.45,1.8,110.7,Moderate,1,1131.7,321.9,31.9,33.21,92.27,207.9,Healthy
LFP,58.0,1214,0.741,18.9,41.6,43.77,13.5,74.5,Eco,1,1142.4,401.4,35.1,19.66,80.93,237.7,Normal Wear
NMC,64.0,657,0.068,22.9,65.4,31.4,36.4,91.1,Eco,2,121.5,358.5,38.2,19.07,86.72,286.2,Normal Wear
NMC,58.0,830,0.676,17.7,53.3,36.28,31.4,56.5,Eco,1,244.4,271.5,33.0,15.84,81.13,298.4,Normal Wear
NMC,75.0,1398,0.559,24.5,68.4,45.73,-4.4,111.2,Moderate,1,1101.6,151.4,33.4,33.68,72.7,160.9,Replacement Required
LFP,64.0,1247,0.446,27.2,68.9,45.46,29.6,46.3,Moderate,2,736.7,248.4,34.5,19.09,81.7,273.0,Normal Wear
LFP,75.0,1332,0.532,30.9,81.4,45.61,11.4,103.8,Aggressive,1,847.6,105.9,39.8,30.87,78.98,192.3,Degradation Warning
NMC,100.0,887,0.593,28.1,69.7,37.11,41.7,72.0,Eco,1,417.0,241.0,32.5,18.96,80.08,425.1,Normal Wear
NMC,75.0,481,0.758,27.0,73.8,29.51,5.6,54.9,Moderate,2,289.6,137.9,32.2,21.87,84.77,287.5,Normal Wear
LFP,64.0,769,0.664,33.1,69.1,34.98,14.5,63.0,Eco,2,534.6,397.1,36.0,17.87,83.99,300.1,Normal Wear
LFP,58.0,1216,0.51,32.3,94.5,39.42,7.7,83.8,Eco,1,408.9,212.3,38.9,18.59,79.71,238.8,Degradation Warning
NMC,100.0,320,0.71,38.4,83.5,25.84,20.5,118.0,Eco,1,1133.4,122.3,33.2,25.74,87.39,341.2,Normal Wear
NMC,45.0,619,0.84,28.1,81.6,33.37,3.8,34.8,Moderate,2,197.9,78.3,39.6,20.73,81.21,181.6,Normal Wear
NMC,45.0,548,0.29,12.5,74.5,29.6,37.5,116.9,Moderate,0,1190.1,185.7,31.1,30.35,88.21,133.9,Healthy
NMC,45.0,159,0.145,29.6,69.1,21.8,22.1,106.6,Moderate,1,1087.7,90.2,31.5,24.76,93.81,166.9,Healthy
LFP,45.0,297,0.635,40.6,59.0,26.08,39.0,83.7,Eco,1,685.4,230.8,33.1,18.93,92.39,217.9,Healthy
LFP,82.0,682,0.833,33.2,83.1,33.89,25.4,38.0,Moderate,1,410.9,86.5,34.9,16.68,84.57,416.3,Normal Wear
LFP,45.0,530,0.143,34.5,50.4,26.54,-0.3,106.2,Moderate,1,868.4,361.6,34.2,30.98,90.0,121.5,Healthy
NMC,64.0,1389,0.395,27.6,42.0,44.31,-9.2,94.1,Eco,1,576.8,233.0,32.8,25.94,77.03,188.2,Degradation Warning
LFP,45.0,1183,0.1,32.5,78.4,39.91,11.2,74.7,Moderate,1,449.9,347.5,29.3,21.01,84.51,180.9,Normal Wear
NMC,75.0,133,0.671,34.8,48.0,24.06,41.7,113.6,Eco,1,399.0,197.4,35.0,24.64,94.75,286.3,Healthy
NMC,45.0,599,0.809,25.0,89.7,31.39,35.6,91.4,Eco,1,96.2,338.8,34.4,18.12,84.14,212.9,Normal Wear
NMC,58.0,710,0.449,24.0,82.4,32.12,34.0,53.9,Moderate,2,521.6,211.9,35.0,19.09,84.11,252.2,Normal Wear
NMC,64.0,656,0.378,29.7,73.1,29.54,19.6,29.4,Eco,0,297.4,305.0,32.4,15.75,84.81,342.2,Normal Wear
LFP,64.0,842,0.776,32.8,57.3,37.74,-5.1,100.9,Moderate,2,23.4,319.6,34.1,30.25,82.76,181.2,Normal Wear
NMC,100.0,894,0.157,12.0,75.1,35.32,-9.2,50.5,Eco,0,280.0,280.9,34.7,21.09,83.15,400.0,Normal Wear
NMC,82.0,959,0.763,25.8,66.2,37.93,33.6,53.1,Eco,1,281.7,89.3,33.7,15.55,78.6,421.0,Degradation Warning
NMC,75.0,961,0.364,15.3,56.0,37.1,-0.8,70.0,Moderate,2,362.7,198.5,33.2,24.89,81.22,242.2,Normal Wear
NMC,64.0,1154,0.498,26.3,92.0,37.91,-6.0,100.0,Moderate,1,1134.4,341.9,36.4,32.17,76.65,151.7,Degradation Warning
NMC,58.0,377,0.473,37.1,48.9,25.05,26.9,117.4,Moderate,0,1079.6,393.6,31.5,30.24,87.8,162.5,Normal Wear
NMC,45.0,1281,0.543,23.3,81.4,45.42,-9.9,46.6,Moderate,1,38.4,301.2,34.8,24.75,74.52,132.9,Replacement Required
LFP,64.0,22,0.804,25.3,84.0,19.7,28.5,113.2,Aggressive,0,285.8,408.6,33.6,31.89,98.11,198.8,Healthy
NMC,58.0,423,0.811,31.0,92.3,26.76,0.0,85.4,Moderate,0,530.7,166.0,33.5,22.55,86.13,220.2,Normal Wear
NMC,45.0,44,0.715,33.0,70.2,21.0,6.7,110.6,Aggressive,1,333.3,117.7,37.1,32.04,96.51,139.8,Healthy
NMC,82.0,528,0.203,32.7,69.4,26.65,-1.1,109.8,Eco,1,474.3,184.8,36.8,26.54,87.73,271.3,Normal Wear
LFP,64.0,715,0.317,27.2,90.6,31.44,30.4,64.2,Aggressive,1,996.7,307.3,35.4,24.91,87.4,224.4,Normal Wear
NMC,64.0,80,0.44,30.4,84.1,19.65,15.2,92.8,Moderate,1,683.1,206.7,36.4,21.49,95.8,282.2,Healthy
NMC,58.0,142,0.774,30.2,82.0,23.58,-1.4,119.7,Aggressive,0,503.2,300.7,36.2,36.0,92.88,152.3,Healthy
NMC,100.0,74,0.467,22.8,83.4,20.58,-8.0,92.2,Moderate,2,583.0,315.7,32.9,32.31,95.42,292.0,Healthy
NMC,75.0,1206,0.832,16.5,67.1,44.58,41.3,70.8,Eco,0,329.7,284.9,34.7,17.43,71.6,309.6,Replacement Required
NMC,82.0,993,0.837,21.6,42.3,41.3,27.1,62.2,Aggressive,2,252.0,342.6,33.0,22.27,76.74,282.7,Degradation Warning
LFP,75.0,1082,0.529,35.6,50.9,39.79,25.4,39.3,Moderate,0,254.9,151.6,34.9,16.44,80.73,369.8,Normal Wear
NMC,64.0,1126,0.752,40.3,75.4,42.42,16.1,124.9,Moderate,2,958.3,108.4,27.0,31.85,68.85,143.4,Replacement Required
NMC,75.0,565,0.849,26.5,61.8,31.44,12.6,90.8,Eco,1,232.1,86.9,27.4,18.52,83.75,343.7,Normal Wear
LFP,45.0,132,0.73,35.4,73.4,20.61,31.4,52.7,Moderate,1,1093.4,411.6,35.5,21.32,94.9,200.3,Healthy
LFP,82.0,444,0.576,25.2,70.3,29.12,33.0,32.4,Moderate,1,539.2,321.2,38.3,19.83,90.88,377.3,Healthy
NMC,75.0,937,0.726,29.1,64.1,38.17,-6.8,100.4,Aggressive,2,640.2,153.5,34.7,36.0,79.29,169.6,Degradation Warning
NMC,45.0,249,0.116,23.3,52.9,22.6,34.7,110.5,Eco,1,733.2,236.9,32.7,23.65,92.25,172.2,Healthy
NMC,58.0,1326,0.558,33.1,79.5,45.43,29.6,67.8,Moderate,1,367.5,91.8,33.7,16.64,73.46,258.2,Replacement Required
NMC,75.0,936,0.223,23.2,90.0,35.57,15.3,120.6,Moderate,2,1074.7,302.7,35.7,31.36,84.0,204.4,Normal Wear
LFP,82.0,1330,0.143,21.6,82.3,43.6,14.8,57.8,Moderate,0,730.0,408.5,39.3,20.74,85.95,342.8,Normal Wear
LFP,45.0,174,0.764,27.3,46.6,23.42,33.4,100.6,Moderate,1,1079.4,317.0,26.2,26.92,95.45,163.3,Healthy
LFP,75.0,184,0.562,31.9,69.6,21.31,31.3,51.3,Moderate,2,609.0,287.9,36.8,19.51,94.72,365.7,Healthy
NMC,58.0,981,0.245,28.0,85.9,35.93,-2.8,58.6,Aggressive,2,46.8,392.8,33.5,31.17,82.64,152.1,Normal Wear
NMC,75.0,1225,0.359,24.2,72.5,43.07,18.6,85.5,Moderate,2,37.4,249.3,34.9,17.56,79.48,334.6,Degradation Warning
NMC,45.0,1282,0.829,21.6,64.2,46.48,40.4,28.7,Moderate,0,369.2,330.8,28.0,20.72,72.29,162.5,Replacement Required
LFP,75.0,668,0.74,16.9,55.7,31.78,28.2,46.1,Moderate,0,1016.8,396.5,33.1,21.18,87.22,312.1,Normal Wear
NMC,82.0,1382,0.062,24.3,58.2,43.38,40.6,42.6,Eco,1,319.7,296.4,34.4,18.16,80.97,367.1,Normal Wear
NMC,64.0,957,0.834,26.1,53.3,37.97,30.4,57.8,Moderate,1,581.3,254.1,35.9,18.58,77.51,265.7,Degradation Warning
LFP,45.0,531,0.345,30.3,50.8,27.81,17.3,102.7,Moderate,1,241.8,273.2,30.7,22.47,91.44,186.2,Healthy
LFP,45.0,951,0.606,20.0,72.4,38.88,21.5,115.8,Moderate,1,900.1,339.3,36.8,27.84,83.16,133.4,Normal Wear
LFP,45.0,285,0.62,31.0,68.0,23.7,26.9,26.3,Moderate,0,803.7,88.2,36.9,17.31,92.86,240.1,Healthy
NMC,45.0,206,0.779,23.4,80.4,23.68,27.9,50.7,Moderate,2,1083.0,184.8,38.0,18.96,90.84,216.9,Healthy
LFP,75.0,1083,0.758,23.9,56.9,40.09,28.9,27.5,Moderate,1,426.1,88.0,35.0,16.77,81.37,372.5,Normal Wear
LFP,82.0,410,0.275,34.5,65.3,25.59,38.4,111.1,Eco,0,1181.9,345.2,33.7,26.52,90.75,273.8,Healthy
NMC,58.0,1303,0.565,12.1,77.4,44.62,6.1,44.9,Moderate,1,1053.2,390.2,40.0,24.23,74.5,178.2,Replacement Required
NMC,82.0,674,0.365,19.6,93.0,29.9,33.1,102.1,Moderate,0,538.1,209.8,31.2,24.13,83.32,282.4,Normal Wear
NMC,45.0,195,0.47,27.3,59.2,22.23,19.6,28.3,Eco,1,1032.3,158.2,35.1,16.36,93.01,254.2,Healthy
LFP,100.0,793,0.494,27.0,56.4,33.79,36.0,64.8,Moderate,1,509.8,84.2,35.0,19.08,86.82,458.3,Normal Wear
NMC,75.0,783,0.367,16.8,64.7,33.47,22.8,60.9,Moderate,2,945.0,72.4,38.1,18.29,84.26,350.8,Normal Wear
NMC,100.0,1372,0.421,24.0,79.8,43.86,38.6,57.9,Moderate,1,432.1,260.9,33.9,20.8,75.28,365.1,Degradation Warning
NMC,75.0,950,0.217,32.7,92.9,34.91,12.0,82.0,Moderate,0,306.4,186.7,34.1,18.98,80.72,316.4,Normal Wear
LFP,45.0,1243,0.536,20.0,69.5,43.24,-4.8,64.1,Moderate,0,885.1,407.4,40.0,24.85,81.14,149.2,Normal Wear
NMC,75.0,730,0.657,33.5,84.7,34.37,23.5,65.3,Aggressive,1,1157.5,356.1,38.0,25.64,80.83,238.7,Normal Wear
NMC,45.0,1239,0.394,22.7,65.5,40.97,30.3,43.9,Moderate,1,871.7,227.8,35.8,19.01,79.16,186.4,Degradation Warning
NMC,82.0,845,0.832,15.8,42.2,37.03,26.0,66.5,Moderate,2,1171.7,139.5,33.6,19.95,79.14,325.3,Degradation Warning
LFP,64.0,608,0.096,31.9,89.2,28.93,27.7,99.1,Moderate,1,1104.6,204.0,36.5,23.49,90.45,251.6,Healthy
NMC,75.0,550,0.521,28.5,55.9,29.2,-8.5,57.3,Aggressive,1,511.6,95.1,37.9,30.61,85.09,201.7,Normal Wear
NMC,45.0,1105,0.517,18.2,47.6,39.82,40.2,110.7,Moderate,0,606.0,288.0,32.9,27.31,78.45,135.6,Degradation Warning
LFP,100.0,1370,0.079,23.7,94.8,42.23,3.7,41.6,Moderate,1,228.5,372.8,31.8,23.35,83.57,355.9,Normal Wear
NMC,45.0,300,0.23,37.3,59.1,21.75,11.5,109.7,Aggressive,1,527.0,222.4,36.3,31.65,90.43,128.2,Healthy
LFP,100.0,246,0.774,31.0,47.5,24.84,11.8,86.6,Moderate,0,920.6,238.1,37.0,22.6,92.68,409.9,Healthy
NMC,75.0,658,0.486,33.7,57.1,28.69,37.2,67.4,Moderate,2,627.0,398.2,37.1,21.95,83.58,283.8,Normal Wear
NMC,58.0,1101,0.399,20.2,68.3,38.76,28.7,28.5,Moderate,0,1168.1,178.4,34.2,19.73,79.39,230.8,Degradation Warning
NMC,100.0,940,0.382,34.4,44.8,36.6,22.3,37.7,Moderate,1,137.9,105.6,35.1,16.2,79.23,489.5,Degradation Warning
NMC,45.0,496,0.761,18.5,59.4,30.38,-3.8,66.4,Eco,2,609.3,94.1,36.1,22.25,86.37,169.0,Normal Wear
LFP,75.0,735,0.344,18.6,76.8,30.64,6.8,112.8,Moderate,0,638.5,338.9,36.1,29.1,89.09,228.6,Healthy
NMC,45.0,262,0.737,32.0,90.4,23.91,15.6,120.7,Moderate,0,178.6,146.4,34.5,26.1,89.64,157.2,Healthy
LFP,58.0,386,0.297,19.0,61.9,24.59,-4.0,118.0,Moderate,2,956.5,419.6,32.8,36.0,93.38,150.5,Healthy
NMC,64.0,955,0.475,36.1,71.1,37.7,19.7,52.4,Aggressive,1,981.8,407.1,34.1,25.26,76.88,193.5,Degradation Warning
NMC,58.0,857,0.165,19.5,75.0,32.69,1.1,50.7,Moderate,0,1076.9,368.8,39.2,24.19,81.98,197.5,Normal Wear
NMC,82.0,1295,0.71,21.2,43.9,45.01,32.9,99.0,Moderate,0,1124.4,246.4,36.5,24.96,74.22,248.5,Replacement Required
LFP,75.0,925,0.639,33.9,58.8,37.74,33.1,119.1,Moderate,0,896.9,247.7,35.5,29.61,81.65,210.7,Normal Wear
NMC,58.0,1365,0.474,23.3,77.6,43.76,21.1,38.3,Eco,2,1010.1,396.3,33.3,18.27,74.56,231.5,Replacement Required
NMC,64.0,395,0.071,31.8,80.5,25.27,8.7,62.8,Eco,0,87.6,174.1,32.7,16.05,87.95,353.7,Normal Wear
NMC,45.0,730,0.435,20.3,59.6,32.31,-7.7,108.6,Moderate,2,460.6,240.3,34.2,33.87,84.07,112.2,Normal Wear
NMC,75.0,362,0.23,25.3,40.4,23.2,22.7,74.2,Eco,2,342.0,210.9,31.6,15.63,89.83,428.0,Healthy
NMC,100.0,259,0.381,31.4,40.4,23.83,30.8,109.2,Aggressive,1,952.6,195.5,37.0,32.74,90.86,276.9,Healthy
LFP,58.0,158,0.735,21.9,69.6,22.72,31.1,36.7,Aggressive,2,370.3,382.1,39.2,23.12,95.74,239.7,Healthy
NMC,64.0,1165,0.666,33.1,70.3,42.08,15.2,102.7,Eco,0,601.3,323.5,31.6,21.72,71.59,208.5,Replacement Required
LFP,58.0,439,0.244,24.8,70.6,25.69,-2.7,64.0,Moderate,1,508.5,400.6,32.7,25.5,92.37,213.7,Healthy
NMC,82.0,323,0.838,27.7,79.7,26.54,-6.6,94.3,Eco,1,910.2,95.2,35.7,25.44,89.09,293.0,Healthy
LFP,75.0,134,0.773,21.0,90.7,21.58,-7.1,54.3,Eco,2,692.1,359.5,35.1,25.83,95.54,275.3,Healthy
LFP,45.0,362,0.473,22.4,94.5,26.36,3.0,94.2,Moderate,0,473.6,184.8,35.3,22.96,92.79,178.7,Healthy
NMC,64.0,1294,0.474,21.9,78.6,41.93,-2.6,95.2,Eco,2,157.2,276.8,36.0,24.61,76.3,198.5,Degradation Warning
LFP,58.0,26,0.771,23.3,68.3,19.66,-1.2,66.9,Moderate,1,196.0,316.3,39.5,22.95,98.37,252.2,Healthy
NMC,75.0,750,0.559,36.3,47.8,35.58,26.3,121.9,Moderate,0,865.8,119.5,30.7,29.47,79.87,196.3,Degradation Warning
LFP,58.0,198,0.479,33.7,61.1,21.96,-0.7,25.0,Moderate,0,40.2,332.0,40.0,20.71,93.93,263.3,Healthy
LFP,75.0,1188,0.649,29.7,71.5,40.75,26.0,92.4,Eco,1,526.2,189.2,33.7,17.89,79.93,337.5,Degradation Warning
NMC,82.0,435,0.238,23.0,95.0,26.48,8.3,115.9,Moderate,2,875.9,167.5,33.7,31.4,86.99,225.7,Normal Wear
NMC,58.0,685,0.753,21.9,47.0,32.88,30.3,110.7,Moderate,2,437.8,235.0,35.0,24.91,82.4,193.7,Normal Wear
NMC,82.0,1164,0.475,21.2,83.6,39.86,-1.7,81.5,Eco,2,780.8,344.0,33.3,25.05,78.0,255.0,Degradation Warning
NMC,100.0,1167,0.533,25.2,94.9,42.8,-8.8,114.6,Eco,1,922.8,213.2,40.0,31.71,75.91,242.0,Degradation Warning
NMC,100.0,169,0.122,28.7,84.3,20.43,-5.4,35.8,Aggressive,2,1056.1,260.8,35.6,36.0,94.12,265.7,Healthy
NMC,64.0,416,0.298,30.7,82.2,26.82,40.2,79.3,Moderate,1,269.2,153.5,37.1,19.24,88.97,296.9,Healthy
NMC,82.0,400,0.391,27.1,54.2,24.19,18.0,123.1,Aggressive,0,845.1,181.3,38.0,36.0,89.88,207.6,Healthy
LFP,75.0,858,0.381,30.4,40.2,34.28,21.6,124.2,Moderate,0,670.5,399.5,35.8,30.69,86.52,205.0,Normal Wear
NMC,64.0,20,0.673,32.6,52.4,19.08,40.3,92.9,Moderate,1,550.9,391.7,33.0,24.5,97.62,251.2,Healthy
NMC,58.0,263,0.276,24.8,83.4,20.8,30.4,41.8,Aggressive,1,502.2,380.7,36.2,23.26,91.7,228.4,Healthy
NMC,58.0,1294,0.196,33.6,45.9,42.74,-4.1,36.3,Moderate,1,1047.4,206.0,33.3,26.36,76.44,164.1,Degradation Warning
NMC,75.0,898,0.516,21.1,56.3,37.37,11.9,117.2,Eco,2,215.1,80.3,36.2,23.83,80.55,252.0,Normal Wear
NMC,45.0,1342,0.542,30.5,70.9,44.54,32.7,113.1,Eco,0,934.1,391.7,32.7,25.25,73.81,132.8,Replacement Required
NMC,45.0,779,0.147,27.2,71.9,31.65,24.6,56.5,Aggressive,1,91.8,210.3,34.5,19.23,84.48,197.5,Normal Wear
LFP,58.0,973,0.052,28.1,69.9,34.94,1.2,118.2,Moderate,1,657.4,351.3,33.8,33.45,89.01,156.3,Healthy
LFP,75.0,1340,0.784,24.8,93.9,47.81,31.9,38.1,Moderate,2,192.0,250.5,31.3,18.63,76.88,313.2,Degradation Warning
NMC,45.0,996,0.114,34.5,40.7,35.61,19.1,54.4,Eco,0,551.4,382.7,32.5,16.66,81.04,220.8,Normal Wear
LFP,82.0,1158,0.768,23.4,66.8,42.81,31.0,89.4,Moderate,2,578.9,110.9,35.8,20.1,80.24,327.5,Normal Wear
NMC,58.0,20,0.369,35.3,67.7,18.71,22.6,42.1,Moderate,0,878.5,360.4,30.2,20.6,98.3,274.9,Healthy
LFP,100.0,572,0.572,35.4,56.1,30.02,14.1,123.9,Moderate,1,250.8,373.6,35.4,30.67,88.48,293.4,Healthy
LFP,82.0,501,0.198,29.7,68.9,25.53,27.9,47.3,Eco,2,354.0,171.5,35.4,15.01,90.66,495.6,Healthy
NMC,75.0,619,0.709,25.1,77.0,30.32,35.0,49.5,Moderate,1,601.2,288.8,37.8,20.12,82.94,303.0,Normal Wear
NMC,100.0,782,0.194,22.0,77.0,31.06,14.2,72.5,Moderate,2,907.8,89.3,32.1,20.79,84.43,409.2,Normal Wear
NMC,82.0,354,0.359,15.0,44.8,24.53,-8.5,102.8,Moderate,2,653.4,179.7,33.5,33.76,90.23,221.2,Healthy
NMC,45.0,484,0.24,30.2,84.1,24.56,20.8,37.0,Moderate,0,952.9,200.4,28.8,19.72,87.75,200.6,Normal Wear
LFP,45.0,1184,0.72,20.3,91.2,43.33,-5.3,91.7,Moderate,1,785.6,103.2,36.5,26.85,80.69,136.5,Normal Wear
NMC,100.0,602,0.737,21.2,46.8,29.65,6.9,34.9,Moderate,0,1103.0,221.7,38.0,22.83,83.57,363.1,Normal Wear
LFP,64.0,156,0.348,30.3,62.9,19.01,18.6,34.5,Moderate,2,802.5,296.8,39.0,19.14,94.3,313.7,Healthy
LFP,58.0,1023,0.296,24.4,68.1,38.02,8.0,29.1,Moderate,0,415.7,297.2,39.4,19.88,86.49,250.5,Normal Wear
NMC,100.0,969,0.669,28.3,47.4,37.86,4.6,79.5,Moderate,2,120.9,234.5,34.5,22.78,79.01,352.0,Degradation Warning
LFP,75.0,706,0.753,29.8,67.7,33.91,-9.0,68.6,Aggressive,1,845.2,113.2,34.6,32.45,85.6,196.2,Normal Wear
LFP,58.0,186,0.549,36.6,51.4,21.95,4.0,55.7,Moderate,1,1179.0,97.6,37.8,23.26,94.74,232.9,Healthy
LFP,82.0,1386,0.792,28.2,91.4,49.34,10.0,77.7,Moderate,1,585.1,357.9,33.2,22.12,74.72,278.4,Replacement Required
LFP,75.0,929,0.356,23.7,64.7,35.88,5.1,75.2,Aggressive,1,162.1,265.9,35.9,25.48,85.35,245.8,Normal Wear
LFP,75.0,899,0.172,26.5,94.7,32.78,22.7,72.4,Moderate,0,384.4,332.5,36.1,18.15,86.25,355.2,Normal Wear
NMC,45.0,861,0.194,23.5,42.6,34.11,24.6,42.2,Moderate,1,492.4,81.6,37.8,16.17,83.86,235.6,Normal Wear
LFP,82.0,84,0.586,38.3,47.0,18.93,30.6,114.7,Eco,2,164.9,224.5,34.1,22.66,97.27,351.2,Healthy
NMC,45.0,1110,0.376,29.2,64.4,40.65,-0.3,87.0,Aggressive,1,398.5,386.3,38.1,30.57,77.8,112.2,Degradation Warning
LFP,45.0,452,0.175,30.5,88.1,26.04,22.2,37.7,Moderate,1,958.6,317.8,36.3,19.45,91.6,207.1,Healthy
LFP,64.0,1093,0.284,35.1,70.5,38.92,12.4,50.5,Moderate,0,380.5,338.2,34.8,19.22,82.53,272.0,Normal Wear
NMC,45.0,1357,0.474,21.9,80.3,45.89,6.8,101.5,Moderate,2,1198.4,234.9,33.9,28.87,75.91,118.4,Degradation Warning
NMC,58.0,1352,0.147,18.4,63.3,44.33,15.1,102.6,Moderate,2,349.1,330.8,31.0,24.35,78.86,187.5,Degradation Warning
NMC,75.0,134,0.053,26.9,42.2,17.96,15.0,97.6,Aggressive,0,119.0,305.3,38.3,25.94,93.95,275.1,Healthy
NMC,45.0,588,0.784,18.5,75.6,31.67,23.2,104.0,Aggressive,0,945.9,116.8,36.7,28.26,84.52,133.3,Normal Wear
NMC,100.0,1385,0.294,24.5,74.9,44.75,19.1,84.8,Eco,0,145.3,101.9,37.2,15.2,76.17,493.5,Degradation Warning
LFP,58.0,661,0.227,13.9,43.9,28.7,22.8,53.9,Moderate,1,57.1,131.8,32.2,15.77,91.23,339.1,Healthy
LFP,82.0,514,0.609,18.9,49.4,28.24,41.0,60.8,Moderate,0,475.3,97.8,29.9,19.97,90.15,375.8,Healthy
LFP,75.0,1312,0.733,34.3,66.2,45.71,32.1,76.0,Aggressive,2,1082.0,272.3,40.0,26.03,73.82,206.7,Replacement Required
NMC,100.0,960,0.556,29.4,64.6,37.53,5.2,49.6,Eco,1,684.6,407.8,33.6,21.5,79.55,372.4,Degradation Warning
LFP,100.0,1123,0.254,37.8,81.4,39.29,17.7,110.3,Moderate,2,1101.3,340.7,32.5,28.63,81.02,289.2,Normal Wear
LFP,82.0,1342,0.739,26.8,61.3,45.68,1.9,99.7,Moderate,2,1048.1,330.8,33.1,31.38,78.07,201.9,Degradation Warning
NMC,100.0,987,0.458,26.6,76.5,35.72,17.0,123.0,Moderate,0,91.1,360.5,40.0,28.74,79.41,277.8,Degradation Warning
NMC,58.0,841,0.355,28.3,78.7,35.71,27.0,66.5,Eco,1,66.9,385.4,34.0,15.18,83.59,321.1,Normal Wear
NMC,82.0,221,0.534,48.0,75.5,20.95,-6.6,112.1,Moderate,1,357.4,176.4,33.7,32.26,88.26,223.5,Healthy
LFP,100.0,668,0.61,33.3,72.8,33.0,-2.9,102.9,Eco,2,1059.7,101.6,40.0,28.62,84.98,302.7,Normal Wear
NMC,82.0,579,0.525,22.0,84.3,29.37,-9.6,108.2,Moderate,1,606.0,333.0,36.1,33.84,84.81,202.3,Normal Wear
LFP,82.0,1061,0.786,29.4,76.1,41.18,9.7,93.8,Moderate,1,1149.5,219.4,35.3,25.48,80.59,268.7,Normal Wear
NMC,45.0,497,0.552,27.9,85.9,29.05,29.9,59.9,Moderate,1,358.3,400.9,36.0,18.35,86.4,220.3,Normal Wear
LFP,45.0,507,0.753,31.3,75.0,29.11,13.4,49.4,Moderate,2,535.6,396.7,34.9,20.38,87.8,194.7,Normal Wear
NMC,45.0,1002,0.52,38.2,48.7,36.52,19.7,52.2,Moderate,0,31.1,410.9,32.6,17.28,75.91,207.9,Degradation Warning
NMC,100.0,798,0.314,30.5,57.0,34.04,20.7,81.7,Eco,2,1048.4,341.2,38.1,19.05,81.81,428.2,Normal Wear
NMC,75.0,359,0.476,24.8,58.2,25.84,-5.3,113.0,Eco,2,192.0,284.5,34.2,30.04,89.65,219.5,Healthy
NMC,58.0,631,0.119,38.2,45.2,28.42,-0.9,69.9,Eco,1,1183.8,338.4,33.9,23.48,84.4,211.5,Normal Wear
LFP,100.0,135,0.234,19.2,78.1,20.09,37.6,84.9,Moderate,0,365.4,166.3,32.4,20.5,96.52,473.7,Healthy
NMC,45.0,93,0.663,25.4,72.7,21.23,13.9,98.4,Eco,2,1134.3,70.8,37.9,20.9,95.28,204.6,Healthy
LFP,82.0,1312,0.579,32.4,72.4,44.65,11.8,110.5,Eco,1,804.4,231.3,35.1,24.54,78.25,267.3,Degradation Warning
NMC,100.0,135,0.183,22.3,66.3,18.56,29.1,89.8,Eco,1,689.9,293.9,36.6,19.03,93.89,491.2,Healthy
NMC,82.0,1207,0.4,26.7,69.9,38.96,-7.6,87.9,Moderate,2,144.3,363.6,38.5,29.42,77.33,221.1,Degradation Warning
NMC,82.0,1265,0.164,22.8,40.4,41.6,33.7,123.8,Moderate,2,125.0,87.8,35.3,28.16,80.95,237.0,Normal Wear
NMC,82.0,145,0.735,26.8,45.3,21.09,24.9,111.2,Moderate,2,319.1,86.0,36.6,23.45,92.43,324.5,Healthy
LFP,64.0,676,0.137,22.8,77.6,29.87,-2.5,98.3,Moderate,2,429.0,397.9,37.5,30.41,91.76,192.5,Healthy
NMC,75.0,1219,0.573,27.5,54.4,42.47,-6.6,108.2,Moderate,1,740.3,140.5,35.3,31.9,77.42,184.8,Degradation Warning
LFP,58.0,683,0.536,25.0,45.9,29.8,-9.8,125.0,Aggressive,0,201.4,310.9,36.4,36.0,87.17,138.0,Normal Wear
LFP,58.0,1010,0.428,35.0,58.1,37.69,5.3,75.6,Moderate,1,831.1,121.4,34.8,21.85,82.53,216.3,Normal Wear
NMC,45.0,1037,0.273,29.3,54.0,36.84,6.9,95.6,Moderate,2,67.3,385.4,37.3,24.33,81.79,151.2,Normal Wear
NMC,64.0,878,0.373,31.4,41.6,36.45,-0.8,106.3,Moderate,0,1038.1,331.8,33.1,30.46,81.25,170.8,Normal Wear
LFP,100.0,104,0.695,27.9,62.6,18.85,4.9,69.4,Moderate,1,1052.5,89.1,36.9,23.31,95.67,408.6,Healthy
LFP,100.0,652,0.659,24.4,41.5,31.0,19.2,120.5,Moderate,0,1075.4,165.3,34.0,29.97,88.79,296.0,Healthy
LFP,58.0,470,0.641,29.0,40.0,26.83,-4.1,63.2,Moderate,2,509.5,409.4,37.4,27.55,91.21,187.6,Healthy
NMC,75.0,537,0.65,28.2,83.6,30.59,0.5,49.3,Aggressive,1,156.3,366.2,32.7,28.55,84.1,222.5,Normal Wear
LFP,82.0,865,0.165,12.5,57.3,33.55,19.2,92.7,Moderate,1,611.5,86.7,37.9,19.88,88.92,358.7,Healthy
NMC,45.0,714,0.129,27.2,71.2,30.95,26.6,33.1,Moderate,1,910.1,177.6,29.0,19.38,85.75,200.5,Normal Wear
LFP,75.0,569,0.739,31.0,56.4,29.48,38.4,37.7,Eco,0,322.8,185.1,36.5,16.34,86.46,395.7,Normal Wear
LFP,58.0,948,0.72,22.7,91.2,37.12,16.5,122.0,Moderate,2,800.4,237.9,31.1,30.26,81.51,156.3,Normal Wear
NMC,64.0,135,0.595,32.2,80.1,21.34,-4.1,53.2,Aggressive,1,22.5,166.6,35.5,27.22,92.89,217.6,Healthy
NMC,45.0,1051,0.535,29.1,60.3,41.31,20.8,28.3,Moderate,0,975.2,360.3,32.2,20.31,78.24,169.3,Degradation Warning
NMC,58.0,1261,0.343,24.6,51.6,42.93,41.8,72.5,Moderate,0,261.2,234.8,35.0,18.89,79.35,241.4,Degradation Warning
NMC,100.0,423,0.229,30.3,47.6,23.78,35.9,111.7,Eco,0,1094.9,74.4,36.8,24.51,87.01,352.9,Normal Wear
LFP,45.0,323,0.584,24.8,81.9,25.23,30.6,58.3,Aggressive,1,650.9,206.3,32.2,22.77,92.45,180.9,Healthy
NMC,58.0,759,0.78,28.7,64.9,35.58,28.2,66.9,Aggressive,2,450.6,277.5,34.2,21.79,80.13,216.4,Normal Wear
NMC,100.0,107,0.4,25.4,52.8,17.91,29.3,40.7,Moderate,0,884.7,300.7,26.7,21.87,95.19,436.0,Healthy
NMC,100.0,1053,0.293,30.3,90.6,37.51,-5.3,59.6,Aggressive,1,375.6,103.7,38.8,29.51,79.88,266.7,Degradation Warning
LFP,82.0,327,0.267,35.1,61.5,22.92,17.0,121.5,Moderate,1,858.1,244.1,40.0,29.85,93.18,254.8,Healthy
NMC,64.0,453,0.069,24.4,69.9,26.63,25.9,112.7,Aggressive,2,375.1,220.6,38.1,30.08,89.26,192.5,Healthy
NMC,82.0,821,0.466,32.4,87.2,34.33,-6.2,99.0,Aggressive,1,1016.8,131.6,34.5,36.0,80.08,179.4,Normal Wear
NMC,58.0,183,0.841,25.2,85.8,25.7,37.6,103.6,Eco,1,1177.3,133.1,38.2,23.15,93.06,240.9,Healthy
LFP,75.0,1282,0.702,25.3,75.1,43.96,-3.4,91.9,Moderate,1,789.3,410.6,35.7,29.05,78.72,204.9,Degradation Warning
LFP,82.0,1360,0.768,24.6,88.9,47.47,-5.4,36.8,Eco,1,645.7,214.7,38.3,22.52,76.74,281.5,Degradation Warning
NMC,75.0,1015,0.547,16.9,92.4,36.92,-3.6,36.7,Eco,0,551.9,294.1,34.8,20.45,77.93,286.1,Degradation Warning
NMC,100.0,675,0.435,30.0,91.4,31.85,12.0,78.7,Moderate,1,1115.0,142.2,36.6,21.98,83.75,382.0,Normal Wear
NMC,58.0,1378,0.842,28.7,59.2,47.15,18.2,84.5,Moderate,1,525.3,404.8,33.6,20.08,69.39,197.9,Replacement Required
NMC,64.0,37,0.408,28.0,61.8,17.8,-5.1,122.2,Aggressive,1,972.1,401.4,30.2,36.0,96.86,171.6,Healthy
NMC,75.0,1114,0.783,36.3,53.2,42.84,30.9,70.1,Eco,0,4.6,347.7,39.8,15.3,71.8,351.3,Replacement Required
LFP,58.0,1218,0.659,37.0,86.0,44.29,0.4,116.7,Eco,2,1070.9,222.7,39.2,30.93,76.03,146.3,Degradation Warning
NMC,75.0,830,0.315,34.8,46.7,33.85,19.1,124.0,Aggressive,0,464.1,215.3,36.4,34.94,81.2,179.7,Normal Wear
LFP,82.0,358,0.452,25.6,59.5,27.04,15.5,109.5,Eco,1,334.2,381.4,33.7,22.93,90.74,330.0,Healthy
NMC,58.0,267,0.357,25.3,40.5,22.57,37.1,64.9,Eco,2,181.1,374.0,34.3,17.59,91.1,300.1,Healthy
LFP,82.0,1236,0.159,20.9,72.7,41.07,36.5,100.3,Moderate,1,85.8,393.6,35.5,23.73,86.66,298.2,Normal Wear
LFP,45.0,1368,0.335,27.4,76.2,44.69,2.4,79.5,Eco,1,1058.7,165.6,40.0,21.03,82.48,177.1,Normal Wear
NMC,58.0,325,0.761,27.0,53.7,26.91,18.0,44.9,Eco,2,398.0,301.8,34.7,15.57,88.71,326.4,Healthy
NMC,75.0,223,0.652,30.2,80.5,23.4,41.2,38.0,Moderate,1,1166.9,305.1,33.5,23.83,90.6,290.7,Healthy
NMC,45.0,872,0.272,20.6,61.0,32.85,7.3,32.0,Eco,1,505.1,196.0,32.2,18.34,83.47,212.0,Normal Wear
NMC,82.0,1166,0.344,24.8,57.1,40.84,-6.2,57.6,Aggressive,0,1137.3,103.1,31.1,30.91,78.83,200.4,Degradation Warning
NMC,82.0,466,0.543,16.8,92.6,25.74,27.3,93.9,Moderate,0,790.0,106.5,32.8,21.28,86.92,332.8,Normal Wear
NMC,75.0,732,0.383,22.7,72.4,32.97,16.2,116.4,Eco,1,184.8,365.0,38.4,23.64,83.4,257.7,Normal Wear
LFP,45.0,452,0.452,32.4,53.9,28.16,38.9,57.0,Moderate,2,367.2,189.6,30.7,20.22,89.87,197.6,Healthy
NMC,100.0,1171,0.609,20.4,94.1,41.49,19.9,78.1,Aggressive,1,1129.2,381.6,35.9,26.6,75.08,282.6,Degradation Warning
LFP,64.0,841,0.424,37.5,61.3,33.74,16.6,71.9,Eco,0,515.0,170.2,35.1,15.45,83.58,339.6,Normal Wear
NMC,75.0,1090,0.203,33.1,75.6,35.67,37.6,35.9,Eco,1,67.4,140.9,34.5,15.71,78.7,379.0,Degradation Warning
LFP,82.0,524,0.466,30.0,79.8,28.21,9.8,101.0,Moderate,0,408.3,207.5,32.6,24.14,89.4,298.1,Healthy
NMC,58.0,134,0.335,35.0,63.2,20.15,21.1,76.9,Moderate,2,1051.5,323.4,36.4,20.18,94.55,279.0,Healthy
LFP,45.0,1014,0.283,26.3,69.5,37.37,34.0,116.7,Eco,1,1197.1,287.1,35.4,26.48,86.01,145.2,Normal Wear
NMC,100.0,242,0.312,22.6,53.2,22.04,21.1,108.5,Moderate,1,35.6,122.6,36.8,22.32,93.0,420.0,Healthy
NMC,64.0,655,0.401,26.4,65.6,30.19,5.5,52.8,Aggressive,2,565.2,413.4,36.0,29.38,84.9,182.3,Normal Wear
NMC,58.0,691,0.759,16.7,57.1,34.47,19.0,56.3,Aggressive,2,295.2,412.4,32.2,22.65,81.97,210.6,Normal Wear
NMC,45.0,977,0.637,34.1,70.1,37.2,12.5,78.7,Moderate,1,1177.9,165.2,34.2,21.26,76.28,167.2,Degradation Warning
NMC,100.0,952,0.584,24.9,76.8,36.42,41.2,37.5,Eco,2,460.8,255.5,35.5,19.33,79.75,410.1,Degradation Warning
NMC,75.0,115,0.427,22.5,73.8,18.24,-7.4,50.1,Moderate,1,1120.4,149.7,31.0,27.98,93.94,252.0,Healthy
NMC,100.0,126,0.051,23.2,82.7,17.04,29.9,107.1,Eco,2,732.7,417.3,37.3,23.72,93.62,396.3,Healthy
LFP,75.0,651,0.322,27.1,42.3,28.58,-8.8,40.3,Eco,2,1070.2,191.9,38.6,26.54,90.64,252.2,Healthy
NMC,45.0,717,0.701,27.7,44.3,30.8,21.4,79.6,Eco,1,1138.9,385.7,35.6,18.41,83.55,198.2,Normal Wear
NMC,100.0,51,0.361,26.1,51.3,17.32,12.4,64.4,Eco,0,125.8,220.2,34.0,16.17,96.93,599.0,Healthy
LFP,64.0,85,0.501,26.1,94.2,20.68,37.3,45.1,Eco,1,242.1,320.7,31.3,17.63,96.19,349.2,Healthy
NMC,100.0,1222,0.214,30.3,84.0,41.07,18.0,122.0,Moderate,2,318.4,386.9,33.8,29.38,78.0,268.6,Degradation Warning
NMC,45.0,798,0.783,20.4,90.8,36.41,33.0,107.5,Moderate,1,642.2,287.4,36.5,25.3,78.96,144.9,Degradation Warning
NMC,58.0,935,0.789,28.4,55.0,39.06,25.0,51.7,Aggressive,1,289.4,150.8,37.3,19.77,78.87,226.5,Degradation Warning
LFP,58.0,568,0.167,25.1,71.6,26.97,13.2,103.5,Moderate,1,1120.5,349.1,36.7,26.99,91.28,193.1,Healthy
LFP,100.0,220,0.629,15.0,70.5,22.9,7.6,25.6,Moderate,1,217.0,388.1,26.0,23.29,94.33,403.1,Healthy
LFP,100.0,68,0.11,20.5,71.3,16.16,-3.9,52.8,Moderate,0,205.2,101.2,32.4,21.7,97.49,443.2,Healthy
NMC,75.0,806,0.529,22.2,79.5,34.59,-9.3,35.8,Aggressive,2,182.0,200.7,36.5,33.34,81.74,187.5,Normal Wear
LFP,45.0,970,0.193,37.0,61.7,38.99,-9.9,67.4,Eco,0,523.2,417.4,31.7,22.31,84.17,173.9,Normal Wear
NMC,75.0,282,0.167,29.7,77.2,20.07,1.7,88.8,Moderate,0,54.3,298.2,33.4,22.37,91.26,312.1,Healthy
NMC,64.0,1176,0.053,28.6,83.4,40.04,19.2,42.1,Eco,1,816.1,131.0,33.0,16.19,81.99,319.6,Normal Wear
NMC,58.0,363,0.803,24.1,55.9,26.44,40.7,48.9,Moderate,1,298.4,365.1,31.1,21.19,87.3,236.0,Normal Wear
NMC,82.0,1219,0.713,23.9,92.0,45.4,26.7,64.3,Aggressive,2,1120.2,234.9,36.7,24.62,72.97,242.6,Replacement Required
NMC,82.0,30,0.112,19.9,68.5,16.71,-6.3,88.1,Eco,0,215.7,371.6,36.6,21.95,97.2,368.1,Healthy
NMC,45.0,220,0.53,25.0,80.3,21.89,23.6,56.1,Eco,2,94.6,337.2,34.9,14.6,91.69,279.6,Healthy
NMC,45.0,964,0.236,35.3,80.1,35.41,15.2,85.2,Moderate,1,482.9,322.7,38.7,19.8,79.78,182.0,Degradation Warning
NMC,82.0,945,0.261,19.1,71.1,36.33,23.1,59.9,Moderate,2,294.3,164.6,36.4,16.8,81.26,396.0,Normal Wear
LFP,45.0,22,0.749,23.5,57.7,21.96,22.4,50.8,Moderate,0,1042.9,265.5,35.4,19.38,98.83,227.8,Healthy
NMC,58.0,1257,0.141,32.6,76.7,41.96,-2.5,110.5,Eco,1,624.4,369.4,35.2,28.28,77.48,159.8,Degradation Warning
LFP,64.0,827,0.531,32.5,44.8,34.19,37.8,63.3,Eco,1,572.1,369.0,37.2,18.44,85.71,296.4,Normal Wear
NMC,64.0,1350,0.371,22.7,94.0,44.81,18.8,116.8,Moderate,1,933.9,129.7,36.2,27.19,75.97,177.5,Degradation Warning
LFP,75.0,579,0.203,34.0,50.1,29.71,26.4,55.6,Eco,1,783.2,210.4,33.4,16.7,89.63,404.3,Healthy
NMC,58.0,1370,0.412,24.4,55.1,45.43,10.1,79.3,Aggressive,2,11.5,230.9,36.1,23.46,75.63,187.8,Degradation Warning
NMC,45.0,218,0.802,20.1,92.5,24.02,-3.6,30.4,Moderate,0,822.5,238.3,37.6,23.18,91.5,179.9,Healthy
NMC,45.0,128,0.675,36.0,50.3,19.92,25.9,93.0,Moderate,1,854.9,230.2,38.7,21.06,93.26,197.9,Healthy
NMC,75.0,1334,0.156,27.6,49.4,44.09,39.0,104.5,Aggressive,1,209.2,103.6,40.0,28.8,79.93,207.6,Degradation Warning
LFP,75.0,127,0.73,26.0,84.2,21.76,20.2,122.1,Moderate,1,851.3,386.2,38.5,30.58,96.14,232.5,Healthy
NMC,45.0,571,0.8,28.0,53.8,30.37,0.3,108.7,Moderate,2,1192.6,343.5,32.0,34.38,85.37,112.9,Normal Wear
NMC,45.0,992,0.272,21.2,45.2,37.35,22.4,56.3,Eco,2,352.9,221.0,36.0,14.66,81.11,250.1,Normal Wear
LFP,58.0,71,0.317,23.6,52.5,19.25,12.3,80.7,Eco,2,46.3,403.0,37.7,17.47,97.79,323.1,Healthy
LFP,75.0,131,0.151,35.6,88.9,17.42,10.7,84.2,Moderate,1,1020.5,259.5,31.0,23.78,96.67,307.4,Healthy
NMC,58.0,314,0.326,38.2,55.4,22.33,37.5,30.7,Moderate,1,245.9,90.3,35.6,17.68,89.21,288.7,Healthy
NMC,100.0,1232,0.589,20.3,78.2,43.85,28.3,32.3,Aggressive,1,934.1,225.1,33.9,24.51,74.39,305.7,Replacement Required
NMC,45.0,84,0.268,24.7,61.7,19.74,16.5,57.6,Eco,0,488.5,142.2,33.4,15.14,95.79,289.0,Healthy
NMC,82.0,593,0.055,27.0,54.4,26.8,11.7,99.4,Aggressive,2,1084.6,419.4,36.1,33.99,87.79,211.7,Normal Wear
NMC,82.0,484,0.321,28.2,47.9,26.36,2.6,53.6,Moderate,1,1130.4,113.4,32.6,24.53,90.52,299.4,Healthy
LFP,100.0,277,0.413,21.3,93.5,22.19,7.9,112.4,Eco,2,475.3,177.2,33.1,26.13,93.67,357.8,Healthy
NMC,45.0,1023,0.503,30.9,68.7,39.96,18.1,89.5,Eco,0,1177.1,307.4,33.6,19.61,77.59,177.3,Degradation Warning
NMC,75.0,653,0.597,31.4,46.3,32.43,-7.5,71.8,Moderate,1,33.3,148.2,32.0,24.03,82.27,255.7,Normal Wear
NMC,82.0,1374,0.099,32.1,50.9,41.74,8.6,79.1,Moderate,1,682.8,109.3,33.7,21.21,77.26,296.0,Degradation Warning
LFP,75.0,229,0.426,31.5,62.4,24.13,15.7,58.1,Moderate,1,886.5,205.1,38.7,19.72,94.61,361.7,Healthy
LFP,82.0,108,0.263,27.5,69.9,22.88,21.6,122.4,Moderate,0,513.3,383.4,32.4,30.07,95.3,258.9,Healthy
NMC,75.0,47,0.808,32.9,50.0,18.63,28.6,42.6,Eco,0,790.5,272.0,35.2,16.94,95.23,423.0,Healthy
LFP,82.0,257,0.338,30.3,55.3,22.59,-9.3,111.0,Moderate,2,368.9,331.0,34.7,36.0,94.62,218.8,Healthy
NMC,75.0,355,0.13,18.1,83.1,21.02,5.3,92.8,Moderate,2,92.9,169.8,39.4,23.55,90.08,285.7,Healthy
NMC,100.0,82,0.083,18.1,63.0,16.78,3.6,96.2,Eco,1,1001.9,382.5,37.0,25.4,95.54,379.6,Healthy
NMC,58.0,519,0.262,28.9,40.1,25.19,17.1,108.6,Aggressive,0,355.6,266.3,34.9,29.08,88.21,169.8,Healthy
NMC,75.0,810,0.193,34.7,43.0,34.12,14.2,38.6,Eco,1,234.8,193.9,38.9,15.68,82.46,393.6,Normal Wear
NMC,58.0,611,0.57,29.7,64.2,30.2,-5.8,94.5,Moderate,1,239.9,299.3,33.4,27.6,83.19,167.7,Normal Wear
LFP,58.0,1094,0.728,30.5,43.3,42.46,29.6,102.6,Moderate,0,987.1,212.4,38.9,24.13,80.33,185.9,Normal Wear
NMC,45.0,1155,0.3,20.6,49.6,40.11,25.7,123.5,Aggressive,2,78.9,167.0,38.4,31.92,80.44,104.7,Normal Wear
LFP,100.0,320,0.512,27.4,80.0,26.52,32.7,99.8,Moderate,1,597.5,338.4,35.6,24.54,92.68,382.5,Healthy
NMC,58.0,1133,0.634,33.9,66.4,40.01,-4.2,120.2,Moderate,2,233.2,107.7,33.5,34.58,74.74,122.4,Replacement Required
NMC,64.0,248,0.369,29.7,66.5,19.54,16.3,110.0,Moderate,2,782.1,302.4,38.3,26.53,91.78,218.3,Healthy
NMC,58.0,169,0.103,27.6,72.9,18.3,21.4,112.6,Aggressive,2,958.8,253.9,36.9,32.65,93.07,164.0,Healthy
NMC,75.0,1181,0.233,30.6,83.4,39.57,-7.5,116.7,Moderate,1,674.0,249.7,36.9,35.14,79.25,163.7,Degradation Warning
NMC,58.0,1178,0.756,28.4,48.7,41.19,39.9,78.1,Eco,1,737.8,189.9,35.9,18.32,75.91,242.7,Degradation Warning
NMC,75.0,546,0.71,34.0,49.5,30.69,31.3,96.1,Aggressive,1,748.2,166.3,34.2,27.29,83.43,231.1,Normal Wear
NMC,75.0,352,0.119,28.4,46.7,23.21,2.7,37.4,Moderate,0,687.6,311.6,36.6,22.44,91.1,304.5,Healthy
NMC,64.0,193,0.229,26.8,91.5,21.83,22.7,60.6,Eco,2,262.9,353.8,32.9,15.87,93.36,375.7,Healthy
LFP,58.0,1256,0.665,20.7,71.8,45.35,-2.5,112.9,Eco,1,784.2,205.2,33.2,28.67,80.03,159.9,Normal Wear
NMC,58.0,1386,0.439,34.3,45.1,44.75,35.4,122.8,Aggressive,0,929.1,120.5,38.8,36.0,71.57,115.7,Replacement Required
NMC,82.0,80,0.658,21.4,52.1,19.16,-4.9,36.2,Moderate,0,988.9,77.5,40.0,23.65,97.49,336.6,Healthy
NMC,82.0,1104,0.219,28.4,79.9,36.34,37.0,83.6,Eco,0,95.2,272.9,34.5,16.96,80.11,381.5,Normal Wear
LFP,45.0,838,0.812,31.8,41.6,36.4,33.0,98.5,Eco,1,477.2,157.5,37.9,18.94,83.43,200.3,Normal Wear
LFP,75.0,543,0.677,37.7,79.9,29.66,14.9,76.6,Eco,2,443.1,214.5,35.9,16.58,87.2,394.6,Normal Wear
NMC,64.0,235,0.208,28.4,90.1,21.41,23.9,48.3,Moderate,0,1108.2,265.0,34.7,20.04,91.79,285.7,Healthy
NMC,82.0,643,0.497,35.3,43.1,28.88,2.8,29.2,Aggressive,1,791.4,323.3,34.4,29.82,83.9,227.2,Normal Wear
NMC,58.0,597,0.14,27.2,50.3,27.95,10.0,120.1,Moderate,1,567.3,218.2,38.7,29.9,87.48,165.7,Normal Wear
LFP,45.0,713,0.339,23.6,40.1,31.93,1.3,48.7,Moderate,1,1151.6,315.9,34.3,25.38,88.83,152.2,Healthy
LFP,64.0,442,0.578,43.6,46.0,26.53,17.4,54.9,Eco,0,193.0,389.7,33.6,15.87,87.16,353.1,Normal Wear
NMC,100.0,735,0.314,19.7,73.9,32.26,6.6,89.3,Moderate,1,433.9,167.1,37.9,23.03,84.06,366.8,Normal Wear
NMC,58.0,1249,0.575,44.5,42.5,43.14,8.3,67.9,Moderate,1,754.9,313.9,39.0,21.97,68.0,178.5,Replacement Required
NMC,58.0,1329,0.246,36.8,63.4,44.48,13.0,67.3,Eco,2,612.1,176.4,37.0,17.14,73.41,248.5,Replacement Required
LFP,100.0,1148,0.627,23.6,67.7,43.44,35.4,33.3,Moderate,0,708.7,93.8,30.8,20.05,82.07,415.6,Normal Wear
NMC,75.0,773,0.338,30.9,89.9,32.52,18.5,124.2,Aggressive,2,914.0,99.0,34.5,36.0,83.58,172.3,Normal Wear
NMC,75.0,766,0.682,18.6,66.1,35.45,31.9,53.4,Moderate,2,835.3,315.8,38.5,20.68,81.33,301.2,Normal Wear
NMC,82.0,707,0.159,30.6,47.8,28.47,34.1,36.0,Moderate,2,788.5,122.3,35.5,19.9,86.2,353.4,Normal Wear
LFP,82.0,742,0.34,28.9,55.9,31.31,2.8,93.2,Moderate,2,858.4,418.8,31.2,29.87,88.53,240.9,Healthy
LFP,58.0,766,0.421,32.2,77.0,33.29,30.4,100.2,Eco,2,937.8,260.3,36.7,21.22,86.36,236.2,Normal Wear
LFP,58.0,261,0.389,24.6,46.2,22.02,23.7,27.5,Moderate,2,252.6,179.4,34.2,16.42,94.06,336.3,Healthy
NMC,82.0,684,0.396,28.0,52.7,30.73,16.4,51.9,Moderate,1,825.8,281.8,32.4,20.44,85.14,343.1,Normal Wear
LFP,100.0,727,0.406,29.9,94.8,30.81,-5.4,44.4,Eco,0,797.4,101.5,31.5,21.34,86.55,404.2,Normal Wear
NMC,82.0,454,0.841,24.1,40.3,31.21,19.8,103.9,Aggressive,1,846.0,88.5,35.5,28.44,85.99,247.2,Normal Wear
NMC,58.0,800,0.205,35.4,48.4,31.08,-1.9,43.4,Moderate,2,293.3,258.0,36.7,24.86,81.91,189.7,Normal Wear
NMC,64.0,503,0.665,27.8,86.4,29.98,32.4,48.5,Moderate,1,337.5,132.8,32.5,17.78,84.56,308.6,Normal Wear
LFP,58.0,403,0.491,29.1,45.6,25.4,38.6,123.7,Moderate,2,925.1,95.4,29.8,32.77,90.85,159.0,Healthy
NMC,64.0,189,0.381,22.0,41.9,21.81,14.9,95.2,Moderate,1,453.6,289.8,37.8,21.89,92.9,273.7,Healthy
LFP,64.0,1040,0.557,17.1,46.7,38.39,12.9,63.8,Eco,2,1107.6,227.1,38.3,19.13,83.7,284.0,Normal Wear
LFP,58.0,969,0.733,18.9,78.1,38.35,15.4,100.4,Eco,2,136.4,244.0,32.8,19.34,82.52,248.2,Normal Wear
NMC,45.0,888,0.423,30.6,94.6,35.78,-6.5,71.6,Moderate,1,207.0,337.5,34.2,24.65,80.53,151.2,Normal Wear
NMC,82.0,342,0.742,22.3,72.5,27.02,2.3,46.3,Eco,2,222.4,310.8,39.5,20.92,88.93,352.8,Healthy
NMC,75.0,867,0.125,31.4,46.8,34.14,38.9,73.8,Moderate,2,342.6,351.9,32.9,21.48,83.43,287.0,Normal Wear
NMC,58.0,1275,0.572,36.9,50.1,43.97,7.9,102.2,Moderate,0,1080.8,101.0,36.4,25.53,69.68,161.4,Replacement Required
NMC,64.0,715,0.317,31.6,69.6,32.49,20.8,42.8,Moderate,2,451.9,98.8,34.2,16.68,83.61,327.1,Normal Wear
NMC,58.0,378,0.359,29.6,79.4,25.0,23.8,73.6,Moderate,1,553.7,272.0,32.2,18.47,88.54,281.6,Healthy
LFP,82.0,1318,0.507,30.9,76.5,44.22,35.6,36.9,Aggressive,1,507.3,393.0,33.5,25.69,79.65,260.8,Degradation Warning
LFP,100.0,51,0.434,33.6,71.6,19.64,2.4,109.3,Moderate,1,968.2,331.2,31.3,32.72,96.94,296.0,Healthy
NMC,64.0,196,0.355,28.9,94.2,21.18,36.3,106.9,Moderate,2,451.6,315.5,33.9,26.41,91.73,222.1,Healthy
NMC,75.0,936,0.297,31.0,50.9,35.79,10.4,92.3,Aggressive,2,999.0,193.9,32.8,30.73,82.34,195.2,Normal Wear
NMC,75.0,84,0.545,23.6,49.5,18.76,37.9,117.0,Moderate,2,578.3,269.2,34.8,29.94,94.09,235.0,Healthy
LFP,75.0,46,0.454,21.1,87.2,17.88,11.4,65.0,Eco,0,292.0,313.7,39.1,16.85,98.91,440.1,Healthy
LFP,100.0,287,0.309,24.0,56.0,23.08,-4.6,38.2,Moderate,2,517.0,246.9,33.9,27.65,93.91,345.1,Healthy
NMC,45.0,616,0.214,25.0,58.3,27.54,-7.3,122.6,Eco,1,476.0,150.7,33.7,30.96,86.49,126.8,Normal Wear
NMC,64.0,1031,0.67,24.8,70.2,39.67,40.3,76.3,Moderate,1,289.9,307.6,32.3,20.61,77.17,242.7,Degradation Warning
LFP,100.0,85,0.69,33.9,61.0,18.56,-3.7,72.6,Eco,0,146.9,250.3,38.1,19.37,97.05,496.2,Healthy
NMC,64.0,152,0.221,12.0,55.8,21.65,18.1,31.4,Aggressive,1,1009.6,157.5,34.9,23.06,94.08,262.7,Healthy
NMC,100.0,935,0.259,25.7,90.4,36.07,17.4,82.0,Moderate,1,618.7,254.7,39.1,19.77,82.01,416.4,Normal Wear
NMC,100.0,101,0.241,31.5,47.1,17.93,10.9,89.5,Moderate,1,291.4,190.0,33.9,21.6,94.94,440.3,Healthy
NMC,45.0,1001,0.758,31.2,62.2,41.38,11.7,72.3,Eco,0,511.4,93.4,36.1,15.57,75.66,221.7,Degradation Warning
NMC,64.0,1371,0.669,22.1,40.2,45.37,14.7,116.0,Aggressive,1,727.0,235.3,31.7,34.85,74.54,135.2,Replacement Required
LFP,100.0,1141,0.11,37.4,84.4,37.8,-4.8,99.2,Eco,1,863.7,409.1,35.8,28.04,81.7,293.3,Normal Wear
LFP,45.0,604,0.716,18.7,49.3,31.99,31.1,28.9,Aggressive,2,744.1,157.2,38.5,22.49,87.26,174.3,Normal Wear
NMC,58.0,346,0.079,24.9,82.5,23.51,9.6,79.3,Moderate,1,280.8,224.4,35.6,19.59,90.86,273.8,Healthy
LFP,82.0,561,0.253,25.1,48.2,27.05,2.7,124.4,Moderate,1,132.5,357.5,33.8,33.64,90.1,217.8,Healthy
NMC,100.0,1168,0.785,25.1,62.9,43.62,6.5,45.0,Moderate,2,88.5,402.4,30.3,23.48,75.51,323.7,Degradation Warning
LFP,75.0,229,0.741,35.2,80.1,24.43,21.8,86.7,Eco,2,129.6,89.6,36.4,14.91,93.18,471.9,Healthy
NMC,45.0,152,0.675,27.1,54.9,22.06,30.3,52.3,Moderate,0,414.9,332.4,38.1,18.02,91.83,225.5,Healthy
LFP,45.0,176,0.416,28.9,57.3,20.37,-2.0,62.1,Eco,1,426.0,182.7,35.0,20.08,95.4,212.5,Healthy
LFP,100.0,894,0.307,32.3,76.7,35.73,20.8,28.4,Eco,2,1173.8,107.6,33.1,17.76,85.17,477.5,Normal Wear
NMC,45.0,401,0.755,23.2,50.3,25.13,12.0,93.8,Aggressive,2,27.1,334.5,31.4,26.96,88.64,152.6,Healthy
LFP,58.0,1065,0.576,26.1,92.3,39.92,34.8,101.6,Aggressive,2,758.7,234.8,35.0,30.29,82.31,153.3,Normal Wear
LFP,45.0,993,0.286,37.1,50.4,35.76,39.4,102.3,Aggressive,0,613.4,142.5,35.5,28.74,83.11,128.4,Normal Wear
LFP,82.0,614,0.421,29.3,81.2,29.66,25.3,122.1,Aggressive,1,174.8,321.1,33.7,34.27,88.54,210.0,Healthy
NMC,82.0,491,0.755,20.4,84.1,28.52,20.7,108.8,Aggressive,1,1138.4,147.4,36.5,31.79,85.42,215.8,Normal Wear
LFP,75.0,253,0.773,21.9,60.6,23.25,30.6,45.8,Aggressive,1,973.2,290.2,35.6,24.97,91.74,277.5,Healthy
LFP,58.0,591,0.577,32.4,48.6,29.51,15.8,48.1,Eco,1,265.0,187.0,35.9,15.01,87.61,334.3,Normal Wear
NMC,82.0,790,0.636,20.2,49.1,33.95,-7.1,101.8,Eco,2,350.3,149.4,38.0,27.66,81.13,242.1,Normal Wear
LFP,100.0,1205,0.081,24.2,94.2,39.31,26.5,102.7,Eco,1,240.1,83.9,33.1,18.98,85.75,454.9,Normal Wear
NMC,64.0,320,0.534,28.2,79.9,24.59,20.2,37.3,Eco,1,370.1,124.7,34.2,14.57,90.49,393.8,Healthy
NMC,64.0,325,0.601,27.1,64.8,25.86,-2.1,25.7,Aggressive,1,273.5,397.1,37.1,29.51,90.72,192.6,Healthy
NMC,64.0,21,0.066,35.9,54.2,17.6,1.1,65.1,Aggressive,1,309.4,227.7,34.5,27.13,97.97,236.4,Healthy
NMC,100.0,290,0.725,12.3,41.0,25.23,2.0,94.5,Moderate,0,619.9,365.8,38.1,26.12,89.72,348.7,Healthy
NMC,45.0,440,0.793,29.9,76.9,27.3,28.1,111.7,Eco,2,405.0,336.2,32.9,22.26,85.21,169.7,Normal Wear
NMC,100.0,1186,0.24,25.3,92.6,41.09,17.0,41.5,Moderate,1,587.8,312.2,37.6,19.54,78.77,399.7,Degradation Warning
LFP,45.0,719,0.727,34.9,45.9,34.06,-7.5,106.5,Moderate,0,36.8,327.9,36.8,27.73,83.67,133.6,Normal Wear
NMC,64.0,883,0.582,25.6,81.5,34.96,33.6,93.4,Aggressive,0,889.8,128.7,35.9,26.64,79.99,193.5,Degradation Warning
NMC,75.0,979,0.515,25.8,48.4,37.76,23.5,41.6,Moderate,0,1113.9,156.3,38.8,19.47,80.13,306.0,Normal Wear
NMC,75.0,1013,0.725,27.0,83.6,40.42,28.1,112.3,Moderate,2,1195.7,342.5,34.7,28.57,77.03,199.6,Degradation Warning
NMC,45.0,1029,0.278,23.0,60.4,36.24,38.7,118.3,Moderate,1,240.7,303.8,37.9,28.38,81.46,131.6,Normal Wear
LFP,64.0,898,0.683,23.5,79.2,36.38,3.5,51.6,Eco,1,460.8,354.1,35.5,20.07,82.54,259.9,Normal Wear
LFP,100.0,711,0.302,26.1,90.9,31.12,20.7,39.9,Moderate,1,1168.4,310.0,37.8,21.23,87.94,415.4,Normal Wear
LFP,75.0,886,0.68,36.9,74.1,36.45,29.5,121.8,Moderate,2,254.5,344.9,36.7,28.49,80.25,210.2,Normal Wear
NMC,45.0,1080,0.411,24.1,90.6,37.21,16.7,27.3,Aggressive,2,647.4,274.0,35.6,22.68,78.39,158.5,Degradation Warning
NMC,100.0,126,0.144,22.9,52.9,21.2,15.3,119.8,Aggressive,0,959.1,355.9,33.5,36.0,94.69,272.6,Healthy
NMC,64.0,1340,0.355,24.6,93.8,43.21,38.3,46.6,Moderate,2,34.2,183.3,33.7,18.69,75.47,253.6,Degradation Warning
NMC,58.0,1140,0.237,27.0,88.0,38.38,2.7,68.8,Moderate,0,126.1,93.8,36.1,18.61,82.01,253.6,Normal Wear
NMC,64.0,300,0.13,37.8,45.9,21.33,24.0,55.8,Eco,1,235.9,140.5,38.7,14.14,91.14,411.2,Healthy
LFP,64.0,1153,0.138,22.4,62.7,38.76,40.5,40.4,Eco,0,546.7,123.1,34.7,16.79,86.05,326.4,Normal Wear
NMC,100.0,568,0.674,42.0,91.0,30.78,1.4,60.2,Aggressive,2,18.3,235.3,36.0,28.36,82.12,290.2,Normal Wear
LFP,100.0,571,0.755,29.7,44.3,29.65,14.0,78.9,Moderate,2,517.5,386.6,35.0,21.34,89.24,420.3,Healthy
NMC,82.0,207,0.792,21.0,65.0,25.39,40.7,34.4,Moderate,0,193.8,178.8,37.4,18.58,90.83,399.2,Healthy
NMC,82.0,771,0.733,23.7,79.8,33.1,-8.1,105.9,Aggressive,1,1019.7,251.0,34.6,36.0,80.01,182.2,Normal Wear
